"","X.1","X","name","locus_shorthand","seq_f","primer_length_f","seq_r","primer_length_r","F_qual","R_qual","tapestation_amplicon_length_F","tapestation_amplicon_length_R","max_amplicon_length","min_amplicon_length","max_trim","overlap","db_name","known_hashes_name"
"1",1,1,"MV1","MV1","CGTGCCAGCCACCGCG",16,"GGGTATCTAATCCYAGTTTG",20,NA,NA,215,202,202,150,NA,10,NA,NA
"2",2,2,"MV3","MV3","AGACGAGAAGACCCTRTG",18,"GGATTGCGCTGTTATCCC",18,NA,NA,245,245,245,150,NA,10,NA,NA
"3",3,3,"MFU","MFU","GCCGGTAAAACTCGTGCCAGC",21,"CATAGTGGGGTATCTAATCCCAGTTTG",27,30,30,222,222,185,163,110,20,"MURI_MFU.fasta","MFU_prev_hashes.csv"
"4",4,4,"DL","DL","TCACCCAAAGCTGRARTTCTA",21,"GCGGGTTGCTGGTTTCACG",19,29,25,429,429,475,300,450,12,"Cetacean_DL_Baker_NWFSC_NPacflt_root.fasta","DL_prev_hashes.csv"
"5",5,5,"C16","C16","GACGAGAAGACCCTAWTGAGCT",22,"AAATTACGCTGTTATCCCT",19,NA,NA,249,249,420,170,170,12,"ceph_C16_sanger.fasta","C16_prev_hashes.csv"
"6",6,6,"C18","C18","CGCGGCGCTACATATTAGAC",20,"GCACTTAACCGACCGTCGAC",20,NA,NA,200,200,240,120,120,20,NA,NA
"7",7,7,"LRY","LRY","GGWACWGGWTGAACWGTWTAYCCYCC",26,"TAIACYTCIGGRTGICCRAARAAYCA",26,NA,NA,313,313,313,300,NA,NA,NA,NA
"8",8,8,"DLL1","DLL1","CACCCAAAGCTGRARTTCTDYATAAACT",28,"GCGGGTTGCTGGTTTCACG",19,29,25,429,429,475,200,450,12,"Cetacean_DL_Baker_NWFSC_NPacflt_root.fasta","DL_prev_hashes.csv"
"9",9,9,"DLL1N","DLL1N","CACCCAAAGCTGRARTTCTDYATAAACT",28,"NNGGGNTGNTGGNNTCACG",19,29,25,429,429,475,200,450,12,"Cetacean_DL_Baker_NWFSC_NPacflt_root.fasta","DL_prev_hashes.csv"
"10",10,10,"DLL2","DLL2","CACCCAAAGCTGRRRTTCTDYWYAAACT",28,"GCGGGTTGCTGGTTTCACG",19,29,25,429,429,475,200,450,12,"Cetacean_DL_Baker_NWFSC_NPacflt_root.fasta","DL_prev_hashes.csv"
"11",11,11,"DLM1","DLM1","CACCCAAAGCTGRARTTCT",19,"GCGGGTTGCTGGTTTCACG",19,29,25,429,429,475,200,450,12,"Cetacean_DL_Baker_NWFSC_NPacflt_root.fasta","DL_prev_hashes.csv"
"12",12,12,"DLM2","DLM2","CACCCAAAGCTGRRRTTCT",19,"GCGGGTTGCTGGTTTCACG",19,29,25,429,429,475,200,450,12,"Cetacean_DL_Baker_NWFSC_NPacflt_root.fasta","DL_prev_hashes.csv"
"13",13,13,"MDL","MDL","CCAAAGCCAGGATTCTTAGTTAAAC",25,"GCATTAAGAAATGGACTTGTTGG",23,29,25,NA,NA,400,250,400,20,NA,NA
