,Kingdom,Phylum,Class,Order,Family,Genus,Species,,Species from v2,,
CACCGCGGTTAGACGAATGACCCAAGTTGACAGAATACGGCGTAAAGGGTGGTTAGGGAATATTAATACTAAAGCCGAACACCTTCCAAGCTGTTATACGCTTATGAAGAACTGAAGCACAACTACGAAAGTGGCTTTAAAACACCTGAACCCACGAAAGCTAAGAAA,Eukaryota,Chordata,Actinopteri,Carangiformes,Coryphaenidae,Coryphaena,Coryphaena hippurus,,Coryphaena hippurus,,TRUE
TACCGCGGTTATACGAGAGGCCCAAGTTGATAAGCATCGGCGTAAAGAGTGGTTATGGTTAAATAAATACTAAAGCTGAACACTTACAAAGCTGTTATACGCTCCCGAAAATAAGAAGAACAACTACGAAAGTGGCTTTATTACACCCGAACCCACGAAAGCCAAGGCA,Eukaryota,Chordata,Actinopteri,Perciformes,Serranidae,Paranthias,Cephalopholis colonus,,Cephalopholis colonus,,TRUE
CACCGCGGTCATACGATTAACCCAAATTAATAGATCCACGGCGTAAAGAGTGTTTAAGAAAAAAAACCACAATAGAGTTAAATTATAACTAAGCTGTAAAAAGCCCTAGTTAAAATAAAATAACCCACGAAAGTGACTCTAATAATCCTGACACACGATAGCTAGGACC,Eukaryota,Chordata,Mammalia,Artiodactyla,Suidae,Sus,Sus scrofa,,Sus scrofa,,TRUE
CACCGCGGTTATACGAAAGGCCCAAGTTGAAAGACATTCGGCGTAAAGGGTGACTAAGGACCTATCTCAAACTAGAGCTGAATTTCTTCAAAGCTGTTATACGCTCATGAAAACTAGAAAATCGACCACGAAAGTGGCTCTAATCCCCCCCTGACACCACGAAAGCTATGACA,Eukaryota,Chordata,NA,NA,NA,NA,NA,,NA,,TRUE
CACCGCGGTTATACGAGAGGCCCAAGCTGATAATTATCGGCGTAAAGAGTGGTTAAGATTAATTAAAGACTAAAGCCGAAAACCCCCATAGCTGTTATACGCACCCGGGGGAAAGAAGCCCAATTACGAAAGTGGCTTTACAACATCTGAACCCACGAAAGCTAGGGTA,Eukaryota,Chordata,Actinopteri,Lutjaniformes,Haemulidae,Haemulon,Haemulon flaviguttatum,,Haemulon flaviguttatum,,TRUE
CACCGCGGTTATACGAGAGGCTCAAGTTGACAGACAACGGCGTAAAGAGTGGTTAAGGAACTTATTAAACTAAAGCCGAACGCCCTCAGAACTGTTATACGTTTCCGAAGGTAAGAAGCCCCACCACGAAAGTGACTTTATTTTCCCCGACTCCACGAAAGCTGCGGAA,Eukaryota,Chordata,Actinopteri,NA,Pomacentridae,Abudefduf,Abudefduf vaigiensis,,Abudefduf vaigiensis,,TRUE
CACCGCGGTTATACGAGAGGCTCAAGTTGACAGACAACGGCGTAAAGAGTGGTTAAGGAAAATATTTAACTAAAGCGGAACTCCCTCATTGCTGTCATACGCTTCCGAGAGAATGAACCCCAACTACGAAGGTGGCTTTATAAAACCTGAACCCACGAAAGCTAAGAAA,Eukaryota,Chordata,Actinopteri,Carangiformes,Carangidae,Decapterus,Decapterus macrosoma,,Decapterus macrosoma,,TRUE
CACCGCGGTTATACGAGAGGTCCAAGTTGATAGAAACCGGCGTAAAGAGTGGTTAGGATGATTTCACTTTACTAAAGCCAAACACCTTCAGAACTGTTATACGTACCCGAAGGCATGAAGAACCACTACGAAAGTGGCTTTATAAACCCTGAACCCACGAAAGCTATGTCA,Eukaryota,Chordata,Actinopteri,Holocentriformes,Holocentridae,Myripristis,Myripristis pralinia,,Myripristis pralinia,,TRUE
CACCGCGGTTATACGAGAGGCCCAAGTTGATAGCCACCGGCGTAAAGAGTGGTTAAGAAATTTATAACAAATTAGAGCCGAACGCTTTCAAGGCTGTTATACGCACCCGAAAGTAAGAAGCACGACAACGAAAGTGACTCTATTAATTCCGAACCCACGAAAGCTAAGGTA,Eukaryota,Chordata,Actinopteri,Tetraodontiformes,Balistidae,Balistes,Balistes polylepis,,Balistes polylepis,,TRUE
CACCGCGGTCACACGATTAACCCAAGTCAATAGAAGCCGGCGTAAAGAGTGTTTTAGATCACCCCCTCCCCAATAAAGCTAAAACTCACCTGAGTTGTAAAAAACTCCAGTTGACACAAAATAGACTACGAAAGTGGCTTTAACATATCTGAACACACAATAGCTAAGACC,Eukaryota,Chordata,Mammalia,Primates,Hominidae,Homo,Homo sapiens,,Homo sapiens,,TRUE
CACCGCGGTTAGACGAGAGGCCTAAGTTGATAGTTACCGGCGTAAAGAGTGGTTAAGGAGACCCTAAAACTAAAGCCGAACGTTTTCACTGCTGTTTAACGCATCCGAAAATAAGAAGCTCCACCACGAAAGTGGCTTTAACCCACCTGACCCCACGAAAACTGTGAAA,Eukaryota,NA,NA,NA,NA,NA,NA,,NA,,TRUE
CACCGCGGTTAGACGAGAGACCCAAGTGGATGGCCCTCGGCGTAAAGAGTGGTTAAGATAACTTTAAACTAAGGCCAAACGACTTTTTAGCTGTTATACGCGCGAGAAGACATGAAGCCCAACTACGAAAGTGGCCTTAAGTTCCTGACCCCACGAAAGCTAGGACA,Eukaryota,Chordata,Actinopteri,Labriformes,Labridae,Thalassoma,Thalassoma lucasanum,,Thalassoma lucasanum,,TRUE
CACCGCGGTTATACGAGAGGCCCAAGTTGATAGGTACCGGCGTAAAGGGTGGTTAGGGATAACTATAAAATAAAGCCGAATATCTTCAACGCTGTTATACGCCCTCGAAGATTCGAAGCCCCATTACGAAAGTAGCTTTACCTTCCCCCGAACCCACGAAAGCCAGGGTA,Eukaryota,Chordata,NA,NA,NA,NA,NA,,NA,,TRUE
CACCGCGGTTATACGAGAGGCCCAAGCTGATAATTATCGGCGTAAAGAGTGGTTAAGATTAATTAAAAACTAAAGCCGAAAACCCCCATAGCTGTTATACGCACCCGGGGGAAAGAAGCCCAATTACGAAAGTGGCTTTACAACATCTGAACCCACGAAAGCTAGGGTA,Eukaryota,Chordata,Actinopteri,Lutjaniformes,Haemulidae,Haemulon,Haemulon flaviguttatum,,Haemulon flaviguttatum,,TRUE
CACCGCGGTTATACGAAAGGCCCAAGTTGATGGACTCGGCGTAAAGAGTGGTTATGGGTTAAATTTAGACTAAAGCTAAAGGCCACCCAAGCCGTTATACGCATACGATGGTTCGAACCACCTTAACGAAAGTAGCTTTACCCCCTCCAGCCAGAATCCACGACAGCTGGGGAA,Eukaryota,Chordata,Actinopteri,Clupeiformes,Clupeidae,Harengula,Harengula thrissina,,Harengula thrissina,,TRUE
CACCGCGGCCATACGAGTGAGCCCAAGCGGACAGTCTGTCGGCGTAAAGCGTGGTTAGAGGTAAAGACCAACTAAAGCTAAACCCCATCAAAGCCGTAATACGCACCCGATGATGTGAGACCCAACCACGAAAGTAGCTTTAAATAAACCCGAACCCACGAGAGCCGAGGAA,Eukaryota,Chordata,Actinopteri,Myctophiformes,Myctophidae,Benthosema,Benthosema pterotum,,Benthosema pterotum,,TRUE
CACCGCGGTTATACGAGAGGCTCAAGTTGACAGACAACGGCGTAAAGAGTGGTTAAGGAGCCTTTTAAACTAAAGCCGAACCTCCTCAGAGCTGTTATACGTTCCCGAGGATATGAAGCTCCTCCACGAAAGTGGCTTTATTTACCCTGACTCCACGAAAGCTGTGAAA,Eukaryota,Chordata,Actinopteri,NA,Pomacentridae,Chromis,Chromis atrilobata,,Chromis atrilobata,,TRUE
CACCGCGGTTATACGAGAGGCCCAAGTTGACAGACACGGCGTAAAGAGTGGTTAGGCAACCCCTCCCCCTTCTACACACTAAAGTCGAACGCCCTCAAGGCTGTTATACGCCCTACGAAGGCAAGAAGCCCGTCCACGAAAGTGACTTTATTCTACCTGACTCCACGAAAGCTGTGGTA,Eukaryota,Chordata,Actinopteri,NA,Pomacentridae,Stegastes,Stegastes rectifraenum,,Stegastes rectifraenum,,TRUE
CACCGCGGTCATACGATTAACCCAAGCTAACAGGAGTACGGCGTAAAACGTGTTAAAGCACCATACCAAATAGGGTTAAATTCTAACTAAGCTGTAAAAAGCCATGATTAAAATAAAAATAAATGACGAAAGTGACCCTACAATAGCCGACGCACTATAGCTAAGACC,Eukaryota,Chordata,Mammalia,Artiodactyla,Bovidae,Bos,Bos taurus,,Bos taurus,,TRUE
CACCGCGGTTATACGAGAGGCCCAAGTTGATAGACTCCGGCGTAAAGAGTGGTTAAGACACATCTACAAAACTAAAGCCGAACGCCCTCAGGGCTGTTATACGCTCCCGAAGGTAAGAAGTTCAATCACGAAAGTGGCTTTATACCAACTGAACCCACGAAAGCTATGACA,Eukaryota,Chordata,Actinopteri,Centrarchiformes,Kyphosidae,Kyphosus,Kyphosus analogus,,Kyphosus analogus,,TRUE
CACCGCGGTTATACGAGAGGCCCAAGTTGATAAGGTGCGGCGTAAAGAGTGGTTAAGATTACCTAGAAACTAAAGCCGAATGCCCTCAAAGCCGTTATACGCCCCCGAAGGTAAGAAGATCGACTACGAAAGTGACTTTACACTACTGAACCCACGAAAGCTAGGTCA,Eukaryota,Chordata,Actinopteri,Centrarchiformes,Girellidae,Girella,Girella simplicidens,,Girella simplicidens,,TRUE
TACCGCGGTTATACGAGAGGCCCAAGTTGACAGGCTCCGGCGTAAAGCGTGGTTAAGGAACAATAAACACTAAAGCTGAACGCTTACTAGGCTGTTATACGCTCCCGAAAGTAAGAAGAACATCCACGAAGGTGGCTTTACCTTACCTGAACCCACGAAAGCTAAGGCA,Eukaryota,NA,NA,NA,NA,NA,NA,,NA,,TRUE
CACCGCGGTTATACGAGAGGCCCAAGTTGACAGACACCGGCGTAAAGCGTGGTTAAGGTAAACTAAAACTAAAGCCGAATACCTTCAGGGCAGTTATACGCATCCGAAGGCACGAAGCCCCACCACGAAAGTGGCTTTATGACCCCTGACCCCACGAAAGCTATGACA,Eukaryota,Chordata,Actinopteri,Scombriformes,Scombridae,Euthynnus,Euthynnus affinis,,Euthynnus affinis,,TRUE
CACCGCGGTTATACGAGAGGCCCAAGCTGATAGTTATCGGCGTAAAGAGTGGTTAAGATTAATTAAAGACTAAAGCCGAAAACCCCCATAGCTGTTATACGCACCCGGGGGAAAGAAGCCCAATTACGAAAGTGGCTTTACAACATCTGAACCCACGAAAGCTAGGGTA,Eukaryota,Chordata,Actinopteri,Lutjaniformes,Haemulidae,Haemulon,Haemulon flaviguttatum,,Haemulon flaviguttatum,,TRUE
CACCGCGGTTATACGAGAGACCCAAGTGGATGGTCTTCGGCGTAAAGAGTGGTTAAGATAAAACCTAAAACTAAAGCCAAATAACTTCAAAGCTGTCATACGCGAATGAAGAAAAGAAACTCAACCACGAAAGTGGCTTTAAACTCCTGACTCCACGAAAGCTATGATA,Eukaryota,Chordata,NA,NA,NA,NA,NA,,NA,,TRUE
CACCGCGGTTATACGAGAGGCTCAAATTGACACCCCTTCGGCGTAAAGTGTGGTTAATTATATTATATTACTAAAGCTAAACGTCCTCAGAGCTGTTATACGTTTATGATGATATGAAAACCCCTTACGAAAGTTGCTTTATATTGTTGATGCCACTATAGCTGAGAAA,Eukaryota,Chordata,Actinopteri,Blenniiformes,Gobiesocidae,Tomicodon,Tomicodon boehlkei,,Tomicodon boehlkei,,TRUE
CACCGCGGTCATACGATTAACCCAAACTAACGGGCTCACGGCGTAAAGCGTGTAAAAGATCTACCTACACTAAAGTTAAAATTTAACCAAGCCGTAAAAAGCTGCCGTTAATACAAAATATACTACGAAAGTGACTTTAATAATTCTGATTACACGATAGCTAAGACC,Eukaryota,Chordata,Mammalia,Carnivora,Otariidae,Zalophus,Zalophus californianus,,Zalophus californianus,,TRUE
CACCGCGGTTATACGAGAGGCCCAAGTTGATAGACTCCGGCGTAAAGAGTGGTTAAGATACATTTATTAAAACTAAAGCCGAACGCCTTCAGGGCTGTAATACGCTCCCGAAGATAAGAAGTTCAACCACGAAAGTGGCTTTATACCCACTGAACCCACGAAAGCTATGACA,Eukaryota,Chordata,Actinopteri,Centrarchiformes,Kyphosidae,Kyphosus,Kyphosus azureus,,Kyphosus azureus,,TRUE
CACCGCGGTTATACGAGAGGCCCAAGTTGATAAGCCCGGCGTAAAGAGTGGTTATGGACAAACTTCCTCACTAAAGCTAAAGACCCCTTAGGCTGTTATACGCACCTGGGGGCTCGAACCACCTATACGAAAGTAGCTTTATTCTATTCCACCAGAATCCACGACAGCTGGGGCA,Eukaryota,Chordata,Actinopteri,Clupeiformes,Clupeidae,Opisthonema,Opisthonema libertate,,Opisthonema libertate,,TRUE
CACCGCGGTTATACGAGAGACCCAAGTTGTTAGACACCGGCGTAAAGAGTGGTTAGGTTTGAATCTTAAACTAAAGCCGAACATCTTCAAAGCTGTTATACGCACCCGAAGACAAGAAGTTCAATCACGAAAGTGGCTTTACCTCAACTGAACCCACGAAAGCTAGGACA,Eukaryota,Chordata,NA,NA,NA,NA,NA,,NA,,TRUE
CACCGCGGTTATACGGGGGGCCCAAGTTGATAGAAGCCGGCGTAAAGGGTGGTTAAGAGCAAATTTAAAATTAGAGCCGAATGCTTTCCTGGCTGTTATACGCATCCGAAAGTAAGAAGTCCAATTACGAAAGTAGCTTTATATAATCTGAACCCACGAAAGCTAAGACA,Eukaryota,Chordata,Actinopteri,Spariformes,Sparidae,Calamus,Calamus brachysomus,,Calamus brachysomus,,TRUE
CACCGCGGTTATACGAGAGACCCAAGTTGATAAGAACCGGCGTAAAGAGTGGTTATGAACAACCCCAAAACTAAAGCCAAATGCCCCCAAAGCTGTTATACGCACTCGGGAGCCAGAAACCCAACCACGAAAGTGGCTTTATATTGCCTGAACCCACGAAAGCTATGATA,Eukaryota,Chordata,Actinopteri,Labriformes,Labridae,Bodianus,Bodianus diplotaenia,,Bodianus diplotaenia,,TRUE
CACCGCGGTTATACGAGAGGCTCAAATTGAAGTTTCACGGCGTAAAGTGTGATTAGAGGAAACAAAAACTAAAGCCAAACATCTCCCAAGCTGTCATACGCTAACGGAACCAGAGGCCCCCCAACGAAAGTAGCTTTAAAATTCTTGAACTCACGACCATTAAGAAA,Eukaryota,Chordata,Actinopteri,Anguilliformes,Congridae,Heteroconger,Heteroconger sp. KAUM:I:95673,,Heteroconger sp. KAUM:I:95673,,TRUE
CACCGCGGTTATACGAGAGGCCCAAGCTGATAGTCACCGGCGTAAAGAGTGGTTAAGATTAATTGAATACTAAAGCCGAAAGCCCTCACAGCTGTTATACGCACTCGAGGGTAAGAAGCCCAACTACGAAAGTGGCTTTACAACATCTGAACCCACGAAAGCTAGGGCA,Eukaryota,Chordata,Actinopteri,Lutjaniformes,Haemulidae,Microlepidotus,Microlepidotus inornatus,,Microlepidotus inornatus,,TRUE
CACCGCGGTTATACGAGAGACCCAAGTTGTTAGACACCGGCGTAAAGAGTGGTTAGGTTTGAATCTTAAACTAAAGCCGAACATCTTCAAAGCTGTTATACGCACCCGAAGACAAGAAGTTCAATCACGAAAGTGGCTTTACCTCAACTGAACCCACGAAAGCTAGGATA,Eukaryota,Chordata,NA,NA,NA,NA,NA,,NA,,TRUE
CGCCGCGGCTATACGAGAGGCTCAAGTCGATAGATTCCGGCGTAAAGGGTGGTTAGGGAGCCACAACCCCTAGAGAAGAACGCTCTTCAAGCTGTTATACGCCCCAAGAGTGTGAAATCCTGACACGAAAGCAACTCTACTTTGACCTGAACCCACGACAGCTCCGGCA,Eukaryota,Chordata,Actinopteri,Aulopiformes,Synodontidae,Synodus,Synodus lacertinus,,Synodus lacertinus,,TRUE
CACCGCGGTTATACGAGAGGCCCGAGTTGATAAGCACTCGGCGTAAAGGGTGGTTAAAATAACCTCACACTAAAGCCGAACACCCTCACGACTGTCGTACGTTTCCGAGGGTGGGAAGATCCACTACGAAAGTGGCTTTAATACTTTTGACCCCACGAAAGCTGCGGAA,Eukaryota,Chordata,Actinopteri,Blenniiformes,Labrisomidae,Malacoctenus,Malacoctenus triangulatus,,Malacoctenus triangulatus,,TRUE
CACCGCGGTTAGACGAATGACCCAAGTTGACAGAATACGGCGTAAAGGGTGGTTAGGGAATATTAATACTAAAGCCGAACACCTTCCAAGCTGTTATACGCTTATGAAGAACTGAAGCACAACTACGAGAGTGGCTTTAAAACACCTGAACCCACGAAAGCTAAGAAA,Eukaryota,Chordata,Actinopteri,Carangiformes,Coryphaenidae,Coryphaena,Coryphaena hippurus,,Coryphaena hippurus,,TRUE
CACCGCGGTTAGACGAATGACCCAAGTTGACAGAATACGGCGTAAAGGGTGGTTAGGGAATATTAATACTAAAGCCGAACACCTTCCAAGCTGTTATACGCTTATGAAGAACTGAAGCACAACTACGAAAGTGGCTTCAAAACACCTGAACCCACGAAAGCTAAGAAA,Eukaryota,Chordata,Actinopteri,Carangiformes,Coryphaenidae,Coryphaena,Coryphaena hippurus,,Coryphaena hippurus,,TRUE
CACCGCGGTTATACGAGAGGCCCAAGTTGACAAAAGCCGGCGTAAAGAGTGGTTAGTAGTATATATACTAAAGCCGAACACCTTCAAGGCTGTTATACGCACCCGAAGGCAGGAAGCCCTGCTACGAAAGTGGCTTTAAACCAGTATGAACCCACGAAAGCTAGGAAA,Eukaryota,Chordata,Actinopteri,Gobiiformes,Gobiidae,Bollmannia,Bollmannia boqueronensis,,Bollmannia boqueronensis,,TRUE
CACCGCGGTTATACATGAGACACGAGTTGAAACACTTCGGCAAAAAGGTGATAATTTCTCAACGGGGTTGACGCTCTCTCAAGCAGTAACAAGCTAACAGACCCCTAAACACAACACCCTAACCCCGAAATATCCGCGCCTAAAAAATCATCAAAGCTCAAAGA,Eukaryota,Echinodermata,Asteroidea,Valvatida,Oreasteridae,Pentaceraster,Pentaceraster mammillatus,,Pentaceraster mammillatus,,TRUE
CACCGCGGTTATACGAGAGGCCCAAGTTGATAGACTCCGGCGTAAAGAGTGGTTAAGATACATCTACAAAACTAAAGCCGAACGCCCTCAGGGCTGTTATACGCTCCCGAAGGTAAGAAGTTCAATCACGAAAGTGGCTTTATATTAGCTGAACCCACGAAAGCTATGACA,Eukaryota,Chordata,Actinopteri,Centrarchiformes,Kyphosidae,Kyphosus,Kyphosus ocyurus,,Kyphosus ocyurus,,TRUE
TACCGCGGTTATACGAGAGACCTAAGTTGTTAAGCCCCGGCGTAAAGAGTGGGCAAACCCCAAACACCTAAACTGAGGCCGAACACCCTCAAAGCAGTTATACGCTCCCGAGGGCATGAAGAACAACTACGAAAGTAGCCTCACCCCACTTGAACCCACGAAAGCTAGGGTA,Eukaryota,Chordata,Actinopteri,Tetraodontiformes,Tetraodontidae,Canthigaster,Canthigaster janthinoptera,,Canthigaster janthinoptera,,TRUE
CACCGCGGTTAGACGAATGACCCAAGTTGACAGAATACGGCGTAAAGGGTGGTTAGGGAATATTAATACTGAAGCCGAACACCTTCCAAGCTGTTATACGCTTATGAAGAACTGAAGCACAACTACGAAAGTGGCTTTAAAACACCTGAACCCACGAAAGCTAAGAAA,Eukaryota,Chordata,Actinopteri,Carangiformes,Coryphaenidae,Coryphaena,Coryphaena hippurus,,Coryphaena hippurus,,TRUE
CACCGCAGTCACACGATTAACCCAAGTCAATAGAAGCCGGCGTAAAGAGTGTTTTAGATCACCCCCTCCCCAATAAAGCTAAAACTCACCTGAGTTGTAAAAAACTCCAGTTGACACAAAATAGACTACGAAAGTGGCTTTAACATATCTGAACACACAATAGCTAAGACC,Eukaryota,Chordata,Mammalia,Primates,Hominidae,Homo,Homo sapiens,,Homo sapiens,,TRUE
CACCGCGGTTATACGAGAGGCCCAAGTTGATAGACTCCGGCGTAAAGAGTGGTTAAGACTCATCTACAAAACTAAAGCCGAACGCCCTCAGCGCTGTTATACGCTCCCGAAGGTAAGAAGTTCAATCACGAAAGTGGCTTTATATCAGCTGAACCCACGAAAGCTATGACA,Eukaryota,Chordata,Actinopteri,Centrarchiformes,Kyphosidae,Kyphosus,NA,,NA,,TRUE
CACCGCGGTTATACGAAAGGCCCAAGTTGAAAAACATTCGGCGTAAAGGGTGGCTAAGGGCCTATTTTAAACTAGAGCTGAATTTCTTCAAAGCTGTTATACGCTCATGAAAACTAGAAAATCAACCACGAAAGTGGCTCTAATCTCTCCTGACACCACGAAAGCTATGACA,Eukaryota,Chordata,Actinopteri,Labriformes,Labridae,Scarus,Scarus ghobban,,Scarus ghobban,,TRUE
CACCGCGGTTATACGAATGGCCCAAGTTGACCGACTTCCGGCGTAAAGAGTGGTTAGATATAATTTTTACTAAAGCTGAATGCCTTCAACGCTGTTATACGTTTCCGAGGACAAGAAACCCAACTACGAAAGTGGCTTTATTAAATTGAACCCACGAAAGCTGTGAAA,NA,NA,NA,NA,NA,NA,NA,,NA,,TRUE
CACCGCGGTTATACGAGAGGCCCAAGTTGACAGACACCGGCGTAAAGCGTGATTAAGGTAAACTAAAACTAAAGCCGAATACCTTCAGGGCAGTTATACGCATCCGAAGGCACGAAGCCCCACCACGAAAGTGGCTTTATGACCCCTGACCCCACGAAAGCTATGACA,Eukaryota,Chordata,Actinopteri,Scombriformes,Scombridae,Euthynnus,Euthynnus affinis,,Euthynnus affinis,,TRUE
CACCGCGGTTATACGAGAGGCTCAAGTTGACAATAATTCGGCGTAAAGAGTGGTTAAATTAACTGATAACTAAAGCCGAACGCCCTCACAACTGTTATACGTATTCGAGGGTTAGAAGCACTAATACGAAAGTAGCTTTAACATTTTGACCCCACGAAAGCTGGGAAA,NA,NA,NA,NA,NA,NA,NA,,NA,,TRUE
CACCGCGGTTATACGAGAGGCCCGAGCTGATAATTGCCGGCGTAAAGAGTGGTTAAGATCAAATAAAAACTAAAGCCAAAAGCCCTCACAGCTGTTATACGCACTCGAGGGTAGGAAGCCCAACTACGAAAGTGGCTTTACAACATCTGAACCCACGAAAGCTAGGGTA,Eukaryota,Chordata,Actinopteri,Lutjaniformes,Haemulidae,Anisotremus,Anisotremus davidsonii,,Anisotremus davidsonii,,TRUE
CACCGCGGTTATACGAGAGACCCAAGTTGATAAGAACCGGCGTAAAGAGTGGTTATGAACAACCCCAAAACTAAAGCCAAATGCCCCCAAAGCTGTTATACGCACTCGGGAGCCAGAAACCCAACCACGAAAGTGGCTTTATATTGCCTGAACCCACGAAAGCTATGGTA,Eukaryota,Chordata,Actinopteri,Labriformes,Labridae,Bodianus,Bodianus diplotaenia,,Bodianus diplotaenia,,TRUE
CACCGCGGTTATACGAGAGGCTCAAGTTGACAATAATTCGGCGTAAAGAGTGGTTAAGTTTACTAATAACTAAGGCCGAACCCCCTCAAAACTGTTATACGTACTCGAGGGTTAGAAGCACTACTACGAAAGTGGCTTTAACATTTTGACACCACGAAAGCTAGGAAA,NA,NA,NA,NA,NA,NA,NA,,NA,,TRUE
CACCGCGGTTATACGAGAGACCCAAGTTGTTAGACACCGGCGTAAAGAGTGGTTAGGTTTGAATCTTAAACTAAAGCCGAACATCTTCAAAGCTGTTATACGCACCCGAAGACAAGAAGTTCAATCACGAAAGTGGCTTTACCTCAACTGAACCCACGAAAGCTAGGGCA,Eukaryota,Chordata,NA,NA,NA,NA,NA,,NA,,TRUE
CACCGCGGTTAGACGAATGACCCAAGTTGACAGAATACGGCGTGAAGGGTGGTTAGGGAATATTAATACTGAAGCCGAACACCTTCCAAGCTGTTATACGCTTATGAAGAACTGAAGCACAACTACGAAAGTGGCTTTAAAACACCTGAACCCACGAAAGCTAAGAAA,Eukaryota,Chordata,Actinopteri,Carangiformes,Coryphaenidae,Coryphaena,Coryphaena hippurus,,Coryphaena hippurus,,TRUE
CACCGCGGTTATACGAGAGACCCAAGTAGATGGCCGCCGGCGTAAAGAGTGGTTAAGATGTGCCCCTACTAAAGCCAAATGACTTCAAAGCTGTCATACGCGCATGAATATACGAAGCCCAACCACGAAAGTGGCTTTAAAACTCTGACTCCACGAAAGCTATGATA,Eukaryota,Chordata,Actinopteri,Labriformes,Labridae,Halichoeres,Halichoeres dispilus,,Halichoeres dispilus,,TRUE
CACCGCGGTTATACGAGAGGCTCAAGTTGACAGACAACGGCGTAAAGAGTGGTTATGGAACTTATTAAACTAAAGCCGAACGCCCTCAGAACTGTTATACGTTTCCGAAGGTAAGAAGCCCCACCACGAAAGTGACTTTATTTTCCCCGACTCCACGAAAGCTGCGGAA,Eukaryota,Chordata,Actinopteri,NA,Pomacentridae,Abudefduf,NA,,NA,,TRUE
CACCGCGGTTATACGAGAGGCTCAAGTTGACAGACAACAGCGTAAAGAGTGGTTAAGGAACTTATTAAACTAAAGCCGAACGCCCTCAGAACTGTTATACGTTTCCGAAGGTAAGAAGCCCCACCACGAAAGTGACTTTATTTTCCCCGACTCCACGAAAGCTGCGGAA,Eukaryota,Chordata,Actinopteri,NA,Pomacentridae,Abudefduf,NA,,NA,,TRUE
CACCGCGGTTAGACGAGAGACCCAAGTAGATGGCCCTCGGCGTAAAGAGTGGTTAAGATAACTTTAAACTAAGGCCAAACGACTTTTTAGCTGTTATACGCGCGAGAAGACATGAAGCCCAACTACGAAAGTGGCCTTAAGTTCCTGACCCCACGAAAGCTAGGACA,Eukaryota,Chordata,Actinopteri,Labriformes,Labridae,Thalassoma,Thalassoma lucasanum,,Thalassoma lucasanum,,TRUE
CACCGCGGTTAGACGAATGACCCAAGTTGACAGAATACGGCGTAAAGGGTGGTTAGGGAATATTAATACTAAAGCCGAACACCATCCAAGCTGTTATACGCTTATGAAGAACTGAAGCGCAACTACGAAAGTGGCTTTAAAACACCTGAACCCACGAAAGCTAAGAAA,Eukaryota,Chordata,Actinopteri,Carangiformes,Coryphaenidae,Coryphaena,Coryphaena hippurus,,Coryphaena hippurus,,TRUE
CACCGCGGTTAGACGAATGACCCAAGTTGACAGAATACGGCGTAAAGGGTGGTTAGGGAATATTAATACTAAAGCCGAACACCTTCCAAGTTGTTATACGCTTATGAAGAACTGAAGCACAACTACGAAAGTGGCTTTAAAACACCTGAACCCACGAAAGCTAAGAAA,Eukaryota,Chordata,Actinopteri,Carangiformes,Coryphaenidae,Coryphaena,Coryphaena hippurus,,Coryphaena hippurus,,TRUE
CACCGCGGTTATACGAAAGGCCCAAGTTGAAAAACATTCGGCGTAAAGGGTGTCTAAGGGCCTATTTTAAACTAGAGCTGAATTTCTTCAAAGCTGTTATACGCTCATGAAAACTAGAAAATCAACCACGAAAGTGGCTCTAATCTCTCCTGACACCACGAAAGCTATGACA,Eukaryota,Chordata,Actinopteri,Labriformes,Labridae,Scarus,Scarus ghobban,,Scarus ghobban,,TRUE
CACCGCGGTTATACGAGAGACCCAAGTTGATAGACACCGGCGTAAAGAGTGGTTAAGATTTACCCAAAACTAAAGCCGAACGCCCTCAGAGCTGTTATACGCACCCGAGAGTTAGAAGCCCAACCACGAAAGTGGCTTTAAACAATCTGAACCCACGAAAGCTATGATA,Eukaryota,Chordata,Actinopteri,Lutjaniformes,Lutjanidae,Lutjanus,Lutjanus argentiventris,,Lutjanus argentiventris,,TRUE
TACCGCGGTTATACGAGAGGCCCAAGTTGATAGACATCGGCGTAAAGAGTGGTTAAGGATAAATGATTACTAAAGCTGAACACTTACAAGGCTGTTATACGCTCCCGAAAGTAAGAAGAACAACTACGAAAGTGGCTTTATAATACCTGAACCCACGAAAGCTAAGACA,Eukaryota,Chordata,NA,NA,NA,NA,NA,,NA,,TRUE
CACCGCGGTTATACGAGAGGCCCAAGATGACAGACCCTCGGCGTAAAGAGTGGTTAGAATAAAATGAAACTAAAGCCGAATGTTTTCTAAACTGTTATACGTACTCGAGAACTAGAAGCACCCCTACGAAAGTGGCTTTACTATTTTGAATCCACGAAAGCTATGGCA,Eukaryota,Chordata,NA,NA,NA,NA,NA,,NA,,TRUE
CACCGCGGTCACACGATTAACCCAAGTCAATAGAAACCGGCGTAAAGAGTGTTTTAGATCACCCCCTCCCCAATAAAGCTAAAACTCACCTGAGTTGTAAAAAACTCCAGTTGACACAAAATAGACTACGAAAGTGGCTTTAACATATCTGAACACACAATAGCTAAGACC,Eukaryota,Chordata,Mammalia,Primates,Hominidae,Homo,Homo sapiens,,Homo sapiens,,TRUE
CACCGCGGTTATACGAGAGGCTCAAGTTGACAGACAACGGCGTAAAGAGTGGTTAAGGAACTTATTAAACTAAAGCAGAACGCCCTCAGAACTGTTATACGTTTCCGAAGGTAAGAAGCCCCACCACGAAAGTGACTTTATTTTCCCCGACTCCACGAAAGCTGCGGAA,Eukaryota,Chordata,Actinopteri,NA,Pomacentridae,Abudefduf,NA,,NA,,TRUE
CACCGCGGTCACACGATTAACCCAAGTCAATAGAAGCCGGCGTAAAGAGTGTTTTAGATCACCCCCGCCCCAATAAAGCTAAAACTCACCTGAGTTGTAAAAAACTCCAGTTGACACAAAATAGACTACGAAAGTGGCTTTAACATATCTGAACACACAATAGCTAAGACC,Eukaryota,Chordata,Mammalia,Primates,Hominidae,Homo,Homo sapiens,,Homo sapiens,,TRUE
CACCGCGGTTAGACGAATGACCCAAGTTGACAGAATACGGCGTAAAGGGTGGTTAGGGAATATTAATACTAAAGCCGAACACCTTCCAAGCTGTTATACGCTTATGAAGGACTGAAGCACAACTACGAAAGTGGCTTTAAAACACCTGAACCCACGAAAGCTAAGAAA,Eukaryota,Chordata,Actinopteri,Carangiformes,Coryphaenidae,Coryphaena,Coryphaena hippurus,,Coryphaena hippurus,,TRUE
CACCACGGTTATACGAGAGGCCCAAGTTGATAGCCAGCGGCGTAAAGAGTAGTTAAGGGAACCCCTTACTAAAGTCGAACGCCTTCAGAGCTGTTATACGTTACCGAAAGCAAGAAGCCCTACTACGAAAGTGACTTTATATTACCTGACTCCACGAAAGCTGTGAAA,Eukaryota,Chordata,Actinopteri,Atheriniformes,Atherinopsidae,Atherinops,Atherinops affinis,,Atherinops affinis,,TRUE
CACCGCGGTTATACGAGAGGCCCAAGTTGATAGCCAGCGGCGTAAAGAGTGGTTAAGGGAGCCCCTTACTAAAGTCGAACGCCTTCAGAGCTGTTATACGTTACCGAAAGCAAGAAGCCCTACTACGAAAGTGACTTTATATTACCTGACTCCACGAAAGCTGTGAAA,Eukaryota,Chordata,Actinopteri,Atheriniformes,Atherinopsidae,Atherinops,Atherinops affinis,,Atherinops affinis,,TRUE
CACCGCGGTTATACGAGAGGCCCAAGTTGATAGTCAACGGCGTAAAGAGTGGTTAGAAGGAACTTATCACTAAAGCCGAACACCCTCAAGGCTGTTATACGCACCCGAAGGTGAGAAGCTCATCCACGAAAGTGGCTTTATAACCTTGAACCCACGAAAGCTATGAAA,Eukaryota,Chordata,Actinopteri,NA,Sciaenidae,Equetus,Equetus lanceolatus,,Equetus lanceolatus,,TRUE
CACCGCGGTTATACGAGAGGCCCAAGTTGATAATAGCTCGGCGTAAAGAGTGGTTAAAATGAATATATACTAGAGCCGAACCCCCTCAAAACTGTTATACGTACTCGAGGGCTAGAAGTACATTTACGAAAGTAGCTTTAACGTTTTGACCCCACGAAAGCTAGGAAA,NA,NA,NA,NA,NA,NA,NA,,NA,,TRUE
CACCGCGGTTATACGAGAGGCCCAAGTTGATAAGCCCGGCGTAAAGAGTGGTTATGGATGAACCCCCGCACTAAAGCTAAAGACCCCTTAGGCTGTTATACGCACCTGGGGGCTCGAACCACCTATACGAAAGTAGCTTTATTCTCTTCCACCAGAACCCACGACAGCTGGGGCA,Eukaryota,Chordata,Actinopteri,Clupeiformes,Clupeidae,Opisthonema,Opisthonema libertate,,Opisthonema libertate,,TRUE
CACCGCGGTTAGACGAATGACCCAAGTTGACAGAATACAGCGTAAAGGGTGGTTAGGGAATATTAACACTAAAGCCGAACACCTTCCAAGCTGTTATACGCTTATGAAGAACTGAAGCACAACTACGAAAGTGGCTTTAAAACACCTGAACCCACGAAAGCTAAGAAA,Eukaryota,Chordata,Actinopteri,Carangiformes,Coryphaenidae,Coryphaena,Coryphaena hippurus,,Coryphaena hippurus,,TRUE
CACCGCGGTTATACGGGTTAGCCCAAGTTGACAGCCTACGGCGTAAAGCGTGGTTAGGGAGCAAGAACATACTAAAGCCGAATTTTCCTTCAGCTGTTATACGCTCGCAGGAACAAGAAGTTCAACTACGAAAGTGACTTTATTTTTCTACCCCTGAGCCCACGAAAGTTTTGATA,Eukaryota,Chordata,Actinopteri,Centrarchiformes,Cirrhitidae,Cirrhitichthys,Cirrhitichthys oxycephalus,,Cirrhitichthys oxycephalus,,TRUE
AACCGCGGTTATACGAGGGGCCCGAATTGACGCATTACGGCGTAAAGTGTGATTAGAGACAAAACTAAACTAGAACCAAATACCCCTTATGCTGTCATACGCTATGGGGGTCACGAAGCCCAACAACGAAAGTGGTTCTATTAACCTTGAACTCACGACAGCTAAGACA,Eukaryota,Chordata,NA,NA,NA,NA,NA,,NA,,TRUE
CACCGCGGTTATACGAGAGGCTCAAGTTGACAGACAACGGCGTAAAGCGTGGTTAAGGAGAACTCATAACTAAAGCGGAACTTCCTCCTAGCTGTTATACGCTTCCGAGGGAATGAACCCCAACTACGAAAGTGGCTTTACCCCACCTGAACCCACGAAAGCTAAGAAA,Eukaryota,Chordata,Actinopteri,Carangiformes,Carangidae,Caranx,Caranx caballus,,Caranx caballus,,TRUE
CACCGCGGTTATACGAGAGGCCCGAGTCGAAGGAGAACGGCGTAAAGGGTGGTTAACGTTAATACTATCCAAAGTCAAACACCGTCCAAGCTGTTATACGCAATCGACGGCAGGAAGCCCACCCGCGAAAGTGACTTTGAACCACATGACCCCACGAAAGCTAGGCCA,Eukaryota,Chordata,Actinopteri,Gobiiformes,Gobiidae,Lythrypnus,Lythrypnus dalli,,Lythrypnus dalli,,TRUE
CACCGCGGTTATACGAGAGGCTCAAGTTGACAGACAACGGCGTAAAGAGTGGTTAAGGCACCCTTTCCTAAAACTAAAGTCGAACGCCTTCAAGGCTGTTATACGCTCCCGAAGGTAAGAAGTTCCACCACGAAAGTGACTTTATTTCCCCCGACCCCACGAAAGCTGTGACA,Eukaryota,Chordata,NA,NA,NA,NA,NA,,NA,,TRUE
CACCGCGGTTATACGAGAGGCTCAAGTTGACAGACAACGGCGTAAAGAGTGGTTAAGGAAAATATTCAACTAAAGCGGAACCCCCTCATTGCTGTCATACGCTTCCGAGAGGATGAACCCCAACTACGAAGGTGGCTTTATAAAACCTGAACCCACGAAAGCTAAGAAA,Eukaryota,Chordata,Actinopteri,Carangiformes,Carangidae,Decapterus,Decapterus macarellus,,Decapterus macarellus,,TRUE
CACCGCGGTTATACGAAAGGCCCAATTTGATGGACTCGGCGTAAAGAGTGGTTATGGGTTAAATTTAGACTAAAGCTAAAGGCCACCCAAGCCGTTATACGCATACGATGGTTCGAACCACCTTAACGAAAGTAGCTTTACCCCCTCCAGCCAGAATCCACGACAGCTGGGGAA,Eukaryota,Chordata,Actinopteri,Clupeiformes,Clupeidae,Harengula,Harengula thrissina,,Harengula thrissina,,TRUE
CACCGCGGTTATACGAGAGGCTCAAGTTGACAGACAACGGCGTAAAGAGTGGTTAAGGAACTTATTAAACTAAAGCCGAACGCCCTCAGAACTGTTATACGTTTCCGAAGGTAAGAAGCCCCACCACGAAAGTGACTTTATTTTCCCCGACTCCACGAAAGCTGCTGAA,Eukaryota,Chordata,Actinopteri,NA,Pomacentridae,Abudefduf,Abudefduf vaigiensis,,Abudefduf vaigiensis,,TRUE
CACCGCGGTTATACGAGAGGCCTAAGTTAACAGACACCGGCGTAAAGAGTGGTTAAGGAGAAATCAAAACTAAAGCCGAATAACCTCAAGACTGTTATACGTTCCCGAGGACAAGAAGCCCAACTACGAAAGTGGCTTTAATTTTCCCGACTCCACGAAAGCTGTGAAA,Eukaryota,Chordata,Actinopteri,Beloniformes,Hemiramphidae,Hemiramphus,NA,,NA,,TRUE
CACCGCGGTTATACGAGAGGCCCAAGCTGATAATTACCGGCGTAAAGAGTGGTTAAGATTAATTAAAGACTAAAGCCGAAAACCCCCATAGCTGTTATACGCACCCGGGGGAAAGAAGCCCAATTACGAAAGTGGCTTTACAACATCTGAACCCACGAAAGCTAGGGTA,Eukaryota,Chordata,Actinopteri,Lutjaniformes,Haemulidae,Haemulon,Haemulon flaviguttatum,,Haemulon flaviguttatum,,TRUE
CACCGCGGTTAGACGAATGACCCAAGTTGACAGAATACGGCGTAAAGGGTGGTTAGGGAATATTAATACTAAAGCCGAACACCTTCCAAGCTGTTATACGCTTATGAAGAACTGAAGCACAACTACGAAAGTGGCTTTAAAACACCTGAACCAACGAAAGCTAAGAAA,Eukaryota,Chordata,Actinopteri,Carangiformes,Coryphaenidae,Coryphaena,Coryphaena hippurus,,Coryphaena hippurus,,TRUE
CGCCGCGGTTATACGAGATATGGCCCAAGTTGACAGCCTTCGGCGTAAAGGGTGGTTAAGAGAATTAAAGGAAAAAATAAAGCCGAACACCTCTCCTGCTGTTATACGCAATCGGAGATAAAGAAGCCCAATCACGAAAGTAGCTTTACTTCCCCTCCTGAACCCACGAAAGTTATGATA,Eukaryota,Chordata,Actinopteri,Centrarchiformes,Cirrhitidae,Cirrhitus,Cirrhitus pinnulatus,,Cirrhitus pinnulatus,,TRUE
CACAGCGGTTATACGAGAGGCTCAAGTTGACAGACAACGGCGTAAAGAGTGGTTAAGGAACTTATTAAACTAAAGCCGAACGCCCTCAGAACTGTTATACGTTTCCGAAGGTAAGAAGCCCCACCACGAAAGTGACTTTATTTTCCCCGACTCCACGAAAGCTGCGGAA,Eukaryota,Chordata,Actinopteri,NA,Pomacentridae,Abudefduf,NA,,NA,,TRUE
CACCGCGGTTATACGAGAGGCCCAAGTTGATAGACTCCGGCGTAAAGAGTGGTTAAGATACATTTATTAAAACTAAAGCCGAACGCCTTCAGGGCTGTTATACGCTCCCGAAGATAAGAAGTTCAACCACGAAAGTGGCTTTATACCCACTGAACCCACGAAAGCTATGACA,Eukaryota,Chordata,Actinopteri,Centrarchiformes,Kyphosidae,Kyphosus,Kyphosus azureus,,Kyphosus azureus,,TRUE
CACCGCGGTTATACGAGTGACTCAAGTTGATAGATTTCGGCGTAAAGCGTGGCTAAGAAGAGATTAAATTAAAGTCAAATACCGTTACAGCAGTGAAATGTTTATGACGGCAAAGAAGCCCAATCACGAAAGTGGCTTTATTATTTCTGATTCCACGAAAGCTAGGGCA,Eukaryota,Chordata,Actinopteri,Perciformes,Serranidae,Serranus,Serranus psittacinus,,Serranus psittacinus,,TRUE
CACCGCGGTTATACGAGAGGCCCAAGTTGTTAGACATCGGCGTAAAGCGTGGTTAAGATAACTCAAATACTAAAGCCAAACACCACCCCCACTGTTATACGTTCACGGAGGTAGGAAGCCCAATCACGAAAGTAGCTTTATAATATCTGAGCCCACGAAAGCTAGGACA,Eukaryota,Chordata,Actinopteri,NA,Pomacanthidae,Holacanthus,NA,,NA,,TRUE
CACCGCGGTTATACGAGAGGCCCAAGCTGATAATTATCGGCGTAAAGAGTGGTTAAGATTAATTAAAGACTAAAGCCGAAAACCCCCATAGCTGTTATACGCACCCGGAGGAAAGAAGCCCAATTACGAAAGTGGCTTTACAACATCTGAACCCACGAAAGCTAGGGTA,Eukaryota,Chordata,Actinopteri,Lutjaniformes,Haemulidae,Haemulon,Haemulon flaviguttatum,,Haemulon flaviguttatum,,TRUE
CACCGCGGTTAGATGAATGACCCAAGTTGACAGAATACGGCGTAAAGGGTGGTTAGGGAATATTAATACTAAGCCGAACACCTTCCAAGCTGTTATACGCTTATGAAGAACTGAAGCACAACTACGAAAGTGGCTTTAAAACACCTGAACCCACGAAAGCTAAGAAA,Eukaryota,Chordata,Actinopteri,Carangiformes,Coryphaenidae,Coryphaena,Coryphaena hippurus,,Coryphaena hippurus,,TRUE
CACCGCGGTTATACGAGAGGCCCAAGTTGACAGACACGGCGTAAAGAGTGGTTAGGCAACCCCTCCCCCTTCTACACACTAAAGTCGAACGCCCTCAAGGCTGTTATACGCCCTACGAAGGCAAGAAGCCCGTCCACGAAAGTGACTTTATTCCACCTGACTCCACGAAAGCTGTGGTA,Eukaryota,Chordata,Actinopteri,NA,Pomacentridae,Stegastes,Stegastes rectifraenum,,Stegastes rectifraenum,,TRUE
CACCGCGGTTATACGAGAGGCTCGAGTTGACAGACAACGGCGTAAAGAGTGGTTAAGGAACTTATTAAACTAAAGCCGAACGCCCTCAGAACTGTTATACGTTTCCGAAGGTAAGAAGCCCCACCACGAAAGTGACTTTATTTTCCCCGACTCCACGAAAGCTGCGGAA,Eukaryota,Chordata,Actinopteri,NA,Pomacentridae,Abudefduf,NA,,NA,,TRUE
CACCGCGGTTATACGAGAGGCTCAAGTTGACAGACAACGGCGTAAAGAGTGGTTAAGGCACCCTTTCCTAAAACTAAAGTCGAACGCCTTCAAAGCTGTTATACGCTCCCGAAGGTAAGAAGTTCCACCACGAAAGTGACTTTATTCCCCCCGACCCCACGAAAGCTGTGACA,Eukaryota,Chordata,Actinopteri,NA,Pomacentridae,Microspathodon,Microspathodon dorsalis,,Microspathodon dorsalis,,TRUE
CACCGCGGTTATACATGAGACACGAGTTGAAACACTTCGGCAAAAAGGTGATAATTTCTCAACGGGGTTAACGCTCTCTCAAGCAGTAACAAGCTAACAGACCCCTAAACACAACACCCTAACCCCGAAATACCCGCGCCTAAAAAATCATCAAAGCTCAAAGA,Eukaryota,Echinodermata,Asteroidea,Valvatida,Oreasteridae,Pentaceraster,Pentaceraster mammillatus,,Pentaceraster mammillatus,,TRUE
CACCGCGGTTATACATGAGACACAAGTTGAAACACTTCGGCAAAAAGGTGATAATTTCTCAACGGGGTTGACGCTCTCTCAAGCAGTAACAAGCTAACAGACCCCTAAACACAACACCCTAACCCCGAAATATCCGCGCCTAAAAAATCATCAAAGCTCAAAGA,Eukaryota,Echinodermata,Asteroidea,Valvatida,Oreasteridae,Pentaceraster,Pentaceraster mammillatus,,Pentaceraster mammillatus,,TRUE
CACCGCGGTCATACGATTAACCCAAGCTAACAGGAGTACGGCGTAAAACGTGTTAAAGCACCATACCAAATAGGGTTAAATTATAACTAAGCTGTAAAAAGCCATGATTAAAATAAAAATAAATGACGAAAGTGACCCTACAATAGCCGACGCACTATAGCTAAGACC,Eukaryota,Chordata,Mammalia,Artiodactyla,Bovidae,Bos,Bos taurus,,Bos taurus,,TRUE
CACCGCGGTTATACGAGAGGCCCAAGATGACAGACCCTCGGCGTAAAAAGTGGTTAGATTTGATTGTAACTAGAGTCGAACTTTCTCAAAGCTGTTATACGCCCTCGAGAATAGGAATTACTTCCACGAAAGTGGCTTTATTCTATTGAGCCCACGAAAGCTAAGACA,Eukaryota,Chordata,Actinopteri,Blenniiformes,Blenniidae,Entomacrodus,Entomacrodus caudofasciatus,,Entomacrodus caudofasciatus,,TRUE
CACCGCGGTTATACGAGAGGCCCAAGCTGACAGCACCTCGGCGTAAAGAGTGGTTAGAAATGAAAAAGACTAAAGCCGAATACTCTCCAAGCTGTTATACGCTTTCGAGAGTTAGAAGCCCTACAACGAAAGTAGCTTTACAACATTGAACCCACGAAAGCTAGGGTA,Eukaryota,Chordata,Actinopteri,Blenniiformes,Blenniidae,Hypsoblennius,Hypsoblennius jenkinsi,,Hypsoblennius jenkinsi,,TRUE
CACCGCGGTCACACGATTAACCCAAGTCAATAGAAACCGGCGTAAAGAGTGTTTTAGATCAATTCCCCTCAATAAAGCTAAAATTCACCTGAGTTGTAAAAAACTCCAGTTGATACAAAATAAACTACGAAAGTGGCTTTAACGCATCTGAACACACAATAGCTAAGACC,Eukaryota,Chordata,Mammalia,Primates,Hominidae,Gorilla,Gorilla gorilla,,Gorilla gorilla,,TRUE
CACCGCGGTTATACGAGAGGCCCAAGTTGACTAGCGCTCGGCGTAAAGGGTGGTTAATAATTTAATACACTAAAGCCGAACCCCCTCTCGACTGTCTAACGCTTTCGAGGGCTGGAAGCACAACTACGAAAGTGGCTTTAACACCTTGACCCCACGAAAACTGTGGCA,Eukaryota,Chordata,Actinopteri,Blenniiformes,Labrisomidae,Labrisomus,Labrisomus xanti,,Labrisomus xanti,,TRUE
TACCGCGGTTATACGAGGGGCTCAAGTTGATAGGCTCCGGCGTAAAGCGTGGTTAGGGAACAATAAAAACTAAAGCCGAACACTTACTAAGCAGTCATACGCTCACGAAAGTAAGAAGCACAATCACGAAAGTGGCTTTACCACACCTGACTCCACGAAAGCTAAGGCA,Eukaryota,NA,NA,NA,NA,NA,NA,,NA,,TRUE
CACCGCGGTTATACATGAGACACGAGTTGAAACACTTCGGCAAAAAGGTGATAATTTCTTAACGGGGTTGACGCTCTCTCAAGCAGTAACAAGCTAACAGACCCCTAAACACAACACCCTAACCCCGAAATATCCGCGCCTAAAAAATCATCAAAGCTCAAAGA,Eukaryota,Echinodermata,Asteroidea,Valvatida,Oreasteridae,Pentaceraster,Pentaceraster mammillatus,,Pentaceraster mammillatus,,TRUE
CACCGCGGTTATACGAAGGGCCCAAGTTGATAGTTGCCGGCGTAAAGCGTGGTTAGGTTAAAATTTGAAACTAAAGCCGAACGTACGCAAAGCTGTTATACGCGTTTGAACAACGGAAGCCCAATTACGAAAGTAGCTTTATGTTAGCTGAACCCACGAAAGCTAGGGCA,Eukaryota,Chordata,Actinopteri,Perciformes,Serranidae,Pronotogrammus,Pronotogrammus multifasciatus,,Pronotogrammus multifasciatus,,TRUE
CACCGCGGTCACACGATTAACCCAAGTCAATAGAAACCGGCGTAAAGAGTGTTTTAGATCAATTCCCCTCAATAAAGCTAAAATTCACCTGAGTTGTAAAAAACTCCAGTTGATACAAAATAAACGACGAAAGTGGCTTTAACGCATCTGAACACACAATAGCTAAGACC,Eukaryota,Chordata,Mammalia,Primates,Hominidae,Gorilla,Gorilla gorilla,,Gorilla gorilla,,TRUE
CACCGCGGTCATACGATTAACCCGAATTAATAGATCCACGGCGTAAAGAGTGTTTAAGAAAAAAAACCACAATAGAGTTAAATTATAACTAAGCTGTAAAAAGCCCTAGTTAAAATAAAATAACCCACGAAAGTGACTCTAATAATCCTGACACACGATAGCTAGGACC,Eukaryota,Chordata,Mammalia,Artiodactyla,Suidae,Sus,Sus scrofa,,Sus scrofa,,TRUE
CACCGCGGTCATACGATTGACCCAAACTAATAGACACCCGGCGTAAAGAGTGTCAAAGAACAATATAAAAATAAAGTCAAACCTTAATTAAGCTGTAAAAAGCCATAATTAAAATTAAGTTAAACTACGAAAGTAACTTTACCATAAACTGAATACACGACAACTAAGACC,Eukaryota,Chordata,Mammalia,Artiodactyla,Delphinidae,Tursiops,Tursiops truncatus,,Tursiops truncatus,,TRUE
CACCGCGGTTAGACGAATGACCCAAGTTGACAGAATACGGCGTAAAGGGTGGTTAGGGAATATTAATACTAAAGCCGAACACCTTCCAAGCTGTTATACGCTTATGAAGAACTGAAGCACAACTACGAAAGTGGCTTTAAAACACCTGAACCCGCGAAAGCTAAGAAA,Eukaryota,Chordata,Actinopteri,Carangiformes,Coryphaenidae,Coryphaena,Coryphaena hippurus,,Coryphaena hippurus,,TRUE
CACCGCGGTTAGACGAATGACCCAAGTTGACAGAATACGGCGTAAAGGGTGGTTAGGGAATATTAATACTAAAGCCGAACACCTTCCAAGCTGTTATACGCTTATGAGGAACTGAAGCACAACTACGAAAGTGGCTTTAAAACACCTGAACCCACGAAAGCTAAGAAA,Eukaryota,Chordata,Actinopteri,Carangiformes,Coryphaenidae,Coryphaena,Coryphaena hippurus,,Coryphaena hippurus,,TRUE
TACCGCGGTTATACGAGAGTCCCAAGTTGATAAGCATCGGCGTAAAGAGTGGTTATGGTTAAATAAATACTAAAGCTGAACACTTACAAAGCTGTTATACGCTCCCGAAAATAAGAAGAACAACTACGAAAGTGGCTTTATTACACCCGAACCCACGAAAGCCAAGGCA,Eukaryota,Chordata,Actinopteri,Perciformes,Serranidae,Paranthias,Cephalopholis colonus,,Cephalopholis colonus,,TRUE
CACCGCGGTTATACGAGAGGCTCAAGTTGATAGACAGCGGCGTAAAGAGTGGTTAAGGAAAATATTAAATTAAAGCGGAAAGCCCTCAATGCTGTTATACGCCTTCGAAGAGACTGAACCACAACTACGAAAGTGGCTTTATTTAACCTGAACCCACGAAAGCTAAGAAA,Eukaryota,Chordata,Actinopteri,Carangiformes,Carangidae,Selar,Selar crumenophthalmus,,Selar crumenophthalmus,,TRUE
CACCGCGGTTATACGAGAGGCTCAAGTTGACAGACAGCGGCGTAAAGAGTGGTTAAGGAAACTTTTAAACTAAAGCCGAACGCCCTCAGAACTGTTATACGTTTCCGAAGGTATGAAGCCCCACCACGAAAGTGGCTTTATTTCCCCTGACTCCACGAAAGCTGTGAAA,Eukaryota,Chordata,Actinopteri,NA,Pomacentridae,Chromis,Chromis alta,,Chromis alta,,TRUE
CACCGCGGTTATACGAGAGGCCCAAGCTGATAATTATCGGCGTAAAGAGTGGTTAAGATTTATTACAGACTAAAGCCGAAAACCCCCACAGCTGTTATACGCACCCGGGGGAAAGAAGCCCAATTACGAAAGTGGCTTTACAATATCTGAACCCACGAAAGCTAGGGTA,Eukaryota,Chordata,Actinopteri,Lutjaniformes,Haemulidae,Brachygenys,Brachygenys californiensis,,Brachygenys californiensis,,TRUE
CACCGCGGTTATACGAGAGGCCCAAGTTGACAGACACCGGCGTAAAGCGTGGTTAAGGTACACGAAAACTAAAGCCGAACACCTTCAGGGCAGTTATACGCATCCGAAGGCACGAAGCCCCACCACGAAAGTGGCTTTATAAACCCTGACTCCACGAAAGCTATGACA,Eukaryota,Chordata,Actinopteri,Scombriformes,Scombridae,Thunnus,Thunnus thynnus,,Thunnus thynnus,,TRUE
CACCGCGGTTAGACGAATGACCCAAGTTGACAGAATACGGCGTAAAGGGTGGTTAGGGAATATTAATACTAAAGCCGAACACCTTCCAAGCTGTTATACGCTTATGAAGAACTGAAGCACAACTACGAAAGTGGCTTTAAAACACCTGAGCCCACGAAAGCTAAGAAA,Eukaryota,Chordata,Actinopteri,Carangiformes,Coryphaenidae,Coryphaena,Coryphaena hippurus,,Coryphaena hippurus,,TRUE
CACCGCGGTTATACGAGAGACCCTAGTTGATTGAAGCGGCGTAAAGAGTGGTTATGGAGTTTTCCCCTTTAAAGCAGAAAACCTCTCAAACTGTTATACGCACCCAGAGGTTGAAATCCCTCACACGAAAGTGACTTTATATTCGCCTACCAGAACCCACGAAAGCTGGGACA,Eukaryota,Chordata,Actinopteri,Clupeiformes,Engraulidae,Engraulis,Engraulis mordax,,Engraulis mordax,,TRUE
CACCGCGGTGATACGAAAGGCTCAAGCTGACAGCCCACGGCGTAAAGCGTGGTTAGGGTATATTTTAAATTAAAGCCGAACACCCCTTAAGCCGTCAAAAGCTTATAGAGGCATGAAGCCCACTTACGAAAGTAGCTTTATACTTCCTGAACCCACGAAAGCTAAGAAA,Eukaryota,Chordata,Actinopteri,Scombriformes,Trichiuridae,Trichiurus,Trichiurus nitens,,Trichiurus nitens,,TRUE
CACTGTGGCCATACAATTAACCCAAGCTAATAGAACTCAGCGTAAAGAGTGTTTAAGATCTGCCCTCAATAAAGCTAAACTCCATTTAAGTTGTAAAAAACTTAGGCTGAAATAAAACATACTACGAATGTGGCTTTAATATCCTGAAGACACGACAGCTAAGATC,Eukaryota,Chordata,Mammalia,Primates,Hominidae,Homo,Homo sapiens,,Homo sapiens,,TRUE
CACCGCGGTTATACGAGAGGCCCAAGTTGATAGCCAGCGGCGTAAGGAGTGGTTAAGGGAACCCCTTACTAAAGTCGAACGCCTTCAGAGCTGTTATACGTTACCGAAAGCAAGAAGCCCTACTACGAAAGTGACTTTATATTACCTGACTCCACGAAAGCTGTGAAA,Eukaryota,Chordata,Actinopteri,Atheriniformes,Atherinopsidae,Atherinops,Atherinops affinis,,Atherinops affinis,,TRUE
CACCGCGGTTATACGAGAGGCCCAAGTTGTTAGGCATCGGCGTAAAGGGTGGTTAAGGCAAATCTCCAAACTAAAGCCGAACATCTTCCAAGCCGTCATACGCACACGAAGACAAGAAGCCCGATAACGAAAGTGGCTCTAACCTGCCTGAACCCACGAAAGCTATGACA,Eukaryota,Chordata,Actinopteri,Tetraodontiformes,Diodontidae,Diodon,Diodon holocanthus,,Diodon holocanthus,,TRUE
CACCGCGGTTATACGAGAGGCTCAAGTTGACAGACAACGGCGTAAAGAGTGGTTAAGGAACTTATTAAACTAAAGCCGAACGCCCTCAGAACTGTTATACGTTTCCGAAGGTAAGAAGCCCCACCACGAAAGTGACTTTATTTCCCCCGACTCCACGAAAGCTGCGGAA,Eukaryota,Chordata,Actinopteri,NA,Pomacentridae,Abudefduf,Abudefduf vaigiensis,,Abudefduf vaigiensis,,TRUE
CACCGCGGTTATACGAGAGGCTCAAGTTGACAGACAACGGCGTAAAGAGTGGTTAAGGAACTTATTAAACTAAAGCCGAACGCCCTCAGAACTGTTATACGTTTCCGAAGGTAAGAAGCCCCACCACGAAAGTGACTTTATCTTCCCCGACTCCACGAAAGCTGCGGAA,Eukaryota,Chordata,Actinopteri,NA,Pomacentridae,Abudefduf,NA,,NA,,TRUE
CACCGCGGTTATACGAGAGACCCAAGTAGATGGCCGCCGGCGTAAAGAGTGGTTAAGATGTACCCCTACTAAAGCCAAATGACTTCAAAGCTGTCATACGCGCATGAATATACGAAGCCCAACCACGAAAGTGGCTTTAAAACTCTGACTCCACGAAAGCTATGATA,Eukaryota,Chordata,Actinopteri,Labriformes,Labridae,Halichoeres,Halichoeres dispilus,,Halichoeres dispilus,,TRUE
CACCGCGGTTAGACGAATGACCCAAGTTGACAGAATACGTCGTAAAGGGTGGTTAGGGAATATTAATACTAAAGCCGAACACCTTCCAAGCTGTTATACGCTTATGAAGAACTGAAGCACAACTACGAAAGTGGCTTTAAAACACCTGAACCCACGAAAGCTAAGAAA,Eukaryota,Chordata,Actinopteri,Carangiformes,Coryphaenidae,Coryphaena,Coryphaena hippurus,,Coryphaena hippurus,,TRUE
CACCGCGGTTATACGAAAGGCACAAGTTGAAAGACATTCGGCGTAAAGGGTGACTAAGGACCTATCTCAAACTAGAGCTGAATTTCTTCAAAGCTGTTATACGCTCATGAAAACTAGAAAATCGACCACGAAAGTGGCTCTAATCCCCCCCTGACACCACGAAAGCTATGACA,Eukaryota,Chordata,NA,NA,NA,NA,NA,,NA,,TRUE
AGCCGCGGTTACACCAGGGACCCAAGTTGACAGACTCACGGCATAAAGGGTGGTCAACAGAATATTAAACTAAAGCCAAACACCCCTAAGGCTGTCATACGCAATTTAGGGACAGGAAGATCGTTCACGAAAGTAGCTTTAAACACTGCGAACCACGAAAGCCAGGGAA,Eukaryota,Chordata,Actinopteri,Gobiiformes,Gobiidae,Coryphopterus,Coryphopterus urospilus,,Coryphopterus urospilus,,TRUE
CACCGCGGTCACACGATTAACCCAAGTCAATAGAAACCGGCATAAAGAGTGTTTTAGATCAATTCCCCTCAATAAAGCTAAAATTCACGTGAGTTGTAAAAAACTCCAGTTGATACAAAATAAACTACGAAAGTGGCTTTAATGCATCTGAACACAGAATAACTAAGACC,Eukaryota,Chordata,Mammalia,Primates,Hominidae,Gorilla,Gorilla gorilla,,Gorilla gorilla,,TRUE
CACCGCGGTTATACATGAGACACGAGTTGAAACACTTCGGCAAAAAGGTGATAATTTCTCAACGGGGTTGACGCTCCCTCAAGCAGTAACAAGCTAACAGACCCCTAAACACAATCACCCTAACCCCGAAATACCCGCGCCTAAAAAAATCATCAAAGCTCAAAGA,Eukaryota,Echinodermata,Asteroidea,Valvatida,Oreasteridae,Pentaceraster,Pentaceraster mammillatus,,Pentaceraster mammillatus,,TRUE
CACCGCGGTTAGACGAATGACCCAAGTTGACAGAATACGGCGTAAAGGGTTGTTAGGGAATATTAATACTAAAGCCGAACACCTTCCAAGCTGTTATACGCTTATGAAGAACTGAAGCACAACTACGAAAGTGGCTTTAGAACACCTGAACCCACGAGAGCTAAGAAA,Eukaryota,Chordata,Actinopteri,Carangiformes,Coryphaenidae,Coryphaena,Coryphaena hippurus,,Coryphaena hippurus,,TRUE
CACCGCGGTTAGACGAATGACCCAAGTTGACAGAATACGGCGTAAAGGGTGGTTAGGGAATATTAATACTAAAGCCAAACACCTTCCAAGCTGTTATACGCTTATGAAGAGCTAAAGCACAACTACGAAAGTGGCTTTAAAACACCTGAACCCACGAAAGCTAAGAAA,Eukaryota,Chordata,Actinopteri,Carangiformes,Coryphaenidae,Coryphaena,Coryphaena hippurus,,Coryphaena hippurus,,TRUE
CACCGCGGTTATACGAGTGAGCCCAAGTTGTTAAACATCGGCGTAAAGCGTGGTTAAGATGATTAAAACACTAAAGCCGAACGCCTTCTACACTGTTATACGTCTTCCGAAGGTAAGAAGCCCAATTACGAAAGTAGCTTTAACTATGTCTGAACCCACGAAAGCTAGGGCA,Eukaryota,Chordata,Actinopteri,NA,Pomacanthidae,Pomacanthus,Pomacanthus zonipectus,,Pomacanthus zonipectus,,TRUE
CACCGCGGTTATACATGAGACACGAGTTGAAACACTTCGGCAAAAAGGTGATAATTTCTCAACGGGGTTGACGCTCTCTCAAGCAGTAACAAGCTAACAGACCCCTAAACACAACACCCTAACCCCGAAATACCCGCGCCTAAAAAAATCATCAAAGCTCAAAGA,Eukaryota,Echinodermata,Asteroidea,Valvatida,Oreasteridae,Pentaceraster,Pentaceraster mammillatus,,Pentaceraster mammillatus,,TRUE
CACCGCGGTTAGACGAATGACCCAAGTGACAGAATACGGCGTAAAGGGTGGTTAGGGAATATTAATACTAAAGCCGAACACCCTCCAAGCTGTTATACGCTTATGAAGAACTGAAGCACAACTACGAAAGTGGCTTTAAAACACCTGAACCCACGAAAGCTAAGAAA,Eukaryota,Chordata,Actinopteri,Carangiformes,Coryphaenidae,Coryphaena,Coryphaena hippurus,,Coryphaena hippurus,,TRUE
CACCGCGGTTATACATGAGACACGAGTTGAAACACTTCGGCAAAAAGGTGATAATTTCTCAACGGGGTTGACGCTCTCTCAAGCAGTAACAAGCTAACAGACCCCTAAACACAACACCCTAACCCCGAAATACCCGCGCCTAAAAAATCATCAAAGCTCAAAGA,Eukaryota,Echinodermata,Asteroidea,Valvatida,Oreasteridae,Pentaceraster,Pentaceraster mammillatus,,Pentaceraster mammillatus,,TRUE
CACCGCGGTTAGACGAATGACCCAAGTTGACAGAATACGGCGTAAAGGGTGGTTAGGGAATATTAATACTAAAGCCGGACACCTTCCAAGCTGTTATACGCTTATGAAGAACTGAAGCACAACTACGAAAGTGGCCTTAAAACACCTGAACCCACGAAAGCTAAGAAA,Eukaryota,Chordata,Actinopteri,Carangiformes,Coryphaenidae,Coryphaena,Coryphaena hippurus,,Coryphaena hippurus,,TRUE
CACCGCGGCCATACGAGTGAGCCCAAGCGGACAGTCTGTCGGCGTAAAGCGTGGTTAGAGATAAAGACCAACTAAAGCTAAACCCCATCAAAGCCGTAATACGCACCCGATGATGTGAGACCCAACCACGAAAGTAGCTTTAAATAAACCCGAACCCACGAGAGCCGAGGAA,Eukaryota,Chordata,Actinopteri,Myctophiformes,Myctophidae,Benthosema,Benthosema pterotum,,Benthosema pterotum,,TRUE
CACCGCGGTTATACGAGAGGTCCAAGTTGTTAGCCTCCGGCGTAAAGAGTGGTTAGAGTACAAAACACAAAACTGAGGCCGAACACCTTCAAGGCAGTTATACGCTCCCGAAGGCATGAAGCACAATCACGAAAGTAGCCTCACCCCGCTTGAACCCACGAAAGCTAAGACA,Eukaryota,Chordata,Actinopteri,Tetraodontiformes,Tetraodontidae,Sphoeroides,Sphoeroides lobatus,,Sphoeroides lobatus,,TRUE
CACCGCGGTTAGACGAATGACCCGAGTTGACAGAATACGGCGTAAAGGGTGGTTAGGGAATATTAATACTAAAGCCGAACACCTTCCAAGCTGTTATACGCTTATGAAGAACTGAAGCACAACTACGAAAGTGGCTTTAAAACACCTGAACCCACGAAAGCTAAGAAA,Eukaryota,Chordata,Actinopteri,Carangiformes,Coryphaenidae,Coryphaena,Coryphaena hippurus,,Coryphaena hippurus,,TRUE
CGCCGCGGTTATACGAGAGGCCTAAGTTGACGGACAGCGGCGTAAAGAGTGGTTAAGGAAAACACAAAACTAAAGCCGAACGCCTTCAGAACTGTCATACGTCTTCGAAGGTATGAAGCCCAACCACGAAAGTGGCTTTATCCCTCCTGAACCCACGAAAGCTAAGAAA,Eukaryota,Chordata,NA,NA,NA,NA,NA,,NA,,TRUE
CACCGCGGTTATACGAGAGGCCCAAGTTGATAGCCACCGGCGTAAATAGTGGTTAAGAAATTTATAACAAATTAGATCCGAACGCTTTCAAGGCTGTTATACGCACCCGAAAGTAAGAAGCACGACAACGAAAGTGACTCTATTAATTCCGAACCCACGAAAGCTAAGGTA,Eukaryota,Chordata,Actinopteri,Tetraodontiformes,Balistidae,Balistes,Balistes polylepis,,Balistes polylepis,,TRUE
CGCCGCGGTTATACGAGATATGGCCCAAGTTGACAGCCTTCGGCGTAAAGGGTGGTTAAGAGAATTAAAGTAAAAAATAAAGCCGAACACCTCTCCTGCTGTTATACGCAATCGGAGATAAAGAAGCCCAATCACGAAAGTAGCTTTACTTCCCCTCCTGAACCCACGAAAGTTATGATA,Eukaryota,Chordata,Actinopteri,Centrarchiformes,Cirrhitidae,Cirrhitus,Cirrhitus pinnulatus,,NA,,FALSE
CACCGCGGTTAGACGAATGACCCAAGTTGACAGAATACGGCGTAAAGGGTGGTTAGGGAATATTAATACTAAAGCCGAACACCTTCCAAGCTGTTATACGCTTATGAAGAACTGAAGCACAACTACGAAAGTGGCTTTAAAACATCTGAACCCACGAAAGCTAAGAAA,Eukaryota,Chordata,Actinopteri,Carangiformes,Coryphaenidae,Coryphaena,Coryphaena hippurus,,Coryphaena hippurus,,TRUE
CACCGCGGTTAGACGAATGACCCAAGTTGACAGAATACGGCGTAAAGGGTGGTTAGGGAATATTAATACTAAAGCCGAACACCTTCCAAGCTGTTATACGCTTATGAAGAACTGAAGCACAACTACGAAAGTGGCTTTAAAACACCTAAACCCACGAAAGCTAAGAAA,Eukaryota,Chordata,Actinopteri,Carangiformes,Coryphaenidae,Coryphaena,Coryphaena hippurus,,Coryphaena hippurus,,TRUE
AGCCGCGGTCATACGATTAACCCAAATTAATAGATCCACGGCGTAAAGAGTGTTTAAGAAAAAAAACCACAATAGAGTTAAATTATAACTAAGCTGTAAAAAGCCCTAGTTAAAATAAAATAACCCACGAAAGTGACTCTAATAATCCTGACACACGATAGCTAGGACC,Eukaryota,Chordata,Mammalia,Artiodactyla,Suidae,Sus,Sus scrofa,,Sus scrofa,,TRUE
CACCGCGGTTAGACGAATGACCCAAGTTGACAGAATACGGCGTAAAGGGTGGTTAGGGAATATTAATACTAAAGCCGAATACCTTCCAAGCTGTTATACGCTTATGAAGAACTGAAGCACAACTACGAAAGTGGCTTTAAGACACCTGAACCCACGAAAGCTAAGAAA,Eukaryota,Chordata,Actinopteri,Carangiformes,Coryphaenidae,Coryphaena,Coryphaena hippurus,,Coryphaena hippurus,,TRUE
CACCGCGGTCATACGATTAACCCAAATTAATAGATCCACGGCGTAAAGAGTGTTTAAGAAAAAAAAATCACAATAGAGTTAAATTATAACTAAGCTGTAAAAAGCCCTAGTTAAAATAAAATAACCCACGAAAGTGACTCTAATAATCCTGACACACGATAGCTAGGACC,Eukaryota,Chordata,Mammalia,Artiodactyla,Suidae,Sus,Sus scrofa,,Sus scrofa,,TRUE
CACCGCGGTTATACGAGAGGCCCAAGTTGATAGCCAGCGGCGTAAAGAGTGGTTAAGGGAGCCCCTTACTAAAGTCGAACGCCTTCAGATCTGTTATACGTTACCGAAAGCAAGAAGCCCTACTACGAAAGTGACTTTATATTACCTGACTCCACGAAAGCTGTGAAA,Eukaryota,Chordata,Actinopteri,Atheriniformes,Atherinopsidae,Atherinops,Atherinops affinis,,Atherinops affinis,,TRUE
CACCGCGGTTATACGAGAGGCCCAAGTTGATAGACTCCGGCGTAAAGAGTGGTTAAGATACATTTATTAAAACTAAAGCCGAACGCCTTCAGGGCTGTTATACGCTCCCGAAGATAAGAAGTTCAACCACGAAAGTGGCTTTATACCCACTGAACCCACGAAAGCTTTGACA,Eukaryota,Chordata,Actinopteri,Centrarchiformes,Kyphosidae,Kyphosus,Kyphosus azureus,,Kyphosus azureus,,TRUE
CACCGCGGTTATACGAGAGGCCCAAGTTGATAGCCACCGGCGTAAAGAGTGGTTAAGAAATTTATAACAAATTAGAGTCGAACGCTTTCAAGGCTGTTATACGCACCCGAAAGTAAGAAGCACGACAACGAAAGTTACTCTATTAATTCCGAACCCACGAAAGCTAAGGTA,Eukaryota,Chordata,Actinopteri,Tetraodontiformes,Balistidae,Balistes,Balistes polylepis,,Balistes polylepis,,TRUE
CACCGCGGTTATACGAGAGGCCCAAGTTGATAGCCACCGGCGTAAAGAGTGGTTAAGAAATTTATAACAAATTAGAGTCGAACGCTTTCAAGGCTGTTATACGCACCCGAAAGTAAGAAGCACGACAACGAAAGTGACTCTATTAATTCCGAACCCACGAAAGCTAAGGTA,Eukaryota,Chordata,Actinopteri,Tetraodontiformes,Balistidae,Balistes,Balistes polylepis,,Balistes polylepis,,TRUE
CACCGCGGTTAGACGAATGACCCAAGTTGACAGAATACGGCGTAAAGGGTGGTTAGGGAATATTAATACTAAAGCCGAACACCTTCCAAGCTGTTATACGCTTATGAAGAACTGAGGCACAACTACGAAAGTGGCTTTAAAACACCTGAACCCACGAAAGCTAAGAAA,Eukaryota,Chordata,Actinopteri,Carangiformes,Coryphaenidae,Coryphaena,Coryphaena hippurus,,Coryphaena hippurus,,TRUE
CACCGCGGTTATACGAGAGACTCAAGCTGACAATCACCGGCGTAAAGAGTGGTTAATTTAACCAAAAAATAAAGCCGAACGCCCCCAAAGTTGTATTACGCATTCGGGGGTATGAAGCCCAATCACGAAAGTGGCTTTACACTCTTTGAACCCACGAGAGCTAGGGAA,Eukaryota,Chordata,Actinopteri,Kurtiformes,Apogonidae,Apogon,Apogon imberbis,,Apogon imberbis,,TRUE
CACCGCGGTCACACGATTAACCCAAGTCAATAGAAGCCGGCGTAAAGAGTGTTTTAGATCACCCCCTCCCCAATAAAGCTAAAACTCACCTGAGTTGTAAAAAACTCCAGTTGACACAAAATAAACTACGAAAGTGGCTTTAACATATCTGAACACACAATAGCTAAGACC,Eukaryota,Chordata,Mammalia,Primates,Hominidae,Homo,Homo sapiens,,Homo sapiens,,TRUE
CACCGCGGTTAGACGAATGACCCAAGTTGACAGAATACGGCGTAAAGGGTGGTTAGGGAATATTAATACTAAAGCCGAACACCTTCCAAGCTGTTATACGCTTATGAAGAATTGAAGCACAACTACGAAAGTGGCTTTAAAACACCTGAACCCACGAAAGCTAAGAAA,Eukaryota,Chordata,Actinopteri,Carangiformes,Coryphaenidae,Coryphaena,Coryphaena hippurus,,Coryphaena hippurus,,TRUE
CACCGCGGTTATACGGGGGGCCCAAGTTGATAGTTACCGGCGTAAAGCGTGGTTAAGCAAAAATTAAAACTAAAGCCGAATGCACACAAAGCTGTTATACGCCTCTTCGAAAACAGAAGCTCAATTACGAAAGTAGCTTTACATCAGCTGACCCCACGAAAGCTAGGGCA,Eukaryota,Chordata,Actinopteri,Perciformes,Serranidae,Hemanthias,Hemanthias signifer,,Hemanthias signifer,,TRUE
CACCGCGGTTAGACGAATGACCCAAGTTGACAGAATACGGCGTAAAGGGTGGTTAGGGAATATTAATACTAAAGCCGAACACCTTCCAAGCTGTTATACGCTTATGAAGAACTGAAGCACAACTACGAAAGTGGCTTTAAAACACCTGAACCCACGAAAGCTCAGAAA,Eukaryota,Chordata,Actinopteri,Carangiformes,Coryphaenidae,Coryphaena,Coryphaena hippurus,,Coryphaena hippurus,,TRUE
CACCGCGGTTAGACGAATGACCCAAGTTGACAGAATACGGCGTAAAGGGTGGTTAGGTAATATTAATACTAAAGCCGAACACCTTCCAAGCTGTTATACGCTTATGAAGAACTGAAGCACAACTACGAAAGTGGCTTTAAAACACCTGAACCCACGAAAGCTAAGAAA,Eukaryota,Chordata,Actinopteri,Carangiformes,Coryphaenidae,Coryphaena,Coryphaena hippurus,,Coryphaena hippurus,,TRUE
CACCGCGGTTAGACGAATGACCCAAGTTGACAGAATACGGCGTAAAGGGTGGTTAGGGAATATTAATACTAAAGCGGAACACCTTCCAAGCTGTTATACGCTTATGAAGAACTGAAGCACAACTACGAAAGTGGCTTTAAAACACCTGAACCCACGAAAGCTAAGAAA,Eukaryota,Chordata,Actinopteri,Carangiformes,Coryphaenidae,Coryphaena,Coryphaena hippurus,,Coryphaena hippurus,,TRUE
CACCGCGGTTAGACGAATGACCCAAGTTGACAGAATACGGCGTAAAGGGTGGTTAGGGAATATTAATACTAAAGCCGAACACCTTCCCAGCTGTTATACGCTTATGAAGAACTGAAGCACAACTACGAAAGTGGCTTTAAAACACCTGAACCCACGAAAGCTAAGAAA,Eukaryota,Chordata,Actinopteri,Carangiformes,Coryphaenidae,Coryphaena,Coryphaena hippurus,,Coryphaena hippurus,,TRUE
CACCGCGGTTATACGAGAGACCCAAGTTGATAGACCCCGGCGTAAAGAGTGGTTAAGATTTATTTATACTTAAAGCCGAACGCCCTCAAAGCAGTTATACGCACCCGAGGGTATGAAGCCCAATCGCGAAAGTGGCTTTATTACTCCTGACTCCACGAAAGCTAAGGAA,Eukaryota,Chordata,Actinopteri,Perciformes,Serranidae,Paralabrax,Paralabrax auroguttatus,,Paralabrax auroguttatus,,TRUE
CGCCGCGGTTATACGAGAGGCTCAAGTCGACAGAAACCGGCGTAAAGGGTGGTTAAGACATAAAATGCTAGAGGAAAATGTCTTCCAAGCTGTTATACGCACCCGAAGATAAGAAAAACTTAAACGAAAGCCCCTCCAATAGATATGAACCCACGACAGCTTTGGTA,Eukaryota,Chordata,Actinopteri,Aulopiformes,Synodontidae,Synodus,Synodus lucioceps,,Synodus lucioceps,,TRUE
CACCGCGGTTAGACGAGAGGCCTAAGTTGATAGTCATCGGCGTAAAGAGTGGTTAGGGAAAACTTTAAACTAAAGCCGAATATTCCCACAGCTGTCATACGCACCCGAGAATAAGAAGCCCCCCTACGAAAGTGGCTTTAACCCACCCGACCCCACGAAAGCTGCGAAA,Eukaryota,Chordata,Actinopteri,Beloniformes,Belonidae,Platybelone,Platybelone argala,,Platybelone argala,,TRUE
AGCCGCGGTTAGACGAATGACCCAAGTTGACAGAATACGGCGTAAAGGGTGGTTAGGGAATATTAATACTAAAGCCGAACACCTTCCAAGCTGTTATACGCTTATGAAGAACTGAAGCACAACTACGAAAGTGGCTTTAAAACACCTGAACCCACGAAAGCTAAGAAA,Eukaryota,Chordata,Actinopteri,Carangiformes,Coryphaenidae,Coryphaena,Coryphaena hippurus,,Coryphaena hippurus,,TRUE
CACCGCGGTTATACGAGAGGCTCAAGTTGACAGACAACGGCGTAAAGAGTGGTTAAGGAGCCTTTTAAACTAAAGCCGAACCTCCTCAGAGCTGTTATACGTTCCCGAGGATATGAAGCTCCTCCACCAAAGTGGCTTTATTTACCCTGACTCCACGAAAGCTGTGAAA,Eukaryota,Chordata,Actinopteri,NA,Pomacentridae,Chromis,Chromis atrilobata,,Chromis atrilobata,,TRUE
CACCGCGGTTAGACGAATGACCCAAGTTGACAGAATACGGCGTAAAGGGTGGTTAGGGAATATTAATACTAAAGCCGAACACCTTCCAAGCTGTTATACGCTTATGAAGAACTGAAGCACAACTACGAAAGTGGCTTTAAAACGCCTGAACCCACGAAAGCTAAGAAA,Eukaryota,Chordata,Actinopteri,Carangiformes,Coryphaenidae,Coryphaena,Coryphaena hippurus,,Coryphaena hippurus,,TRUE
CACCGCGGTCATACGATTAGCCCAAACTAATAGACCCACGGCGTAAAGCGTGTTACAGAGAAAAAAATATACTAAAGTTAAATTTTAACTAGGCCGTAGAAAGCTAGAGTTAACATAAAAATACAGCACGAAAGTAACTTTAACACCTCCGACTACACGACAGCTAAGACC,Eukaryota,Chordata,Mammalia,Carnivora,Felidae,Felis,Felis catus,,Felis catus,,TRUE
CACCGCGGTTATACGAGAGGTCCAAGTTGTTAGCCCTCGGCGTAAAGAGTGGTTAAAGTAAAAAACAAAACTGAGGTCGAACATCTTCAAGGCAGTTATACGCTCCCGAGGATATGAAGCACAATCACGAAAGTAGCCTCACCCTGCTTGAACCCACGAAAGCTAGGACA,Eukaryota,Chordata,Actinopteri,Tetraodontiformes,Tetraodontidae,Sphoeroides,Sphoeroides annulatus,,Sphoeroides annulatus,,TRUE
CACCGCGGTTATACGAGAGGCTCAAGTTGACAGACAACGGCGTAAAGAGTGGTTAAGGAGCCTTTAAAACTAAAGCCGAACCTCCTCAGAGCTGTTATACGTTCCCGAGGATATGAAGCTCCTCCACGAAAGTGGCTTTATTTACCCTGACTCCACGAAAGCTGTGAAA,Eukaryota,Chordata,Actinopteri,NA,Pomacentridae,Chromis,Chromis atrilobata,,Chromis atrilobata,,TRUE
CACCGCGGTTATACGAGAGGCCCAAGTTGATAGCCAGCGGCGTAAAGAGTGGTTAAGGGAACCCCTTACTAAAGTCGAACGCCTTCAGAGCTGTTATACGTTACCGAAAGCAAGAAGCCCTACTACGAAAGTGACTTTATATTACCTGACTCCACGAAAGCTGTGAAA,Eukaryota,Chordata,Actinopteri,Atheriniformes,Atherinopsidae,Atherinops,Atherinops affinis,,Atherinops affinis,,TRUE
CACCGCGGTCACACGATTAACCCAAGTCAATAGAAGCCGGCGTAAAGAGTGTTTTAGATCACCCCCTCCCCAATAAAGCTAAAACTCACCTGAGTTGTAAAAAACTCCAGTTGACACAAAATAGACTACGAAAGTGGCTTTAACATGTCTGAACACACAATAGCTAAGACC,Eukaryota,Chordata,Mammalia,Primates,Hominidae,Homo,Homo sapiens,,Homo sapiens,,TRUE
AGCCGCGGTTATACGAGAGGCCCAAGTTGATAGCCACCGGCGTAAAGAGTGGTTAAGAAATTTATAACAAATTAGAGCCGAACGCTTTCAAGGCTGTTATACGCACCCGAAAGTAAGAAGCACGACAACGAAAGTGACTCTATTAATTCCGAACCCACGAAAGCTAAGGTA,Eukaryota,Chordata,Actinopteri,Tetraodontiformes,Balistidae,Balistes,Balistes polylepis,,Balistes polylepis,,TRUE
CACCGCGGTTAGACGATAGGCCTAAGTTGATAGTTACCGGCGTAAAGAGTGGTTAAGGAGACCCTAAAACTAAAGCCGAACGTTTTCACTGCTGTTTAACGCATCCGAAAATAAGAAGCTCCACCACGAAAGTGGCTTTAACCCACCTGACCCCACGAAAACTGTGAAA,Eukaryota,NA,NA,NA,NA,NA,NA,,NA,,TRUE
CACCGCGGTTAGACGAATGACCCAAGTTGACAGAATACGGCGTAAAGGGTGGTTAGGGAGTATTAATACTAAAGCCGAACACCTTCCAAGCTGTTATACGCTTATGAAGAACTGAAGCACAACTACGAAAGTGGCTTTAAAACACCTGAACCCACGAAAGCTAAGAAA,Eukaryota,Chordata,Actinopteri,Carangiformes,Coryphaenidae,Coryphaena,Coryphaena hippurus,,Coryphaena hippurus,,TRUE
CACCGCTGTTAGACGAATGACCCAAGTTGACAGAATACGGCGTTAAGGGTGGTTAGGGAATATTAATACTAAAGCCGAACACCTTCCAAGCTGTTATACGCTTATGAAGAACTGAAGCACAACTACGAAAGTGGCTTTAAAACACCTGAACCCACGAAAGCTAAGAAA,Eukaryota,Chordata,Actinopteri,Carangiformes,Coryphaenidae,Coryphaena,Coryphaena hippurus,,Coryphaena hippurus,,TRUE
CACCGAGGTTATACGAGAGGCTCAAGTTGACAGACAACGGCGTAAAGAGTGGTTAAGGAACTTATTAAACTAAAGCCGAACGCCCTCAGAACTGTTATACGTTTCCGAAGGTAAGAAGCCCCACCACGAAAGTGACTTTATTTTCCCCGACTCCACGAAAGCTGCGGAA,Eukaryota,Chordata,Actinopteri,NA,Pomacentridae,Abudefduf,NA,,NA,,TRUE
CACCGCGGTTATACGAGAGGCTCAAGTTGACAGACAACGGCGTAAAGCGTGGTTAAGGAAAACATACAACTAAAGCGGAACCTCCTCCTAGCTGTTATACGCTTCCGAGGAAGTGAACTCCAACTACGAAAGTGGCTTTACCTAACCTGAACCCACGAAAGCTAAGAAA,Eukaryota,Chordata,Actinopteri,Carangiformes,Carangidae,Caranx,Caranx hippos,,Caranx hippos,,TRUE
CGCCGCGGTTATACGAGAGGCCCAAGTTGATGGTTAACGGCGTAAAGGGTGGTTAGAAAGAGACTATTACTAAAGCCGAACGCCTTCAAGGCTGTTATACGCATCCGAAGGTGAGAAGCCCATTCACGAAAGTGGCTTTAATAACTTTGAACCCACGAAAGCTAGGAAA,Eukaryota,Chordata,Actinopteri,NA,Sciaenidae,Umbrina,Umbrina roncador,,Umbrina roncador,,TRUE
CACCGCGGTTAGACGAGAGGCCTAAGTTGATAGTTACCGGCGTAAAGAGTGGTTAAGGAGACCCTAAAACTAAAGCCGAACGTTTTCACTGCTGTTTAACGCATCCGAAAATAAGAAGCTCCACCACGAAAGTGGCTTTAACCCACCTGAACCCACGAAAACTGTGAAA,Eukaryota,NA,NA,NA,NA,NA,NA,,NA,,TRUE
AGCCGCGGTTATACGAAAGGCCCAAGTTGAAAGACATTCGGCGTAAAGGGTGACTAAGGACCTATCTCAAACTAGAGCTGAATTTCTTCAAAGCTGTTATACGCTCATGAAAACTAGAAAATCGACCACGAAAGTGGCTCTAATCCCCCCCTGACACCACGAAAGCTATGACA,Eukaryota,Chordata,NA,NA,NA,NA,NA,,NA,,TRUE
CACCGCGGTTATACGAGAGGCTCAAGTTGACAGACAACGGCGTAAAGAGTGGTTAAGGAACTTATTAAACTAAAGCCGAACGCCCTCAGAACTGTTATACGTTTCCGAAGGAAAGAAGCCCCACCACGAAAGTGACTTTATTTTCCCCGACTCCACGAAAGCTGCGGAA,Eukaryota,Chordata,Actinopteri,NA,Pomacentridae,Abudefduf,NA,,NA,,TRUE
CACCGCGGTTATACGAGAGGCTCAAGTTGACAGACAACGGCGTAAAGAGTGGTTAAGGAACTTATTAAACTAAAGCCGAACGCCCTCAGAACTGTTATACGTTTCCGAAGGTAAGAAGCCCCACCACGAAAGTGACTTTATTTTCCCCGACTCCACGAGAGCTGCGGAA,Eukaryota,Chordata,Actinopteri,NA,Pomacentridae,Abudefduf,NA,,NA,,TRUE
CACCGCGGTTATACGAGAGGCCTAAGTTGATAGACATCGGCGTAAAGAGTGGTTAGGGAAGACATAAACTAAAGCCGAACACCTTCAAAGCTGTTATACGCTAACGAAGGTAGGAAGCCCCCCTACGAAAGTGGCTTTAAATTTCCTGACTCCACGAAAGCTGAGGTA,Eukaryota,Chordata,Actinopteri,Beloniformes,Hemiramphidae,Hyporhamphus,Hyporhamphus naos,,Hyporhamphus naos,,TRUE
CACCGCGGTTATACGAGAGGCTCAAGTTGACAGACAACGGCGTAAAGAGTGGTTAAGGAGCCTTTTAAACTAAAGCCGAACCTCCTCAGAGCTGTTATACGTTCCCGAGGATATGAAGCTCCTCCACGAAAGTGGCTTTACTTACCCTGACTCCACGAAAGCTGTGAAA,Eukaryota,Chordata,Actinopteri,NA,Pomacentridae,Chromis,Chromis atrilobata,,Chromis atrilobata,,TRUE
CACCGCGGTTATACGAAAGGCCCAAGTTGAAAGACATTCGGCGTAAAGGGTGACTAATGACCTATCTCAAACTAGAGCTGAATTTCTTCAAAGCTGTTATACGCTCATGAAAACTAGAAAATCGACCACGAAAGTGGCTCTAATCCCCCCCTGACACCACGAAAGCTATGACA,Eukaryota,Chordata,NA,NA,NA,NA,NA,,NA,,TRUE
CACCGCGGTTAGACGAATGACCCAAGTTGACAGAATACGGCGTAAAGGGTGGTTAGGGAATATTAATACTAAGGCCGAACACCTTCCAAGCTGTTATACGCTTATGAAGAGCTGAAGCACAACTACGAAAGTGGCTTTAAAACACCTGAACCCACGAAAGCTAAGAAA,Eukaryota,Chordata,Actinopteri,Carangiformes,Coryphaenidae,Coryphaena,Coryphaena hippurus,,Coryphaena hippurus,,TRUE
CACCGCGGTTAGACGAATGACCCAAGTTGACAGAATACGGCGTAAAGGGTGGTTAGGGAATATTAATACTAAAGCCGAACACCTTCTAAGCTGTTATACGCTTATGAAGAACTGAAGCACAACTACGAAAGTGGCTTTAAAACACCTGAACCCACGAAAGCTAAGAAA,Eukaryota,Chordata,Actinopteri,Carangiformes,Coryphaenidae,Coryphaena,Coryphaena hippurus,,Coryphaena hippurus,,TRUE
AGCCGCGGTTATACGAGAGGTCCAAGTTGATAGAAACCGGCGTAAAGAGTGGTTAGGATGATTTCACTTTACTAAAGCCAAACACCTTCAGAACTGTTATACGTACCCGAAGGCATGAAGAACCACTACGAAAGTGGCTTTATAAACCCTGAACCCACGAAAGCTATGTCA,Eukaryota,Chordata,Actinopteri,Holocentriformes,Holocentridae,Myripristis,Myripristis pralinia,,Myripristis pralinia,,TRUE
CACCGCGGTTATACGAGAGACCCAAGTTGTTAGGCATCGGCGTAAAGGGTGGTTAAGGCAATACCCAAACTAAAGCCGAACATCTTCCAAGCCGTCATACGCACACGAAGACAAGAAGCCCGATAACGAAAGTGGCTCTAACCTGCCTGAACCCACGAAAGCTATGACA,Eukaryota,Chordata,Actinopteri,Tetraodontiformes,Diodontidae,Diodon,Diodon hystrix,,Diodon hystrix,,TRUE
CACCGCGGTTAGACGAATGACCCAAGTTGACAGAATACGGCGTAAAGGGTGGTTAGGGAATATTAATACTAAAGCCGAACACCTTCCGAGCTGTTATACGCTTATGAAGAACTGAAGCACAACTACGAAAGTGGCTTTAAAACACCTGAACCCACGAAAGCTAAGAAA,Eukaryota,Chordata,Actinopteri,Carangiformes,Coryphaenidae,Coryphaena,Coryphaena hippurus,,Coryphaena hippurus,,TRUE
AGCCGCGGTAATACGATTAACCCAAATTAATAGATCCACGGCGTAAAGAGTGTTTAAGAAAAAAAACCACAATAGAGTTAAATTATAACTAAGCTGTAAAAAGCCCTAGTTAAAATAAAATAACCCACGAAAGTGACTCTAATAATCCTGACACACGATAGCTAGGACC,Eukaryota,Chordata,Mammalia,Artiodactyla,Suidae,Sus,Sus scrofa,,Sus scrofa,,TRUE
CACCGCGGCCATACGAGTGAGCCCAAGCGGACAGTCTGTCGGCGTAAAGCGTGGTTAGAGGTAAAGACCAACTAAAGCTAAACCCCATCAAAGCCGTAATACGCACCCGATGATGTGAGACCCAACCACGAAAGTAGCTTTAAATAAACCCTAACCCTCGAGAGCCGAGGAA,Eukaryota,Chordata,Actinopteri,Myctophiformes,Myctophidae,Benthosema,Benthosema pterotum,,Benthosema pterotum,,TRUE
CACCGCGGTTATACGAGAGGCCCAAGTTGATAGGTACCGGCGTAAAGGGTGGTTAGGGATAACTATAAAATAAAGCCGAATATCTTCAACGCTGTTATACGCCCTCGAAGATTCGAAGCCCCATTACGAAAGTAGCTTTACCTCCCCCCGAACCCACGAAAGCCAGGGTA,Eukaryota,Chordata,NA,NA,NA,NA,NA,,NA,,TRUE
CACCGCGGTCATACGATTAACCCAAATTAATAGATCCACGGCGTAAAGAGTGTTTAAGAAAAAAAATCACAATAGAGTTAAATTATAACTAAGCTGTAAAAAGCCCTAGTTAAAATAAAATAACCCACGAAAGTGACTCTAATAATCCTGACACACGATAGCTAGGACC,Eukaryota,Chordata,Mammalia,Artiodactyla,Suidae,Sus,Sus scrofa,,Sus scrofa,,TRUE
CACCGCGGTCATACGATTAACCCAAATTAATAGATCCACGGCGTAAAGAGTGTTTAAGAAAAAAAAACCACAATAGAGTTAAATTATAACTAAGCTGTAAAAAGCCCTAGTTAAAATAAAATAACCCACGAAAGTGACTCTAATAATCCTGACACACGATAGCTAGGACC,Eukaryota,Chordata,Mammalia,Artiodactyla,Suidae,Sus,Sus scrofa,,Sus scrofa,,TRUE
CACCGCGGTTAGACGAATGACCCAAGTTGACAGAATACGGCGTAAAGGGTGATTAGGGAATATTAATACTAAAGCCGAACACCTTCCAAGCTGTTATACGCTTATGAAGAACTGAAGCACAACTACGAAAGTGGCTTTAAAACACCTGAACCCACGAAAGCTAAGAAA,Eukaryota,Chordata,Actinopteri,Carangiformes,Coryphaenidae,Coryphaena,Coryphaena hippurus,,Coryphaena hippurus,,TRUE
CACCGCGGTTAGACGAATGACCCAAGTTGACAGAATACGGCGTAAAGGGTGGTTAGGGAATATTAATACTAAAGCCGAACACCTTCCAAGCTGTTATACGCTTATGAAGAACTGAAGCACAACTACGAAAGTGGCTCTAAAACACCTGAACCCACGAAAGCTAAGAAA,Eukaryota,Chordata,Actinopteri,Carangiformes,Coryphaenidae,Coryphaena,Coryphaena hippurus,,Coryphaena hippurus,,TRUE
CACCGCGGTTATACGAGAGGCTCAAGTTGACAGACAACGGCGTAAAGAGTGGTTAAGGAGCCTTTTAAACTAAAGCCGAACCTCCTCAGAGCTGTTATACGTTCCCGAGGACATGAAGCTCCTCCACGAAAGTGGCTTTATTTACCCTGACTCCACGAAAGCTGTGAAA,Eukaryota,Chordata,Actinopteri,NA,Pomacentridae,Chromis,Chromis atrilobata,,Chromis atrilobata,,TRUE
AGCCGCGGTTATACGAGAGGCTCAAGTTGACAGACAACGGCGTAAAGAGTGGTTAAGGAACTTATTAAACTAAAGCCGAACGCCCTCAGAACTGTTATACGTTTCCGAAGGTAAGAAGCCCCACCACGAAAGTGACTTTATTTTCCCCGACTCCACGAAAGCTGCGGAA,Eukaryota,Chordata,NA,NA,NA,NA,NA,,NA,,TRUE
CACCGCGGTTAGACGAATGACCCAAGTTGACAGAACACGGCGTAAAGGGTGGTTAGGGAATATTAATACTAAAACCGAACACCTTCCAAGCTGTTATACGCTTATGAAGAACTGAAGCACAACTACGAAAGTGGCTTTAAAACACCTGAACCCACGAAAGCTAAGAAA,Eukaryota,Chordata,Actinopteri,Carangiformes,Coryphaenidae,Coryphaena,Coryphaena hippurus,,Coryphaena hippurus,,TRUE
CACCGCGGCCATACGAGTGAGCCCAAGCGGACAGTCTGTCGGCGTAAAGCGTGGTTAGAGGTAGAGACCAACTAAAGCTAAACCCCATCAAAGCCGTAATACGCACCCGATGATGTGAGACCCAACCACGAAAGTAGCTTTAAATAAACCCGAACCCACGAGAGCCGAGGAA,Eukaryota,Chordata,Actinopteri,Myctophiformes,Myctophidae,Benthosema,Benthosema pterotum,,Benthosema pterotum,,TRUE
CACCGCGGTTAGACGAATGACCCAAGTTGACAGAATACGGCGTAAAGGGTGGTTAGGGAATATTAATACTAAAGCCGAACACCTTCCAAGCTGTTATACGCTTATGAAGAACTGAAGCACGACTACGAAAGTGGCTTTAAAACACCTGAACCCACGAAAGCTAAGAAA,Eukaryota,Chordata,Actinopteri,Carangiformes,Coryphaenidae,Coryphaena,Coryphaena hippurus,,Coryphaena hippurus,,TRUE
AGCCGCGGTAATACGAGAGGCTCAAGTTGACAGACAACGGCGTAAAGAGTGGTTAAGGAACTTATTAAACTAAAGCCGAACGCCCTCAGAACTGTTATACGTTTCCGAAGGTAAGAAGCCCCACCACGAAAGTGACTTTATTTTCCCCGACTCCACGAAAGCTGCGGAA,Eukaryota,Chordata,Actinopteri,NA,Pomacentridae,Abudefduf,NA,,NA,,TRUE
CACCGCGGTTAGACGAATGACCCAAGTTGACAGAATACGGCGTAAAGGGTGGTTAGGGAATATTAATACTAAAGCCGAACACCTTCCAAGCTGTTATACGCTTATGAAGAACTGGAGCACAACTACGAAAGTGGCTTTAAAACACCTGAACCCACGAAAGCTAAGAAA,Eukaryota,Chordata,Actinopteri,Carangiformes,Coryphaenidae,Coryphaena,Coryphaena hippurus,,Coryphaena hippurus,,TRUE
CACCGCGGTTAGACAAATGACCCAAGTTGACAGAATACGGCGTAAAGGGTGGTTAGGGAATATTAATACTAAAGCCGAACACCTTCCAAGCTGTTATACGCTTATGAAGAACTGAAGCACAACTACGAAAGTGGCTTTAAAACACCTGAACCCACGAAAGCTAAGAAA,Eukaryota,Chordata,Actinopteri,Carangiformes,Coryphaenidae,Coryphaena,Coryphaena hippurus,,Coryphaena hippurus,,TRUE
AGCCGCGGTTATACGAGAGGCCCAAGTTGATAAGCATCGGCGTAAAGAGTGGTTATGGTTAAATAAATACTAAAGCTGAACACTTACAAAGCTGTTATACGCTCCCGAAAATAAGAAGAACAACTACGAAAGTGGCTTTATTACACCCGAACCCACGAAAGCCAAGGCA,Eukaryota,Chordata,Actinopteri,Perciformes,Serranidae,Paranthias,Cephalopholis colonus,,Cephalopholis colonus,,TRUE
AGCCGCGGTAATACGAGAGGCCCAAGTTGATAAGCATCGGCGTAAAGAGTGGTTATGGTTAAATAAATACTAAAGCTGAACACTTACAAAGCTGTTATACGCTCCCGAAAATAAGAAGAACAACTACGAAAGTGGCTTTATTACACCCGAACCCACGAAAGCCAAGGCA,Eukaryota,Chordata,Actinopteri,Perciformes,Serranidae,Paranthias,Cephalopholis colonus,,Cephalopholis colonus,,TRUE
CACCGCGGTTAGACGAATGACCCAAGTTAACAGAATACGGCGTAAAGGGTGGTTAGGGAATATTAATACTAAAGCCGAACACCTTCCAAGCTGTTATACGCTTATGAAGAACTGAAGCACAACTACGAAAGTGGCTTTAAAACACCTGAACCCACGAAAGCTAAGAAA,Eukaryota,Chordata,Actinopteri,Carangiformes,Coryphaenidae,Coryphaena,Coryphaena hippurus,,Coryphaena hippurus,,TRUE
CACCGCGGTTAGACGAATGACCCAAGTTGACAGAATACGGCGTAAAGGGTGGTTAGGGAATATTAATACTAAAGCCGAACACCTTCCAAGCTGTTATACGCTTATGAAGAACTGAAGCACAACTAAGAAAGTGGCTTTAAAACACCTGAACCCACGAAAGCTAAGAAA,Eukaryota,Chordata,Actinopteri,Carangiformes,Coryphaenidae,Coryphaena,Coryphaena hippurus,,Coryphaena hippurus,,TRUE
CACCGCGGTTAGACGAGAGGCCTAAGTTGATAGTTACCGGCGTAAAGAGTGGTTAAGGAGACACTAAAACTAAAGCCGAACGTTTTCACTGCTGTTTAACGCATCCGAAAATAAGAAGCTCCACCACGAAAGTGGCTTTAACCCACCTGACCCCACGAAAACTGTGAAA,Eukaryota,NA,NA,NA,NA,NA,NA,,NA,,TRUE
AGCCGCGGTAATACGAGAGGCCCAAGCTGATAATTATCGGCGTAAAGAGTGGTTAAGATTAATTAAAGACTAAAGCCGAAAACCCCCATAGCTGTTATACGCACCCGGGGGAAAGAAGCCCAATTACGAAAGTGGCTTTACAACATCTGAACCCACGAAAGCTAGGGTA,Eukaryota,Chordata,Actinopteri,Lutjaniformes,Haemulidae,Haemulon,Haemulon flaviguttatum,,Haemulon flaviguttatum,,TRUE
CACCGCGGTTAGACGAATGACCCAAGTTGACAGAATACGGCGTAAAGGGTGGTTAGGGAATATTAATACTAAAGCCGAACACCTTCCAAGCTGTTATACGCTTATGAAGAACTGAAGCACAACTACGAAAGTGGCTTTAGAACACCTGAACCCACGAAAGCTAAGAAA,Eukaryota,Chordata,Actinopteri,Carangiformes,Coryphaenidae,Coryphaena,Coryphaena hippurus,,Coryphaena hippurus,,TRUE
AGCCGCGGTAATACGAGAGGCCCAAGTTGACAGGCTCCGGCGTAAAGCGTGGTTAAGGAACAATAAACACTAAAGCTGAACGCTTACTAGGCTGTTATACGCTCCCGAAAGTAAGAAGAACATCCACGAAGGTGGCTTTACCTTACCTGAACCCACGAAAGCTAAGGCA,Eukaryota,Chordata,Actinopteri,Perciformes,Serranidae,Mycteroperca,Mycteroperca xenarcha,,NA,,FALSE
CACCGCGGTTAGACGAATGACCCAAGTTGACAGAATACGGCGTAAAGGGTGGTTAGAGAATATTAATACTAAAGCCGAACACCTTCCAAGCTGTTATACGCTTATGAAGAACTGAAGCACAACTACGAAAGTGGCTTTAAAACACCTGAACCCACGAAAGCTAAGAAA,Eukaryota,Chordata,Actinopteri,Carangiformes,Coryphaenidae,Coryphaena,Coryphaena hippurus,,Coryphaena hippurus,,TRUE
CACCGCGGTTATACGAGAGGCTCAAGTTGATAAACCCCGGCGTAAAGAGTGGTTAAGGAAGATTAAAAACTAAAGCCGAATGCTTTCAAAGCTGTTATACGCTTCCGAGAGTAAGAAGATCAACTACGAAAGTGACTTTATAGCCCCTGACCCCACGAAAGCTATGGCA,Eukaryota,Chordata,Actinopteri,Centrarchiformes,Centrarchidae,Lepomis,NA,,NA,,TRUE
CACCGCGGTTAGACGAATGACACAAGTTGACAGAATACGGCGTAAAGGGTGGTTAGGGAATATTAATACTAAAGCCGAACACCTTCCAAGCTGTTATACGCTTATGAAGAACTGAAGCACAACTACGAAAGTGGCTTTAAAACACCTGAACCCACGAAAGCTAAGAAA,Eukaryota,Chordata,Actinopteri,Carangiformes,Coryphaenidae,Coryphaena,Coryphaena hippurus,,Coryphaena hippurus,,TRUE
CACCGCGGTCACACGATTAACCCAAGTCAATAGAAGCCGGCGTAAAGAGTGTTTTAGATCACCCCCTCCCCAATAAAGCTAAAACTCACCTGAGTTGTAAAAAACTCCAGTTTACACAAAATAGACTACGAAAGTGGCTTTAACATATCTGAACACACAATAGCTAAGACC,Eukaryota,Chordata,Mammalia,Primates,Hominidae,Homo,Homo sapiens,,Homo sapiens,,TRUE
CACCGCGGTTAAACGTGTGACCCAAGTTGATAGGCCCTCGGCGTAAAGGGTGGTTAAATAACACTTACACTAAAGCTAAACCGCCTCCTTGCCGTTATACGTTTTGAGAACGGGAAACCCAGTTACGAAAGTAGCTTTATAAATATTGACACCACGAAACCTATGGCA,NA,NA,NA,NA,NA,NA,NA,,NA,,TRUE
CACCGCGGTTAGACGAATGACCCAAGTTGACAGAATACGGCGTAAAGGGTGGTTAGGGAATATTAATACTAAAGCCGAACACCTTCCAAGCTGTTATACGCTTATGAAGAACTGAAGCACAACTACGAAAGTGGCTTTAAAGCACCCGAACCCACGAAAGCTAAGAAA,Eukaryota,Chordata,Actinopteri,Carangiformes,Coryphaenidae,Coryphaena,Coryphaena hippurus,,Coryphaena hippurus,,TRUE
CACCGCGGTTAGACGAATGACCCAAGTTGACAGAATACGGCGTAAAGGGTGGTTAGGGGATATTAATACTAAAGCCGAACACCTTCCAAGCTGTTATACGCTTATGAAGAACTGAAGCACAACTACGTAAGTGGCTTTAAAACACCTGAACCCACGAAAGCTAAGAAA,Eukaryota,Chordata,Actinopteri,Carangiformes,Coryphaenidae,Coryphaena,Coryphaena hippurus,,Coryphaena hippurus,,TRUE
CTCCAAGGTCATATGATTAACCCGATCTAACAGACCTACGGCGTAAAGTGTGTTATAGAGGCATTCCACGCTAAAGTTAAATGTTAACTAGGCAGTAAAAAGCTACAGTTAACATAAAAATATAGCACAAAAGTAACTGTAACACCTTCGACCACACGATAGCTAAGACC,Eukaryota,Chordata,Mammalia,Carnivora,Felidae,Felis,Felis catus,,Felis catus,,TRUE
CACCGCGGTTATACGAGAGGCCCAAGTTGACAGACACCGGCGTAAAGCGTGGTTAAGGTAAACTAAAACTAAAGCCGAATACCTTCAGGGCAGTTATACGCATCCGAAGGCACGAAGTCCCACCACGAAAGTGGCTTTATGACCCCTGACCCCACGAAAGCTATGACA,Eukaryota,Chordata,Actinopteri,Scombriformes,Scombridae,Euthynnus,Euthynnus affinis,,Euthynnus affinis,,TRUE
TACCGCGGTTATACGAGAGGCCCAAGTTGATAAGCATCGGCGTAAAGAGTGGTTATGGTTAAATAAATACTAAAGCTGAACACTTACAAAGCTGTTATACGCTCCCGAAAATAAGAATAACAACTACGAAAGTGGCTTTATTACACCCGAACCCACGAAAGCCAAGGCA,Eukaryota,Chordata,Actinopteri,Perciformes,Serranidae,Paranthias,Cephalopholis colonus,,Cephalopholis colonus,,TRUE
AGCCGCGGTTATACGAGAGACCCAAGTTGATAAGAACCGGCGTAAAGAGTGGTTATGAACAACCCCAAAACTAAAGCCAAATGCCCCCAAAGCTGTTATACGCACTCGGGAGCCAGAAACCCAACCACGAAAGTGGCTTTATATTGCCTGAACCCACGAAAGCTATGGTA,Eukaryota,Chordata,Actinopteri,Labriformes,Labridae,Bodianus,Bodianus diplotaenia,,Bodianus diplotaenia,,TRUE
CACCGCGGTTAGACGAATGACCCAAGTTGACAGAATACGGCGTAAAGGGTGGTTAGGGAATATTGATACTAAAGCCGAACACCTTCCAAGCTGTTATACGCTTATGAAGAACTGAAGCACAACTACGAAAGTGGCTTTAAAACACCTGAACCCACGAAAGCTAAGAAA,Eukaryota,Chordata,Actinopteri,Carangiformes,Coryphaenidae,Coryphaena,Coryphaena hippurus,,Coryphaena hippurus,,TRUE
AGCCGCGGTTATACGAAAGGCCCAAGTTGATGGACTCGGCGTAAAGAGTGGTTATGGGTTAAATTTAGACTAAAGCTAAAGGCCACCCAAGCCGTTATACGCATACGATGGTTCGAACCACCTTAACGAAAGTAGCTTTACCCCCTCCAGCCAGAATCCACGACAGCTGGGGAA,Eukaryota,Chordata,Actinopteri,Clupeiformes,Clupeidae,Harengula,Harengula thrissina,,Harengula thrissina,,TRUE
CACCGCGGCCATACGATTAACCCAAACTAATAGACCCACGGCGTAAAGCGTGTTACAGAGAAAAAAATATACTAAAGTTAAATTTTAACTAGGCCGTAGAAAGCTACAGTTAACATAAAAATACAGCACGAAAGTAACTTTAACACCTCCGACTACACGACAGCTAAGACC,Eukaryota,Chordata,NA,NA,NA,NA,NA,,Felis catus,,FALSE
AGCCGCGGTAATACGAGAGGCCCAAGTTGATAGCCACCGGCGTAAAGAGTGGTTAAGAAATTTATAACAAATTAGAGCCGAACGCTTTCAAGGCTGTTATACGCACCCGAAAGTAAGAAGCACGACAACGAAAGTGACTCTATTAATTCCGAACCCACGAAAGCTAAGGTA,Eukaryota,Chordata,Actinopteri,Tetraodontiformes,Balistidae,Balistes,Balistes polylepis,,Balistes polylepis,,TRUE
CACCGCGGTTATACGAAAGGCCCAAGTTGAAAGACATTCGGCGTAAAGGGTGACTAAGGACCTATCTCAAACTAGAGCTGAATTTCTTCAAAGCTGTTATACGATCATGAAAACTAGAAAATCGACCACGAAAGTGGCTCTAATCCCCCCCTGACACCACGAAAGCTATGACA,Eukaryota,Chordata,NA,NA,NA,NA,NA,,NA,,TRUE
CACCGCGGTCACACGATTAACCTAAGTCAATAGAAGCCGGCGTAAAGAGTGTTTTAGATCACCCCCTCCCCAATAAAGCTAAAACTCACCTGAGTTGTAAAAAACTCCAGCTGACACAAAATAGACTACGAAAGTGGCTTTAACATATCTGAACACACAATAGCTAAGACC,Eukaryota,Chordata,Mammalia,Primates,Hominidae,Homo,Homo sapiens,,Homo sapiens,,TRUE
AGCCGCGGTTATACGAGAGGCCCAAGTTGACAAAAGCCGGCGTAAAGAGTGGTTAGTAGTATATATACTAAAGCCGAACACCTTCAAGGCTGTTATACGCACCCGAAGGCAGGAAGCCCTGCTACGAAAGTGGCTTTAAACCAGTATGAACCCACGAAAGCTAGGAAA,Eukaryota,Chordata,Actinopteri,Gobiiformes,Gobiidae,Bollmannia,Bollmannia boqueronensis,,Bollmannia boqueronensis,,TRUE
CACCGCGGTTAGACGAATGACCCAAGTTGACAGAATACGGCGTAAAGGGTGGTTAGGGAATATTAATACTAAAGCCGAACACCTTCCAAGCTGTTATACGCTTATGAAGAACCGAAGCACAACTACGAAAGTGGCTTTAAAACACCTGAACCCACGAAAGCTAAGAAA,Eukaryota,Chordata,Actinopteri,Carangiformes,Coryphaenidae,Coryphaena,Coryphaena hippurus,,Coryphaena hippurus,,TRUE
AGCCGCGGTTATACGAGAGGCCCGAGTTGATAAGCACTCGGCGTAAAGGGTGGTTAAAATAACCTCACACTAAAGCCGAACACCCTCACGACTGTCGTACGTTTCCGAGGGTGGGAAGATCCACTACGAAAGTGGCTTTAATACTTTTGACCCCACGAAAGCTGCGGAA,Eukaryota,Chordata,Actinopteri,Blenniiformes,Labrisomidae,Malacoctenus,Malacoctenus triangulatus,,Malacoctenus triangulatus,,TRUE
CACCGCGGTTATACGAGAGGCCCAAGCTGATAATTATCGGCGTAAAGAGTGGTTAAGATTAATTAAAGACTAAAGCCGAAAACCCCCATAGCTGTTATACGCACCCGGGGGAAAGAAGCCCAATTACGAAAGTGGCTTTACAACATCTGAACCCACGAAAGCTAGGACC,Eukaryota,Chordata,Actinopteri,Lutjaniformes,Haemulidae,Haemulon,Haemulon flaviguttatum,,Haemulon flaviguttatum,,TRUE
ACAAGGCAAGAAACGTCATTCGCATCGAAGCCGACGGCAGGACAACTCTGCTGGCGGACCGCTTTGACGGCAAACGGTTCAATTCGCCAAACGATGTGGCCATCCGGTCGGATGGCACTTTGTGGTTTACAGATCCGCCATGGGGACTGACTGGATCGCATGAGATTCCGGGGCACTGGGTCTA,NA,NA,NA,NA,NA,NA,NA,,NA,,TRUE
AGCCGCGGTTATACGAGAGACCCAAGTTGATAAGAACCGGCGTAAAGAGTGGTTATGAACAACCCCAAAACTAAAGCCAAATGCCCCCAAAGCTGTTATACGCACTCGGGAGCCAGAAACCCAACCACGAAAGTGGCTTTATATTGCCTGAACCCACGAAAGCTATGATA,Eukaryota,Chordata,Actinopteri,Labriformes,Labridae,Bodianus,Bodianus diplotaenia,,Bodianus diplotaenia,,TRUE
CACCGCGGTTAGACGAATGACCCAAGTTGACAGAATACGGCGTAAAGGGTGGTTAGGGAATATTAATACTAAAGCCGGACACCTTCCAAGCTGTTATACGCTTATGAAGAACTGAAGCACAACTACGAAAGTGGCTTTAAAACACCTGAACCCACGAAAGCTAAGAAA,Eukaryota,Chordata,Actinopteri,Carangiformes,Coryphaenidae,Coryphaena,Coryphaena hippurus,,Coryphaena hippurus,,TRUE
CACCGCGGTTATACGAGAGGCTCAAGTTGACAGACAAAGGCGTAAAGAGTGGTTAAGGAACTTATTAAACTAAAGCCGAACGCCCTCAGAACTGTTATACGTTTCCGAAGGTAAGAAGCCCCACCACGAAAGTGACTTTATTTTCCCCGACTCCACGAAAGCTGCGGAA,Eukaryota,Chordata,Actinopteri,NA,Pomacentridae,Abudefduf,NA,,NA,,TRUE
AGCCGCGGTTATACGAGAGGCCCAAGTTGATAGACTCCGGCGTAAAGAGTGGTTAAGACACATCTACAAAACTAAAGCCGAACGCCCTCAGGGCTGTTATACGCTCCCGAAGGTAAGAAGTTCAATCACGAAAGTGGCTTTATACCAACTGAACCCACGAAAGCTATGACA,Eukaryota,Chordata,Actinopteri,Centrarchiformes,Kyphosidae,Kyphosus,Kyphosus analogus,,Kyphosus analogus,,TRUE
CACCGCGGTCACACGATTAACCCAAGTCAATAGAAGCCGGCGTAAAGAGTGTTTTAGATCACCCCCTCCCCAATAAAGCTAAAACTCACCTTAGTTGTAAAAAACTCCAGTTGACACAAAATAGACTACGAAAGTGGCTTTAACATATCTGAACACACAATAGCTAAGACC,Eukaryota,Chordata,Mammalia,Primates,Hominidae,Homo,Homo sapiens,,Homo sapiens,,TRUE
AGCCGCGGTCATACGATTAACCCAAGCTAACAGGAGTACGGCGTAAAACGTGTTAAAGCACCATACCAAATAGGGTTAAATTCTAACTAAGCTGTAAAAAGCCATGATTAAAATAAAAATAAATGACGAAAGTGACCCTACAATAGCCGACGCACTATAGCTAAGACC,Eukaryota,Chordata,Mammalia,Artiodactyla,Bovidae,Bos,Bos taurus,,Bos taurus,,TRUE
CACCGCGGTTATACGAGAGGCCCAAGTTGACAGACGCCGGCGTAAAGCGTGGTTAAGGTAAACTAACACTAAAGCCGAACACCCTCAGGGCAGTTATACGCATCCGAAGGCACGAAGCCCCACCACGAAAGTGGCTTTATGACCCCCGACCCCACGAAAGCTATGACA,Eukaryota,Chordata,Actinopteri,Scombriformes,Scombridae,Katsuwonus,Katsuwonus pelamis,,Katsuwonus pelamis,,TRUE
AGCCGCGGTAATACGAAAGGCCCAAGTTGAAAGACATTCGGCGTAAAGGGTGACTAAGGACCTATCTCAAACTAGAGCTGAATTTCTTCAAAGCTGTTATACGCTCATGAAAACTAGAAAATCGACCACGAAAGTGGCTCTAATCCCCCCCTGACACCACGAAAGCTATGACA,Eukaryota,Chordata,NA,NA,NA,NA,NA,,NA,,TRUE
CACCGCGGTTAGGCGAATGACCCAAGTTGACAGAATACGGCGTAAAGGGTGGTTAGGGAATATTAATACTAAAGCCGAACACCTTCCAAGCTGTTATACGCTTATGAAGAACTGAAGCACAACTACGAAAGTGGCTTTAAAACACCTGAACCCACGAAAGCTAAGAAA,Eukaryota,Chordata,Actinopteri,Carangiformes,Coryphaenidae,Coryphaena,Coryphaena hippurus,,Coryphaena hippurus,,TRUE
CACCGCGGTTATACGAGAGGCCCAAGCTTATAATTATCGGCGTAAAGAGTGGTTAAGATTAATTAAAGACTAAAGCCGAAAACCCCCATAGCTGTTATACGCACCCGGGGGAAAGAAGCCCAATTACGAAAGTGGCTTTACAACATCTTAACCCACGAAAGCTAGTGTA,Eukaryota,Chordata,Actinopteri,Lutjaniformes,Haemulidae,Haemulon,Haemulon flaviguttatum,,Haemulon flaviguttatum,,TRUE
CACCGCGGTTATACGAGAGGCCCAAGTTGATAGCCACCGGCGTAAAGAGTGGTTAAGAAATTTATAACAAATTAGAGTAGAACGCTTTCAAGGCTGTTATACGCACCAGAAAGTAAGAAGCACGACAACGAAAGTGACTCTATTAATTCCGAACCCACGAAAGCTAAGGTA,Eukaryota,Chordata,Actinopteri,Tetraodontiformes,Balistidae,Balistes,Balistes polylepis,,Balistes polylepis,,TRUE
AGCCGCGGTAATACGAGAGGCCCAAGCTGATAGTTATCGGCGTAAAGAGTGGTTAAGATTAATTAAAGACTAAAGCCGAAAACCCCCATAGCTGTTATACGCACCCGGGGGAAAGAAGCCCAATTACGAAAGTGGCTTTACAACATCTGAACCCACGAAAGCTAGGGTA,Eukaryota,Chordata,Actinopteri,Lutjaniformes,Haemulidae,Haemulon,Haemulon flaviguttatum,,Haemulon flaviguttatum,,TRUE
CACCGCGGTTAGACGAATGACCCAAGTTGACAGAATACGGCGTAAAGGGTGGTTAGGGAATATTAATACTAAAGCAGAACACCTTCCAAGTTGTTATACGCTTATGAAGAACTGAAGCACAACTACGAAAGTGGCTTTAAAACACCTGAACCAACGAAAGCTAAGAAA,Eukaryota,Chordata,Actinopteri,Carangiformes,Coryphaenidae,Coryphaena,Coryphaena hippurus,,Coryphaena hippurus,,TRUE
CAACGCGGTTATACGAGAGGCCCAAGTTGATAAGGTGCGGCGTAAAGAGTGGTTAAGATTACCTAGAAACTAAAGCCGAATGCCCTCAAAGCCGTTATACGCCCCCGAAGGTAAGAAGATCGACTACGAAAGTGACTTTACACTACTGAACCCACGAAAGCTAGGTCA,Eukaryota,Chordata,Actinopteri,Centrarchiformes,Girellidae,Girella,Girella simplicidens,,Girella simplicidens,,TRUE
AGCCGCGGTTATACGAGAGGCTCAAGTTGACAGACAACGGCGTAAAGAGTGGTTAAGGAGCCTTTTAAACTAAAGCCGAACCTCCTCAGAGCTGTTATACGTTCCCGAGGATATGAAGCTCCTCCACGAAAGTGGCTTTATTTACCCTGACTCCACGAAAGCTGTGAAA,Eukaryota,Chordata,Actinopteri,NA,Pomacentridae,Chromis,Chromis atrilobata,,Chromis atrilobata,,TRUE
AGCCGCGGTTATACGAAGGGCCCAAGTTGATAGTTGCCGGCGTAAAGCGTGGTTAGGTTAAAATTTGAAACTAAAGCCGAACGTACGCAAAGCTGTTATACGCGTTTGAACAACGGAAGCCCAATTACGAAAGTAGCTTTATGTTAGCTGAACCCACGAAAGCTAGGGCA,Eukaryota,Chordata,Actinopteri,Perciformes,Serranidae,Pronotogrammus,Pronotogrammus multifasciatus,,Pronotogrammus multifasciatus,,TRUE
TACCGCGGTTATACGAGAGGCCCAAGTTGATAAGCATCGGCGTAAAGAGTGGTTATGGTTAAATAAATACTAAAGCTGAACACTTACAAAGCTGTTATACGCTCCCGAAAATAAGAAGAACAACTAAGAAAGTGGCTTTATTACACCCGAACCCACGAAAGCCAAGGCA,Eukaryota,Chordata,Actinopteri,Perciformes,Serranidae,Paranthias,Cephalopholis colonus,,Cephalopholis colonus,,TRUE
CACCGCGGTTATACGAGAGGTCCAAGTTGATAGAAACCGGCGTAAAGAGTGGTTAGGATGATTTCACTTTACTAAAGCCAAACACCTTCAGAACTGTTATACGTACCCGAAGGCATGAAGAACCACTACGAAAGTGGCTTTATAAACCCCGAACCCACGAAAGCCAGGGTA,Eukaryota,Chordata,Actinopteri,Holocentriformes,Holocentridae,Myripristis,Myripristis pralinia,,Myripristis pralinia,,TRUE
CACCGCGGTTATACGAGAGGCCCAAGTTGATAGCCACCGGCGTAAAGAGTGGTTAAGAAATTTATAACAAATTAGAGCCGAACGCTTTCAAGGCTGTTATACGCACCCGAAAGTAATAAGCACGACAACGAAAGTGACTCTATTAATTCCGAACCCACGAAAGCTAAGGTA,Eukaryota,Chordata,Actinopteri,Tetraodontiformes,Balistidae,Balistes,Balistes polylepis,,Balistes polylepis,,TRUE
AGCCGCGGTAATACGAGAGGCCCAAGTTGACAGACACGGCGTAAAGAGTGGTTAGGCAACCCCTCCCCCTTCTACACACTAAAGTCGAACGCCCTCAAGGCTGTTATACGCCCTACGAAGGCAAGAAGCCCGTCCACGAAAGTGACTTTATTCTACCTGACTCCACGAAAGCTGTGGTA,Eukaryota,Chordata,Actinopteri,NA,Pomacentridae,Stegastes,Stegastes rectifraenum,,Stegastes rectifraenum,,TRUE
CACCGCGGTTAGACGAATGACCCAAGTTGACAGAATACGGCGTAAAGGGTGGTTAGGGAATATTAATACTAAAGCAGAACACCTTCCAAGTTGTTATACGCTTATGAAGAACTGAAGCACAACTACGAAAGTGGCTTTAAAACACCTGAACCCACGAAAGCTAAGAAA,Eukaryota,Chordata,Actinopteri,Carangiformes,Coryphaenidae,Coryphaena,Coryphaena hippurus,,Coryphaena hippurus,,TRUE
AGCCGCGGTAATACGGAGGGTGCGAGCGTTAATCGGAATTACTGGGCGTAAAGCGTGGTTAGAGGTAAAGACCAACTAAAGCTAAACCCCATCAAAGCCGTAATACGCACCCGATGATGTGAGACCCAACCACGAAAGTAGCTTTAAATAAACCCGAACCCACGAGAGCCGAGGAA,Eukaryota,Chordata,Actinopteri,Myctophiformes,Myctophidae,Benthosema,Benthosema pterotum,,Benthosema pterotum,,TRUE
AGCCGCGGTTATACGAGAGGCCCGAGCTGATAATTGCCGGCGTAAAGAGTGGTTAAGATCAAATAAAAACTAAAGCCAAAAGCCCTCACAGCTGTTATACGCACTCGAGGGTAGGAAGCCCAACTACGAAAGTGGCTTTACAACATCTGAACCCACGAAAGCTAGGGTA,Eukaryota,Chordata,Actinopteri,Lutjaniformes,Haemulidae,Anisotremus,Anisotremus davidsonii,,Anisotremus davidsonii,,TRUE
CACCGCGGTTATACGAGAGGCTCAAGTTGACAGACAACGGCGTAAAGAGTGGTTAAGGAGCCTTTTAAACTAAAGCCGAACCTCCTCAGAGCTGTTATACGTTCCCGAGGATATGAAGCTCCTCCACGAAAGTGGCTTTATTTACCCTGACTCCACGAAAGCGTGGGTAG,Eukaryota,Chordata,Actinopteri,NA,Pomacentridae,Chromis,Chromis atrilobata,,Chromis atrilobata,,TRUE
AGCCGCGGTTATACGAGAGGCCCAAGTTGATAGCCAGCGGCGTAAAGAGTGGTTAAGGGAGCCCCTTACTAAAGTCGAACGCCTTCAGAGCTGTTATACGTTACCGAAAGCAAGAAGCCCTACTACGAAAGTGACTTTATATTACCTGACTCCACGAAAGCTGTGAAA,Eukaryota,Chordata,Actinopteri,Atheriniformes,Atherinopsidae,Atherinops,Atherinops affinis,,Atherinops affinis,,TRUE
CACCGCGGTTATACGAGAGGCCTAAGTTAACAGACACCGGCGTAAAGAGTGGTTAAGGAGAAATAAAAACTAAAGCCGAATAACCTCAAGACTGTTATACGTTCCCGAGGACAAGAAGCCCAACTACGAAAGTGGCTTTAATTTTCCCGACTCCACGAAAGCTGTGAAA,Eukaryota,Chordata,Actinopteri,Beloniformes,Hemiramphidae,Hemiramphus,NA,,NA,,TRUE
AGCCGCGGTAATACGAGAGGCCCAAGTTGATAGACTCCGGCGTAAAGAGTGGTTAAGACACATCTACAAAACTAAAGCCGAACGCCCTCAGGGCTGTTATACGCTCCCGAAGGTAAGAAGTTCAATCACGAAAGTGGCTTTATACCAACTGAACCCACGAAAGCTATGACA,Eukaryota,Chordata,Actinopteri,Centrarchiformes,Kyphosidae,Kyphosus,Kyphosus analogus,,Kyphosus analogus,,TRUE
CACCGCGGTTATACGAGAGGCCCAAGTTGATAGCCAGCGGCGTAAAGAGTGGTTAAGGGAACCCCTTACTAAAGTCGAACGCCTTCAGAGCCGTTATACGTTACCGAAAGCAAGAAGCCCTACTACGAAAGTGACTTTATATTACCTGACTCCACGAAAGCTGTGAAG,Eukaryota,Chordata,Actinopteri,Atheriniformes,Atherinopsidae,Atherinops,Atherinops affinis,,Atherinops affinis,,TRUE
AGCCGCGGTTATACGAAAGGCCCAAGTTGAAAAACATTCGGCGTAAAGGGTGGCTAAGGGCCTATTTTAAACTAGAGCTGAATTTCTTCAAAGCTGTTATACGCTCATGAAAACTAGAAAATCAACCACGAAAGTGGCTCTAATCTCTCCTGACACCACGAAAGCTATGACA,Eukaryota,Chordata,Actinopteri,Labriformes,Labridae,Scarus,Scarus ghobban,,Scarus ghobban,,TRUE
AGCCGCGGTAATACGAGAGGCCCAAGTTGATAGCCAGCGGCGTAAAGAGTGGTTAAGGGAGCCCCTTACTAAAGTCGAACGCCTTCAGAGCTGTTATACGTTACCGAAAGCAAGAAGCCCTACTACGAAAGTGACTTTATATTACCTGACTCCACGAAAGCTGTGAAA,Eukaryota,Chordata,Actinopteri,Atheriniformes,Atherinopsidae,Atherinops,Atherinops affinis,,Atherinops affinis,,TRUE
AGCCGCGGTTATACGAGAGGCCCAAGCTGATAGTTATCGGCGTAAAGAGTGGTTAAGATTAATTAAAGACTAAAGCCGAAAACCCCCATAGCTGTTATACGCACCCGGGGGAAAGAAGCCCAATTACGAAAGTGGCTTTACAACATCTGAACCCACGAAAGCTAGGGTA,Eukaryota,Chordata,Actinopteri,Lutjaniformes,Haemulidae,Haemulon,Haemulon flaviguttatum,,Haemulon flaviguttatum,,TRUE
CACCGCGGTTAGACGAATGACCCAAGTTGACAGAATACGGCGTAAAGGGTGGTTAGGGAATATTAATACTAAAGCCGAACACCTTCCAAGCTGTTATACGCTTATGAAGAACTGAAGCACAACTACGAAAGTGGCTTTAAAACACCTGAACCCACGAAAGCGTGGGTAG,Eukaryota,Chordata,Actinopteri,Carangiformes,Coryphaenidae,Coryphaena,Coryphaena hippurus,,Coryphaena hippurus,,TRUE
AGCCGCGGTTAGACGAGAGACCCAAGTGGATGGCCCTCGGCGTAAAGAGTGGTTAAGATAACTTTAAACTAAGGCCAAACGACTTTTTAGCTGTTATACGCGCGAGAAGACATGAAGCCCAACTACGAAAGTGGCCTTAAGTTCCTGACCCCACGAAAGCTAGGACA,Eukaryota,Chordata,Actinopteri,Labriformes,Labridae,Thalassoma,Thalassoma lucasanum,,Thalassoma lucasanum,,TRUE
AGCCGCGGTAATACGAGAGACCCAAGTTGATAAGAACCGGCGTAAAGAGTGGTTATGAACAACCCCAAAACTAAAGCCAAATGCCCCCAAAGCTGTTATACGCACTCGGGAGCCAGAAACCCAACCACGAAAGTGGCTTTATATTGCCTGAACCCACGAAAGCTATGATA,Eukaryota,Chordata,Actinopteri,Labriformes,Labridae,Bodianus,Bodianus diplotaenia,,Bodianus diplotaenia,,TRUE
AGCCGCGGTAAGACGAATGACCCAAGTTGACAGAATACGGCGTAAAGGGTGGTTAGGGAATATTAATACTAAAGCCGAACACCTTCCAAGCTGTTATACGCTTATGAAGAACTGAAGCACAACTACGAAAGTGGCTTTAAAACACCTGAACCCACGAAAGCTAAGAAA,Eukaryota,Chordata,Actinopteri,Carangiformes,Coryphaenidae,Coryphaena,Coryphaena hippurus,,Coryphaena hippurus,,TRUE
CACCGCGGTTATACTAGAGGCCCAAGCTTATAATTATCGGCGTAAAGAGTGGTTAAGATTAATTAAAGACTAAAGCCTAAAACCCCCATAGCTGTTATACGCACCCGGGGGAAAGAAGCCCAATTACGAAAGTGGCTTTACAACATCTGAACCCACGAAAGCTAGTGTA,Eukaryota,Chordata,Actinopteri,Lutjaniformes,Haemulidae,Haemulon,Haemulon flaviguttatum,,Haemulon flaviguttatum,,TRUE
AGCCGCGGTAATACGAGAGGTCCGAGCTGATAATTATCGGCGTAAAGAGTGGTTAAGATTAATTAAAGACTAAAGCCGAAAACCCCCATAGCTGTTATACGCACCCGGGGGAAAGAAGCCCAATTACGAAAGTGGCTTTACAACATCTGAACCCACGAAAGCTAGGGTA,Eukaryota,Chordata,Actinopteri,Lutjaniformes,Haemulidae,Haemulon,Haemulon flaviguttatum,,Haemulon flaviguttatum,,TRUE
AGCCGCGGTAATACGAGAGGCTCAAGTTGACAGACAACGGCGTAAAGAGTGGTTAAGGAGCCTTTTAAACTAAAGCCGAACCTCCTCAGAGCTGTTATACGTTCCCGAGGATATGAAGCTCCTCCACGAAAGTGGCTTTATTTACCCTGACTCCACGAAAGCTGTGAAA,Eukaryota,Chordata,Actinopteri,NA,Pomacentridae,Chromis,Chromis atrilobata,,Chromis atrilobata,,TRUE
CACCGCGGTTATACGAAAGGCCCAAGTTGAAAGACATTCGGCGTAAAGGGTGACTAAGGACCTATCTCAAACTAGAGCTGAATTTCTTCAAAGCTGTTATACGCTCATGAAAACTAGAAAATCGACCACGAAAGTGGCTCTAATCCCCCCCCGACTCCACGAAAGCTGCGGAA,Eukaryota,Chordata,Actinopteri,Labriformes,Labridae,Scarus,Scarus perrico,,NA,,FALSE
AGCCGCGGTAAGACGAGAGGCCTAAGTTGATAGTTACCGGCGTAAAGAGTGGTTAAGGAGACCCTAAAACTAAAGCCGAACGTTTTCACTGCTGTTTAACGCATCCGAAAATAAGAAGCTCCACCACGAAAGTGGCTTTAACCCACCTGACCCCACGAAAACTGTGAAA,Eukaryota,NA,NA,NA,NA,NA,NA,,NA,,TRUE
CACCGCGGTTATACGAGAGGCCCAAGTTGATAGCCAGTGGCGTAAAGAGTGGTTAAGGGAACCCCTTACTAAAGTCGAACGCCTTCAGAGCTGTTATACGTTACCGAAAGCAAGAAGCCCTACTACGAAAGTGACTTTATATTACCTGACTCCACGAAAGCTGTGAAA,Eukaryota,Chordata,Actinopteri,Atheriniformes,Atherinopsidae,Atherinops,Atherinops affinis,,Atherinops affinis,,TRUE
AGCCGCGGTAATACGAAGGGCCCGAATTGACGCATTACGGCGTAAAGTGTGATTAGAGACAAAACTAAACTAGAACCAAATACCCCTTATGCTGTCATACGCTATGGGGGTCACGAAGCCCAACAACGAAAGTGGTTCTATTAACCTTGAACTCACGACAGCTAAGACA,Eukaryota,Chordata,NA,NA,NA,NA,NA,,NA,,TRUE
CACCGCGGTTATACGAGAGGCTCAAGTTGACAGACAACGGCGTAAAGAGTGGTTAAGGAACTTATTAAACTAAAGCCGAACGCCCTCAGAACTGTTATACGTTTCCGAAGGTAAGAAGCCCCACCACGAAAGTGACTTTAACCCTACCCGAACCCACGACAGCTAGGACA,Eukaryota,Chordata,Actinopteri,NA,Pomacentridae,Abudefduf,NA,,NA,,TRUE
CACCGCGGCCATACGAGTGTTAGCCCAAGTGGACGGTCAACGGCGTAAAGGGTGGTTAGGGAATATTAATACTAAAGCCGAACACCTTCCAAGCTGTTATACGCTTATGAAGAACTGAAGCACAACTACGAAAGTGGCTTTAAAACACCTGAACCCACGAAAGCTAAGAAA,Eukaryota,Chordata,Actinopteri,Carangiformes,Coryphaenidae,Coryphaena,Coryphaena hippurus,,Coryphaena hippurus,,TRUE
CACCGCGGTTATACGAGAGGCCCAAGTTGATAGACTCCGGCGTAAAGAGTGGTTAAGGAACTTATTAAACTAAAGCCGAACGTTTTCACTGCTGTTTAACGCATCCGAAAATAAGAAGCTCCACCACGAAAGTGGCTTTAACCCACCTGACCCCACGAAAACTGTGAAA,NA,NA,NA,NA,NA,NA,NA,,NA,,TRUE
AGCCGCGGTAATACGGAGGGTGCAAGCGTTAATCGGAATTACTGGGCGTAAAGCGTGGTTAAGGTAAACTAAAACTAAAGCCGAATACCTTCAGGGCAGTTATACGCATCCGAAGGCACGAAGCCCCACCACGAAAGTGGCTTTATGACCCCTGACCCCACGAAAGCTATGACA,Eukaryota,Chordata,Actinopteri,Scombriformes,Scombridae,Euthynnus,Euthynnus affinis,,Euthynnus affinis,,TRUE
CACCGCGACCATATGATTAACCCGAGCTGACAGAACTCAGCGTAAAGAGTGTTTAATTAAGGTCTACCCTCAATAAAGCTAAACTCCAATTGAGTTGTAAAAAACTACAGCTGAAATAAAATATACTACGAAAGTGGCTTTAATACCCTGAAGACACAATAGCTAAAACC,Eukaryota,Chordata,Mammalia,Primates,Hominidae,Homo,Homo sapiens,,Homo sapiens,,TRUE
CACTGTGGCCATACAATGAACCCAAGCTATACAATTAACCCAAGCTAATAGAACTCAGCGTAAAGAGTGTTTAAGATCTGCCCTCAATAAAGCTAAACTCCATTTAAGTTGTAAAAAACTTAGGCTGAAATAAAACATACTACGAATGTGGCTTTAATATCCTGAAGACACGACAGCTAAGATC,NA,NA,NA,NA,NA,NA,NA,,NA,,TRUE
AGCCGCGGTAAGACGGAGGATGCAAGTGTTATCCGGAATCACTGGGCGTAAAGCGTGGTTAAGGTAAACTAAAACTAAAGCCGAATACCTTCAGGGCAGTTATACGCATCCGAAGGCACGAAGCCCCACCACGAAAGTGGCTTTATGACCCCTGACCCCACGAAAGCTATGACA,Eukaryota,Chordata,Actinopteri,Scombriformes,Scombridae,Euthynnus,Euthynnus affinis,,Euthynnus affinis,,TRUE
TACCGCGGTTATACGAGAGGCCCAAGTTGATAAGCATCGGCGTAAAGAGTGGTTATGGTTAAATAAATACTAAAGCTGAACACTTACAAAGCTGTTATACGCTCCCGAAAATAAGAAGCTCCACCACGAAAGTGGCTTTAAAACACCTGAACCCACGAAAGCTAAGAAA,Eukaryota,Chordata,Actinopteri,Perciformes,Serranidae,Paranthias,Cephalopholis colonus,,Cephalopholis colonus,,TRUE
AGCCGCGGTAATACGAGAGACCCAAGTTGTTAGACACCGGCGTAAAGAGTGGTTAGGTTTGAATCTTAAACTAAAGCCGAACATCTTCAAAGCTGTTATACGCACCCGAAGACAAGAAGTTCAATCACGAAAGTGGCTTTACCTCAACTGAACCCACGAAAGCTAGGACA,Eukaryota,Chordata,NA,NA,NA,NA,NA,,NA,,TRUE
AGCCGCGGTAATACGAGAGACCCAAGTTGTTAGACACCGGCGTAAAGAGTGGTTAGGTTTGAATCTTAAACTAAAGCCGAACATCTTCAAAGCTGTTATACGCACCCGAAGACAAGAAGTTCAATCACGAAAGTGGCTTTACCTCAACTGAACCCACGAAAGCTAGGATA,Eukaryota,Chordata,NA,NA,NA,NA,NA,,NA,,TRUE
AGCCGCGGTAAGACGGAGGATGCAAGTGTTATCCGGAATCACTGGGCGTAAAGCGTGGTTAGAGGTAAAGACCAACTAAAGCTAAACCCCATCAAAGCCGTAATACGCACCCGATGATGTGAGACCCAACCACGAAAGTAGCTTTAAATAAACCCGAACCCACGAGAGCCGAGGAA,Eukaryota,Chordata,Actinopteri,Myctophiformes,Myctophidae,Benthosema,Benthosema pterotum,,Benthosema pterotum,,TRUE
CACCGCGGTTATACGAAAGGCCCAAGTTGAAAGACAACGGCGTAAAGAGTGGTTAAGGAGACCCTAAAACTAAAGCCGAACGCCCTCAGAACTGTTATACGTTTCCGAAGGTAAGAAGCCCCACCACGAAAGTGACTTTATTTTCCCCGACTCCACGAAAGCTGCGGAA,Eukaryota,Chordata,NA,NA,NA,NA,NA,,NA,,TRUE
AGCCGCGGTAAGACGGAGGATGCAAGTGTTATCCGGAATCACTGGGCGTAAAGCGTGGTTAGAGATAAAGACCAACTAAAGCTAAACCCCATCAAAGCCGTAATACGCACCCGATGATGTGAGACCCAACCACGAAAGTAGCTTTAAATAAACCCGAACCCACGAGAGCCGAGGAA,Eukaryota,Chordata,Actinopteri,Myctophiformes,Myctophidae,Benthosema,Benthosema pterotum,,Benthosema pterotum,,TRUE
AGCCGCGGTAAGACGGAGGATGCAAGTGTTATCCGGAATCACTGGGCGTAAAGGGTGGTTAGGGATAACTATAAAATAAAGCCGAATATCTTCAACGCTGTTATACGCCCTCGAAGATTCGAAGCCCCATTACGAAAGTAGCTTTACCTTCCCCCGAACCCACGAAAGCCAGGGTA,Eukaryota,Chordata,NA,NA,NA,NA,NA,,NA,,TRUE
CACCATGATCATACGATTAACCCAAACTAATAAAATCTGGTGAAAAGCGTGTTTAAGGTAAACCTACAGTAAAGCTAAACTCCGTCTAAGCTGTAAAAAGCTTCAACTGAAGTAAAAATAAACTACAAAAGTGACTTTAACACCCTGAAAACACGATAGCTAAGACT,NA,NA,NA,NA,NA,NA,NA,,NA,,TRUE
CACCGCGGTTATACGAGAGGCTCAAGTTGACAGACAACGGCGTAAAGAGTGGTTAAGGAACTTATTAAACTAAAGCCGAACGCCCTCAGAACTGTTATACGTTTCCGAAGGTAAGAAGATCGACTACGAAAGTGACTTTACACTACTGAACCCACGAAAGCTAGGTCA,Eukaryota,Chordata,Actinopteri,NA,Pomacentridae,Abudefduf,NA,,NA,,TRUE
TACCGCGGTTATACGAGAGGCCCAAGTTGATAAGCATCGGCGTAAAGAGTGGTTATGGTTAAATAAATACTAAAGCTGAACACTTACAAAGCTGTTATACGCTCCCGAAAATAAGAAGCTCCACCACGAAAGTGACTTTATTTTCCCCGACTCCACGAAAGCTGCGGAA,Eukaryota,Chordata,Actinopteri,Perciformes,Serranidae,Paranthias,Cephalopholis colonus,,Cephalopholis colonus,,TRUE
,,,,,,,,,,,
,,,,,,,,,,,4