Sequence,Kingdom,Phylum,Class,Order,Family,Genus,Species
CACCGCGGTTAGACGAATGACCCAAGTTGACAGAATACGGCGTAAAGGGTGGTTAGGGAATATTAATACTAAAGCCGAACACCTTCCAAGCTGTTATACGCTTATGAAGAACTGAAGCACAACTACGAAAGTGGCTTTAAAACACCTGAACCCACGAAAGCTAAGAAA,Eukaryota,Chordata,Actinopteri,Carangiformes,Coryphaenidae,Coryphaena,Coryphaena hippurus
TACCGCGGTTATACGAGAGGCCCAAGTTGATAAGCATCGGCGTAAAGAGTGGTTATGGTTAAATAAATACTAAAGCTGAACACTTACAAAGCTGTTATACGCTCCCGAAAATAAGAAGAACAACTACGAAAGTGGCTTTATTACACCCGAACCCACGAAAGCCAAGGCA,Eukaryota,Chordata,Actinopteri,Perciformes,Serranidae,Paranthias,Cephalopholis colonus
CACCGCGGTCATACGATTAACCCAAATTAATAGATCCACGGCGTAAAGAGTGTTTAAGAAAAAAAACCACAATAGAGTTAAATTATAACTAAGCTGTAAAAAGCCCTAGTTAAAATAAAATAACCCACGAAAGTGACTCTAATAATCCTGACACACGATAGCTAGGACC,Eukaryota,Chordata,Mammalia,Artiodactyla,Suidae,Sus,Sus scrofa
CACCGCGGTTATACGAAAGGCCCAAGTTGAAAGACATTCGGCGTAAAGGGTGACTAAGGACCTATCTCAAACTAGAGCTGAATTTCTTCAAAGCTGTTATACGCTCATGAAAACTAGAAAATCGACCACGAAAGTGGCTCTAATCCCCCCCTGACACCACGAAAGCTATGACA,NA,NA,NA,NA,NA,NA,NA
CACCGCGGTTATACGAGAGGCCCAAGCTGATAATTATCGGCGTAAAGAGTGGTTAAGATTAATTAAAGACTAAAGCCGAAAACCCCCATAGCTGTTATACGCACCCGGGGGAAAGAAGCCCAATTACGAAAGTGGCTTTACAACATCTGAACCCACGAAAGCTAGGGTA,Eukaryota,Chordata,Actinopteri,Lutjaniformes,Haemulidae,Haemulon,Haemulon flaviguttatum
CACCGCGGTTATACGAGAGGCTCAAGTTGACAGACAACGGCGTAAAGAGTGGTTAAGGAACTTATTAAACTAAAGCCGAACGCCCTCAGAACTGTTATACGTTTCCGAAGGTAAGAAGCCCCACCACGAAAGTGACTTTATTTTCCCCGACTCCACGAAAGCTGCGGAA,Eukaryota,Chordata,Actinopteri,NA,Pomacentridae,Abudefduf,Abudefduf vaigiensis
CACCGCGGTTATACGAGAGGCTCAAGTTGACAGACAACGGCGTAAAGAGTGGTTAAGGAAAATATTTAACTAAAGCGGAACTCCCTCATTGCTGTCATACGCTTCCGAGAGAATGAACCCCAACTACGAAGGTGGCTTTATAAAACCTGAACCCACGAAAGCTAAGAAA,Eukaryota,Chordata,Actinopteri,Carangiformes,Carangidae,Decapterus,Decapterus macrosoma
CACCGCGGTTATACGAGAGGTCCAAGTTGATAGAAACCGGCGTAAAGAGTGGTTAGGATGATTTCACTTTACTAAAGCCAAACACCTTCAGAACTGTTATACGTACCCGAAGGCATGAAGAACCACTACGAAAGTGGCTTTATAAACCCTGAACCCACGAAAGCTATGTCA,Eukaryota,Chordata,Actinopteri,Holocentriformes,Holocentridae,Myripristis,Myripristis pralinia
CACCGCGGTTATACGAGAGGCCCAAGTTGATAGCCACCGGCGTAAAGAGTGGTTAAGAAATTTATAACAAATTAGAGCCGAACGCTTTCAAGGCTGTTATACGCACCCGAAAGTAAGAAGCACGACAACGAAAGTGACTCTATTAATTCCGAACCCACGAAAGCTAAGGTA,Eukaryota,Chordata,Actinopteri,Tetraodontiformes,Balistidae,NA,NA
CACCGCGGTCACACGATTAACCCAAGTCAATAGAAGCCGGCGTAAAGAGTGTTTTAGATCACCCCCTCCCCAATAAAGCTAAAACTCACCTGAGTTGTAAAAAACTCCAGTTGACACAAAATAGACTACGAAAGTGGCTTTAACATATCTGAACACACAATAGCTAAGACC,Eukaryota,Chordata,Mammalia,Primates,Hominidae,Homo,Homo sapiens
CACCGCGGTTAGACGAGAGGCCTAAGTTGATAGTTACCGGCGTAAAGAGTGGTTAAGGAGACCCTAAAACTAAAGCCGAACGTTTTCACTGCTGTTTAACGCATCCGAAAATAAGAAGCTCCACCACGAAAGTGGCTTTAACCCACCTGACCCCACGAAAACTGTGAAA,NA,NA,NA,NA,NA,NA,NA
CACCGCGGTTAGACGAGAGACCCAAGTGGATGGCCCTCGGCGTAAAGAGTGGTTAAGATAACTTTAAACTAAGGCCAAACGACTTTTTAGCTGTTATACGCGCGAGAAGACATGAAGCCCAACTACGAAAGTGGCCTTAAGTTCCTGACCCCACGAAAGCTAGGACA,Eukaryota,Chordata,Actinopteri,Labriformes,Labridae,Thalassoma,Thalassoma lucasanum
CACCGCGGTTATACGAGAGGCCCAAGTTGATAGGTACCGGCGTAAAGGGTGGTTAGGGATAACTATAAAATAAAGCCGAATATCTTCAACGCTGTTATACGCCCTCGAAGATTCGAAGCCCCATTACGAAAGTAGCTTTACCTTCCCCCGAACCCACGAAAGCCAGGGTA,Eukaryota,Chordata,Actinopteri,Syngnathiformes,Mullidae,Mulloidichthys,NA
CACCGCGGTTATACGAGAGGCCCAAGCTGATAATTATCGGCGTAAAGAGTGGTTAAGATTAATTAAAAACTAAAGCCGAAAACCCCCATAGCTGTTATACGCACCCGGGGGAAAGAAGCCCAATTACGAAAGTGGCTTTACAACATCTGAACCCACGAAAGCTAGGGTA,Eukaryota,Chordata,Actinopteri,Lutjaniformes,Haemulidae,Haemulon,Haemulon flaviguttatum
CACCGCGGTTATACGAAAGGCCCAAGTTGATGGACTCGGCGTAAAGAGTGGTTATGGGTTAAATTTAGACTAAAGCTAAAGGCCACCCAAGCCGTTATACGCATACGATGGTTCGAACCACCTTAACGAAAGTAGCTTTACCCCCTCCAGCCAGAATCCACGACAGCTGGGGAA,Eukaryota,Chordata,Actinopteri,Clupeiformes,Clupeidae,Harengula,Harengula thrissina
CACCGCGGCCATACGAGTGAGCCCAAGCGGACAGTCTGTCGGCGTAAAGCGTGGTTAGAGGTAAAGACCAACTAAAGCTAAACCCCATCAAAGCCGTAATACGCACCCGATGATGTGAGACCCAACCACGAAAGTAGCTTTAAATAAACCCGAACCCACGAGAGCCGAGGAA,Eukaryota,Chordata,Actinopteri,Myctophiformes,Myctophidae,Benthosema,Benthosema pterotum
CACCGCGGTTATACGAGAGGCTCAAGTTGACAGACAACGGCGTAAAGAGTGGTTAAGGAGCCTTTTAAACTAAAGCCGAACCTCCTCAGAGCTGTTATACGTTCCCGAGGATATGAAGCTCCTCCACGAAAGTGGCTTTATTTACCCTGACTCCACGAAAGCTGTGAAA,Eukaryota,Chordata,Actinopteri,NA,Pomacentridae,Chromis,Chromis atrilobata
CACCGCGGTTATACGAGAGGCCCAAGTTGACAGACACGGCGTAAAGAGTGGTTAGGCAACCCCTCCCCCTTCTACACACTAAAGTCGAACGCCCTCAAGGCTGTTATACGCCCTACGAAGGCAAGAAGCCCGTCCACGAAAGTGACTTTATTCTACCTGACTCCACGAAAGCTGTGGTA,Eukaryota,Chordata,Actinopteri,NA,Pomacentridae,Stegastes,Stegastes rectifraenum
CACCGCGGTCATACGATTAACCCAAGCTAACAGGAGTACGGCGTAAAACGTGTTAAAGCACCATACCAAATAGGGTTAAATTCTAACTAAGCTGTAAAAAGCCATGATTAAAATAAAAATAAATGACGAAAGTGACCCTACAATAGCCGACGCACTATAGCTAAGACC,Eukaryota,Chordata,Mammalia,Artiodactyla,Bovidae,Bos,Bos taurus
CACCGCGGTTATACGAGAGGCCCAAGTTGATAGACTCCGGCGTAAAGAGTGGTTAAGACACATCTACAAAACTAAAGCCGAACGCCCTCAGGGCTGTTATACGCTCCCGAAGGTAAGAAGTTCAATCACGAAAGTGGCTTTATACCAACTGAACCCACGAAAGCTATGACA,Eukaryota,Chordata,Actinopteri,Centrarchiformes,Kyphosidae,Kyphosus,NA
CACCGCGGTTATACGAGAGGCCCAAGTTGATAAGGTGCGGCGTAAAGAGTGGTTAAGATTACCTAGAAACTAAAGCCGAATGCCCTCAAAGCCGTTATACGCCCCCGAAGGTAAGAAGATCGACTACGAAAGTGACTTTACACTACTGAACCCACGAAAGCTAGGTCA,Eukaryota,Chordata,Actinopteri,Centrarchiformes,Girellidae,Girella,Girella simplicidens
TACCGCGGTTATACGAGAGGCCCAAGTTGACAGGCTCCGGCGTAAAGCGTGGTTAAGGAACAATAAACACTAAAGCTGAACGCTTACTAGGCTGTTATACGCTCCCGAAAGTAAGAAGAACATCCACGAAGGTGGCTTTACCTTACCTGAACCCACGAAAGCTAAGGCA,NA,NA,NA,NA,NA,NA,NA
CACCGCGGTTATACGAGAGGCCCAAGTTGACAGACACCGGCGTAAAGCGTGGTTAAGGTAAACTAAAACTAAAGCCGAATACCTTCAGGGCAGTTATACGCATCCGAAGGCACGAAGCCCCACCACGAAAGTGGCTTTATGACCCCTGACCCCACGAAAGCTATGACA,Eukaryota,Chordata,Actinopteri,Scombriformes,Scombridae,Euthynnus,Euthynnus affinis
CACCGCGGTTATACGAGAGGCCCAAGCTGATAGTTATCGGCGTAAAGAGTGGTTAAGATTAATTAAAGACTAAAGCCGAAAACCCCCATAGCTGTTATACGCACCCGGGGGAAAGAAGCCCAATTACGAAAGTGGCTTTACAACATCTGAACCCACGAAAGCTAGGGTA,Eukaryota,Chordata,Actinopteri,Lutjaniformes,Haemulidae,Haemulon,Haemulon flaviguttatum
CACCGCGGTTATACGAGAGACCCAAGTGGATGGTCTTCGGCGTAAAGAGTGGTTAAGATAAAACCTAAAACTAAAGCCAAATAACTTCAAAGCTGTCATACGCGAATGAAGAAAAGAAACTCAACCACGAAAGTGGCTTTAAACTCCTGACTCCACGAAAGCTATGATA,Eukaryota,Chordata,Actinopteri,Labriformes,Labridae,Halichoeres,Halichoeres chierchiae
CACCGCGGTTATACGAGAGGCTCAAATTGACACCCCTTCGGCGTAAAGTGTGGTTAATTATATTATATTACTAAAGCTAAACGTCCTCAGAGCTGTTATACGTTTATGATGATATGAAAACCCCTTACGAAAGTTGCTTTATATTGTTGATGCCACTATAGCTGAGAAA,Eukaryota,Chordata,Actinopteri,Blenniiformes,Gobiesocidae,Tomicodon,Tomicodon boehlkei
CACCGCGGTCATACGATTAACCCAAACTAACGGGCTCACGGCGTAAAGCGTGTAAAAGATCTACCTACACTAAAGTTAAAATTTAACCAAGCCGTAAAAAGCTGCCGTTAATACAAAATATACTACGAAAGTGACTTTAATAATTCTGATTACACGATAGCTAAGACC,Eukaryota,Chordata,Mammalia,Carnivora,Otariidae,Zalophus,Zalophus californianus
CACCGCGGTTATACGAGAGGCCCAAGTTGATAGACTCCGGCGTAAAGAGTGGTTAAGATACATTTATTAAAACTAAAGCCGAACGCCTTCAGGGCTGTAATACGCTCCCGAAGATAAGAAGTTCAACCACGAAAGTGGCTTTATACCCACTGAACCCACGAAAGCTATGACA,Eukaryota,Chordata,Actinopteri,Centrarchiformes,Kyphosidae,Kyphosus,Kyphosus azureus
CACCGCGGTTATACGAGAGGCCCAAGTTGATAAGCCCGGCGTAAAGAGTGGTTATGGACAAACTTCCTCACTAAAGCTAAAGACCCCTTAGGCTGTTATACGCACCTGGGGGCTCGAACCACCTATACGAAAGTAGCTTTATTCTATTCCACCAGAATCCACGACAGCTGGGGCA,Eukaryota,Chordata,Actinopteri,Clupeiformes,Clupeidae,Opisthonema,Opisthonema libertate
CACCGCGGTTATACGAGAGACCCAAGTTGTTAGACACCGGCGTAAAGAGTGGTTAGGTTTGAATCTTAAACTAAAGCCGAACATCTTCAAAGCTGTTATACGCACCCGAAGACAAGAAGTTCAATCACGAAAGTGGCTTTACCTCAACTGAACCCACGAAAGCTAGGACA,NA,NA,NA,NA,NA,NA,NA
CACCGCGGTTATACGGGGGGCCCAAGTTGATAGAAGCCGGCGTAAAGGGTGGTTAAGAGCAAATTTAAAATTAGAGCCGAATGCTTTCCTGGCTGTTATACGCATCCGAAAGTAAGAAGTCCAATTACGAAAGTAGCTTTATATAATCTGAACCCACGAAAGCTAAGACA,Eukaryota,Chordata,Actinopteri,Spariformes,Sparidae,Calamus,Calamus brachysomus
CACCGCGGTTATACGAGAGACCCAAGTTGATAAGAACCGGCGTAAAGAGTGGTTATGAACAACCCCAAAACTAAAGCCAAATGCCCCCAAAGCTGTTATACGCACTCGGGAGCCAGAAACCCAACCACGAAAGTGGCTTTATATTGCCTGAACCCACGAAAGCTATGATA,Eukaryota,Chordata,Actinopteri,Labriformes,Labridae,Bodianus,Bodianus diplotaenia
CACCGCGGTTATACGAGAGGCTCAAATTGAAGTTTCACGGCGTAAAGTGTGATTAGAGGAAACAAAAACTAAAGCCAAACATCTCCCAAGCTGTCATACGCTAACGGAACCAGAGGCCCCCCAACGAAAGTAGCTTTAAAATTCTTGAACTCACGACCATTAAGAAA,Eukaryota,Chordata,Actinopteri,Anguilliformes,Congridae,Heteroconger,Heteroconger digueti
CACCGCGGTTATACGAGAGGCCCAAGCTGATAGTCACCGGCGTAAAGAGTGGTTAAGATTAATTGAATACTAAAGCCGAAAGCCCTCACAGCTGTTATACGCACTCGAGGGTAAGAAGCCCAACTACGAAAGTGGCTTTACAACATCTGAACCCACGAAAGCTAGGGCA,Eukaryota,Chordata,Actinopteri,Lutjaniformes,Haemulidae,Microlepidotus,Microlepidotus inornatus
CACCGCGGTTATACGAGAGACCCAAGTTGTTAGACACCGGCGTAAAGAGTGGTTAGGTTTGAATCTTAAACTAAAGCCGAACATCTTCAAAGCTGTTATACGCACCCGAAGACAAGAAGTTCAATCACGAAAGTGGCTTTACCTCAACTGAACCCACGAAAGCTAGGATA,NA,NA,NA,NA,NA,NA,NA
CGCCGCGGCTATACGAGAGGCTCAAGTCGATAGATTCCGGCGTAAAGGGTGGTTAGGGAGCCACAACCCCTAGAGAAGAACGCTCTTCAAGCTGTTATACGCCCCAAGAGTGTGAAATCCTGACACGAAAGCAACTCTACTTTGACCTGAACCCACGACAGCTCCGGCA,Eukaryota,Chordata,Actinopteri,Aulopiformes,Synodontidae,Synodus,Synodus lacertinus
CACCGCGGTTATACGAGAGGCCCGAGTTGATAAGCACTCGGCGTAAAGGGTGGTTAAAATAACCTCACACTAAAGCCGAACACCCTCACGACTGTCGTACGTTTCCGAGGGTGGGAAGATCCACTACGAAAGTGGCTTTAATACTTTTGACCCCACGAAAGCTGCGGAA,Eukaryota,Chordata,Actinopteri,Blenniiformes,Labrisomidae,Malacoctenus,Malacoctenus hubbsi
CACCGCGGTTAGACGAATGACCCAAGTTGACAGAATACGGCGTAAAGGGTGGTTAGGGAATATTAATACTAAAGCCGAACACCTTCCAAGCTGTTATACGCTTATGAAGAACTGAAGCACAACTACGAGAGTGGCTTTAAAACACCTGAACCCACGAAAGCTAAGAAA,Eukaryota,Chordata,Actinopteri,Carangiformes,Coryphaenidae,Coryphaena,Coryphaena hippurus
CACCGCGGTTAGACGAATGACCCAAGTTGACAGAATACGGCGTAAAGGGTGGTTAGGGAATATTAATACTAAAGCCGAACACCTTCCAAGCTGTTATACGCTTATGAAGAACTGAAGCACAACTACGAAAGTGGCTTCAAAACACCTGAACCCACGAAAGCTAAGAAA,Eukaryota,Chordata,Actinopteri,Carangiformes,Coryphaenidae,Coryphaena,Coryphaena hippurus
CACCGCGGTTATACGAGAGGCCCAAGTTGACAAAAGCCGGCGTAAAGAGTGGTTAGTAGTATATATACTAAAGCCGAACACCTTCAAGGCTGTTATACGCACCCGAAGGCAGGAAGCCCTGCTACGAAAGTGGCTTTAAACCAGTATGAACCCACGAAAGCTAGGAAA,Eukaryota,Chordata,Actinopteri,Gobiiformes,Gobiidae,Bollmannia,Bollmannia boqueronensis
CACCGCGGTTATACATGAGACACGAGTTGAAACACTTCGGCAAAAAGGTGATAATTTCTCAACGGGGTTGACGCTCTCTCAAGCAGTAACAAGCTAACAGACCCCTAAACACAACACCCTAACCCCGAAATATCCGCGCCTAAAAAATCATCAAAGCTCAAAGA,Eukaryota,Echinodermata,Asteroidea,Valvatida,Oreasteridae,Pentaceraster,Pentaceraster mammillatus
CACCGCGGTTATACGAGAGGCCCAAGTTGATAGACTCCGGCGTAAAGAGTGGTTAAGATACATCTACAAAACTAAAGCCGAACGCCCTCAGGGCTGTTATACGCTCCCGAAGGTAAGAAGTTCAATCACGAAAGTGGCTTTATATTAGCTGAACCCACGAAAGCTATGACA,Eukaryota,Chordata,Actinopteri,Centrarchiformes,Kyphosidae,Kyphosus,Kyphosus ocyurus
TACCGCGGTTATACGAGAGACCTAAGTTGTTAAGCCCCGGCGTAAAGAGTGGGCAAACCCCAAACACCTAAACTGAGGCCGAACACCCTCAAAGCAGTTATACGCTCCCGAGGGCATGAAGAACAACTACGAAAGTAGCCTCACCCCACTTGAACCCACGAAAGCTAGGGTA,Eukaryota,Chordata,Actinopteri,Tetraodontiformes,Tetraodontidae,Canthigaster,Canthigaster janthinoptera
CACCGCGGTTAGACGAATGACCCAAGTTGACAGAATACGGCGTAAAGGGTGGTTAGGGAATATTAATACTGAAGCCGAACACCTTCCAAGCTGTTATACGCTTATGAAGAACTGAAGCACAACTACGAAAGTGGCTTTAAAACACCTGAACCCACGAAAGCTAAGAAA,Eukaryota,Chordata,Actinopteri,Carangiformes,Coryphaenidae,Coryphaena,Coryphaena hippurus
CACCGCAGTCACACGATTAACCCAAGTCAATAGAAGCCGGCGTAAAGAGTGTTTTAGATCACCCCCTCCCCAATAAAGCTAAAACTCACCTGAGTTGTAAAAAACTCCAGTTGACACAAAATAGACTACGAAAGTGGCTTTAACATATCTGAACACACAATAGCTAAGACC,Eukaryota,Chordata,Mammalia,Primates,Hominidae,Homo,Homo sapiens
CACCGCGGTTATACGAGAGGCCCAAGTTGATAGACTCCGGCGTAAAGAGTGGTTAAGACTCATCTACAAAACTAAAGCCGAACGCCCTCAGCGCTGTTATACGCTCCCGAAGGTAAGAAGTTCAATCACGAAAGTGGCTTTATATCAGCTGAACCCACGAAAGCTATGACA,Eukaryota,Chordata,Actinopteri,Centrarchiformes,Kyphosidae,Kyphosus,NA
CACCGCGGTTATACGAAAGGCCCAAGTTGAAAAACATTCGGCGTAAAGGGTGGCTAAGGGCCTATTTTAAACTAGAGCTGAATTTCTTCAAAGCTGTTATACGCTCATGAAAACTAGAAAATCAACCACGAAAGTGGCTCTAATCTCTCCTGACACCACGAAAGCTATGACA,Eukaryota,Chordata,Actinopteri,Labriformes,Labridae,Scarus,Scarus ghobban
CACCGCGGTTATACGAATGGCCCAAGTTGACCGACTTCCGGCGTAAAGAGTGGTTAGATATAATTTTTACTAAAGCTGAATGCCTTCAACGCTGTTATACGTTTCCGAGGACAAGAAACCCAACTACGAAAGTGGCTTTATTAAATTGAACCCACGAAAGCTGTGAAA,NA,NA,NA,NA,NA,NA,NA
CACCGCGGTTATACGAGAGGCCCAAGTTGACAGACACCGGCGTAAAGCGTGATTAAGGTAAACTAAAACTAAAGCCGAATACCTTCAGGGCAGTTATACGCATCCGAAGGCACGAAGCCCCACCACGAAAGTGGCTTTATGACCCCTGACCCCACGAAAGCTATGACA,Eukaryota,Chordata,Actinopteri,Scombriformes,Scombridae,Euthynnus,Euthynnus affinis
CACCGCGGTTATACGAGAGGCTCAAGTTGACAATAATTCGGCGTAAAGAGTGGTTAAATTAACTGATAACTAAAGCCGAACGCCCTCACAACTGTTATACGTATTCGAGGGTTAGAAGCACTAATACGAAAGTAGCTTTAACATTTTGACCCCACGAAAGCTGGGAAA,Eukaryota,Chordata,Actinopteri,Blenniiformes,Tripterygiidae,Crocodilichthys,Crocodilichthys gracilis
CACCGCGGTTATACGAGAGGCCCGAGCTGATAATTGCCGGCGTAAAGAGTGGTTAAGATCAAATAAAAACTAAAGCCAAAAGCCCTCACAGCTGTTATACGCACTCGAGGGTAGGAAGCCCAACTACGAAAGTGGCTTTACAACATCTGAACCCACGAAAGCTAGGGTA,Eukaryota,Chordata,Actinopteri,Lutjaniformes,Haemulidae,Anisotremus,Anisotremus davidsonii
CACCGCGGTTATACGAGAGACCCAAGTTGATAAGAACCGGCGTAAAGAGTGGTTATGAACAACCCCAAAACTAAAGCCAAATGCCCCCAAAGCTGTTATACGCACTCGGGAGCCAGAAACCCAACCACGAAAGTGGCTTTATATTGCCTGAACCCACGAAAGCTATGGTA,Eukaryota,Chordata,Actinopteri,Labriformes,Labridae,Bodianus,Bodianus diplotaenia
CACCGCGGTTATACGAGAGGCTCAAGTTGACAATAATTCGGCGTAAAGAGTGGTTAAGTTTACTAATAACTAAGGCCGAACCCCCTCAAAACTGTTATACGTACTCGAGGGTTAGAAGCACTACTACGAAAGTGGCTTTAACATTTTGACACCACGAAAGCTAGGAAA,Eukaryota,Chordata,Actinopteri,Blenniiformes,Tripterygiidae,Crocodilichthys,Crocodilichthys gracilis
CACCGCGGTTATACGAGAGACCCAAGTTGTTAGACACCGGCGTAAAGAGTGGTTAGGTTTGAATCTTAAACTAAAGCCGAACATCTTCAAAGCTGTTATACGCACCCGAAGACAAGAAGTTCAATCACGAAAGTGGCTTTACCTCAACTGAACCCACGAAAGCTAGGGCA,NA,NA,NA,NA,NA,NA,NA
CACCGCGGTTAGACGAATGACCCAAGTTGACAGAATACGGCGTGAAGGGTGGTTAGGGAATATTAATACTGAAGCCGAACACCTTCCAAGCTGTTATACGCTTATGAAGAACTGAAGCACAACTACGAAAGTGGCTTTAAAACACCTGAACCCACGAAAGCTAAGAAA,Eukaryota,Chordata,Actinopteri,Carangiformes,Coryphaenidae,Coryphaena,Coryphaena hippurus
CACCGCGGTTATACGAGAGACCCAAGTAGATGGCCGCCGGCGTAAAGAGTGGTTAAGATGTGCCCCTACTAAAGCCAAATGACTTCAAAGCTGTCATACGCGCATGAATATACGAAGCCCAACCACGAAAGTGGCTTTAAAACTCTGACTCCACGAAAGCTATGATA,Eukaryota,Chordata,Actinopteri,Labriformes,Labridae,Halichoeres,Halichoeres dispilus
CACCGCGGTTATACGAGAGGCTCAAGTTGACAGACAACGGCGTAAAGAGTGGTTATGGAACTTATTAAACTAAAGCCGAACGCCCTCAGAACTGTTATACGTTTCCGAAGGTAAGAAGCCCCACCACGAAAGTGACTTTATTTTCCCCGACTCCACGAAAGCTGCGGAA,Eukaryota,Chordata,Actinopteri,NA,Pomacentridae,Abudefduf,NA
CACCGCGGTTATACGAGAGGCTCAAGTTGACAGACAACAGCGTAAAGAGTGGTTAAGGAACTTATTAAACTAAAGCCGAACGCCCTCAGAACTGTTATACGTTTCCGAAGGTAAGAAGCCCCACCACGAAAGTGACTTTATTTTCCCCGACTCCACGAAAGCTGCGGAA,Eukaryota,Chordata,Actinopteri,NA,Pomacentridae,Abudefduf,NA
CACCGCGGTTAGACGAGAGACCCAAGTAGATGGCCCTCGGCGTAAAGAGTGGTTAAGATAACTTTAAACTAAGGCCAAACGACTTTTTAGCTGTTATACGCGCGAGAAGACATGAAGCCCAACTACGAAAGTGGCCTTAAGTTCCTGACCCCACGAAAGCTAGGACA,Eukaryota,Chordata,Actinopteri,Labriformes,Labridae,Thalassoma,Thalassoma lucasanum
CACCGCGGTTAGACGAATGACCCAAGTTGACAGAATACGGCGTAAAGGGTGGTTAGGGAATATTAATACTAAAGCCGAACACCATCCAAGCTGTTATACGCTTATGAAGAACTGAAGCGCAACTACGAAAGTGGCTTTAAAACACCTGAACCCACGAAAGCTAAGAAA,Eukaryota,Chordata,Actinopteri,Carangiformes,Coryphaenidae,Coryphaena,Coryphaena hippurus
CACCGCGGTTAGACGAATGACCCAAGTTGACAGAATACGGCGTAAAGGGTGGTTAGGGAATATTAATACTAAAGCCGAACACCTTCCAAGTTGTTATACGCTTATGAAGAACTGAAGCACAACTACGAAAGTGGCTTTAAAACACCTGAACCCACGAAAGCTAAGAAA,Eukaryota,Chordata,Actinopteri,Carangiformes,Coryphaenidae,Coryphaena,Coryphaena hippurus
CACCGCGGTTATACGAAAGGCCCAAGTTGAAAAACATTCGGCGTAAAGGGTGTCTAAGGGCCTATTTTAAACTAGAGCTGAATTTCTTCAAAGCTGTTATACGCTCATGAAAACTAGAAAATCAACCACGAAAGTGGCTCTAATCTCTCCTGACACCACGAAAGCTATGACA,Eukaryota,Chordata,Actinopteri,Labriformes,Labridae,Scarus,Scarus ghobban
CACCGCGGTTATACGAGAGACCCAAGTTGATAGACACCGGCGTAAAGAGTGGTTAAGATTTACCCAAAACTAAAGCCGAACGCCCTCAGAGCTGTTATACGCACCCGAGAGTTAGAAGCCCAACCACGAAAGTGGCTTTAAACAATCTGAACCCACGAAAGCTATGATA,Eukaryota,Chordata,Actinopteri,Lutjaniformes,Lutjanidae,Lutjanus,Lutjanus argentiventris
TACCGCGGTTATACGAGAGGCCCAAGTTGATAGACATCGGCGTAAAGAGTGGTTAAGGATAAATGATTACTAAAGCTGAACACTTACAAGGCTGTTATACGCTCCCGAAAGTAAGAAGAACAACTACGAAAGTGGCTTTATAATACCTGAACCCACGAAAGCTAAGACA,Eukaryota,Chordata,Actinopteri,Perciformes,Serranidae,Cephalopholis,Cephalopholis panamensis
CACCGCGGTTATACGAGAGGCCCAAGATGACAGACCCTCGGCGTAAAGAGTGGTTAGAATAAAATGAAACTAAAGCCGAATGTTTTCTAAACTGTTATACGTACTCGAGAACTAGAAGCACCCCTACGAAAGTGGCTTTACTATTTTGAATCCACGAAAGCTATGGCA,Eukaryota,Chordata,Actinopteri,Blenniiformes,Blenniidae,Ophioblennius,Ophioblennius steindachneri
CACCGCGGTCACACGATTAACCCAAGTCAATAGAAACCGGCGTAAAGAGTGTTTTAGATCACCCCCTCCCCAATAAAGCTAAAACTCACCTGAGTTGTAAAAAACTCCAGTTGACACAAAATAGACTACGAAAGTGGCTTTAACATATCTGAACACACAATAGCTAAGACC,Eukaryota,Chordata,Mammalia,Primates,Hominidae,Homo,Homo sapiens
CACCGCGGTTATACGAGAGGCTCAAGTTGACAGACAACGGCGTAAAGAGTGGTTAAGGAACTTATTAAACTAAAGCAGAACGCCCTCAGAACTGTTATACGTTTCCGAAGGTAAGAAGCCCCACCACGAAAGTGACTTTATTTTCCCCGACTCCACGAAAGCTGCGGAA,Eukaryota,Chordata,Actinopteri,NA,Pomacentridae,Abudefduf,NA
CACCGCGGTCACACGATTAACCCAAGTCAATAGAAGCCGGCGTAAAGAGTGTTTTAGATCACCCCCGCCCCAATAAAGCTAAAACTCACCTGAGTTGTAAAAAACTCCAGTTGACACAAAATAGACTACGAAAGTGGCTTTAACATATCTGAACACACAATAGCTAAGACC,Eukaryota,Chordata,Mammalia,Primates,Hominidae,Homo,Homo sapiens
CACCGCGGTTAGACGAATGACCCAAGTTGACAGAATACGGCGTAAAGGGTGGTTAGGGAATATTAATACTAAAGCCGAACACCTTCCAAGCTGTTATACGCTTATGAAGGACTGAAGCACAACTACGAAAGTGGCTTTAAAACACCTGAACCCACGAAAGCTAAGAAA,Eukaryota,Chordata,Actinopteri,Carangiformes,Coryphaenidae,Coryphaena,Coryphaena hippurus
CACCACGGTTATACGAGAGGCCCAAGTTGATAGCCAGCGGCGTAAAGAGTAGTTAAGGGAACCCCTTACTAAAGTCGAACGCCTTCAGAGCTGTTATACGTTACCGAAAGCAAGAAGCCCTACTACGAAAGTGACTTTATATTACCTGACTCCACGAAAGCTGTGAAA,Eukaryota,Chordata,Actinopteri,Atheriniformes,Atherinopsidae,Atherinops,Atherinops affinis
CACCGCGGTTATACGAGAGGCCCAAGTTGATAGCCAGCGGCGTAAAGAGTGGTTAAGGGAGCCCCTTACTAAAGTCGAACGCCTTCAGAGCTGTTATACGTTACCGAAAGCAAGAAGCCCTACTACGAAAGTGACTTTATATTACCTGACTCCACGAAAGCTGTGAAA,Eukaryota,Chordata,Actinopteri,Atheriniformes,Atherinopsidae,Atherinops,Atherinops affinis
CACCGCGGTTATACGAGAGGCCCAAGTTGATAGTCAACGGCGTAAAGAGTGGTTAGAAGGAACTTATCACTAAAGCCGAACACCCTCAAGGCTGTTATACGCACCCGAAGGTGAGAAGCTCATCCACGAAAGTGGCTTTATAACCTTGAACCCACGAAAGCTATGAAA,Eukaryota,Chordata,Actinopteri,NA,Sciaenidae,Equetus,Equetus lanceolatus
CACCGCGGTTATACGAGAGGCCCAAGTTGATAATAGCTCGGCGTAAAGAGTGGTTAAAATGAATATATACTAGAGCCGAACCCCCTCAAAACTGTTATACGTACTCGAGGGCTAGAAGTACATTTACGAAAGTAGCTTTAACGTTTTGACCCCACGAAAGCTAGGAAA,Eukaryota,Chordata,Actinopteri,Blenniiformes,Tripterygiidae,Axoclinus,Axoclinus nigricaudus
CACCGCGGTTATACGAGAGGCCCAAGTTGATAAGCCCGGCGTAAAGAGTGGTTATGGATGAACCCCCGCACTAAAGCTAAAGACCCCTTAGGCTGTTATACGCACCTGGGGGCTCGAACCACCTATACGAAAGTAGCTTTATTCTCTTCCACCAGAACCCACGACAGCTGGGGCA,Eukaryota,Chordata,Actinopteri,Clupeiformes,Clupeidae,Opisthonema,Opisthonema libertate
CACCGCGGTTAGACGAATGACCCAAGTTGACAGAATACAGCGTAAAGGGTGGTTAGGGAATATTAACACTAAAGCCGAACACCTTCCAAGCTGTTATACGCTTATGAAGAACTGAAGCACAACTACGAAAGTGGCTTTAAAACACCTGAACCCACGAAAGCTAAGAAA,Eukaryota,Chordata,Actinopteri,Carangiformes,Coryphaenidae,Coryphaena,Coryphaena hippurus
CACCGCGGTTATACGGGTTAGCCCAAGTTGACAGCCTACGGCGTAAAGCGTGGTTAGGGAGCAAGAACATACTAAAGCCGAATTTTCCTTCAGCTGTTATACGCTCGCAGGAACAAGAAGTTCAACTACGAAAGTGACTTTATTTTTCTACCCCTGAGCCCACGAAAGTTTTGATA,Eukaryota,Chordata,Actinopteri,Centrarchiformes,Cirrhitidae,Cirrhitichthys,Cirrhitichthys oxycephalus
AACCGCGGTTATACGAGGGGCCCGAATTGACGCATTACGGCGTAAAGTGTGATTAGAGACAAAACTAAACTAGAACCAAATACCCCTTATGCTGTCATACGCTATGGGGGTCACGAAGCCCAACAACGAAAGTGGTTCTATTAACCTTGAACTCACGACAGCTAAGACA,Eukaryota,Chordata,Actinopteri,Anguilliformes,Muraenidae,Gymnothorax,Gymnothorax castaneus
CACCGCGGTTATACGAGAGGCTCAAGTTGACAGACAACGGCGTAAAGCGTGGTTAAGGAGAACTCATAACTAAAGCGGAACTTCCTCCTAGCTGTTATACGCTTCCGAGGGAATGAACCCCAACTACGAAAGTGGCTTTACCCCACCTGAACCCACGAAAGCTAAGAAA,Eukaryota,Chordata,Actinopteri,Carangiformes,Carangidae,Caranx,Caranx crysos
CACCGCGGTTATACGAGAGGCCCGAGTCGAAGGAGAACGGCGTAAAGGGTGGTTAACGTTAATACTATCCAAAGTCAAACACCGTCCAAGCTGTTATACGCAATCGACGGCAGGAAGCCCACCCGCGAAAGTGACTTTGAACCACATGACCCCACGAAAGCTAGGCCA,Eukaryota,Chordata,Actinopteri,Gobiiformes,Gobiidae,Lythrypnus,Lythrypnus dalli
CACCGCGGTTATACGAGAGGCTCAAGTTGACAGACAACGGCGTAAAGAGTGGTTAAGGCACCCTTTCCTAAAACTAAAGTCGAACGCCTTCAAGGCTGTTATACGCTCCCGAAGGTAAGAAGTTCCACCACGAAAGTGACTTTATTTCCCCCGACCCCACGAAAGCTGTGACA,Eukaryota,Chordata,Actinopteri,NA,Pomacentridae,Microspathodon,Microspathodon dorsalis
CACCGCGGTTATACGAGAGGCTCAAGTTGACAGACAACGGCGTAAAGAGTGGTTAAGGAAAATATTCAACTAAAGCGGAACCCCCTCATTGCTGTCATACGCTTCCGAGAGGATGAACCCCAACTACGAAGGTGGCTTTATAAAACCTGAACCCACGAAAGCTAAGAAA,Eukaryota,Chordata,Actinopteri,Carangiformes,Carangidae,Decapterus,Decapterus macarellus
CACCGCGGTTATACGAAAGGCCCAATTTGATGGACTCGGCGTAAAGAGTGGTTATGGGTTAAATTTAGACTAAAGCTAAAGGCCACCCAAGCCGTTATACGCATACGATGGTTCGAACCACCTTAACGAAAGTAGCTTTACCCCCTCCAGCCAGAATCCACGACAGCTGGGGAA,Eukaryota,Chordata,Actinopteri,Clupeiformes,Clupeidae,Harengula,Harengula thrissina
CACCGCGGTTATACGAGAGGCTCAAGTTGACAGACAACGGCGTAAAGAGTGGTTAAGGAACTTATTAAACTAAAGCCGAACGCCCTCAGAACTGTTATACGTTTCCGAAGGTAAGAAGCCCCACCACGAAAGTGACTTTATTTTCCCCGACTCCACGAAAGCTGCTGAA,Eukaryota,Chordata,Actinopteri,NA,Pomacentridae,Abudefduf,Abudefduf vaigiensis
CACCGCGGTTATACGAGAGGCCTAAGTTAACAGACACCGGCGTAAAGAGTGGTTAAGGAGAAATCAAAACTAAAGCCGAATAACCTCAAGACTGTTATACGTTCCCGAGGACAAGAAGCCCAACTACGAAAGTGGCTTTAATTTTCCCGACTCCACGAAAGCTGTGAAA,Eukaryota,Chordata,Actinopteri,Beloniformes,Hemiramphidae,Hemiramphus,NA
CACCGCGGTTATACGAGAGGCCCAAGCTGATAATTACCGGCGTAAAGAGTGGTTAAGATTAATTAAAGACTAAAGCCGAAAACCCCCATAGCTGTTATACGCACCCGGGGGAAAGAAGCCCAATTACGAAAGTGGCTTTACAACATCTGAACCCACGAAAGCTAGGGTA,Eukaryota,Chordata,Actinopteri,Lutjaniformes,Haemulidae,Haemulon,Haemulon flaviguttatum
CACCGCGGTTAGACGAATGACCCAAGTTGACAGAATACGGCGTAAAGGGTGGTTAGGGAATATTAATACTAAAGCCGAACACCTTCCAAGCTGTTATACGCTTATGAAGAACTGAAGCACAACTACGAAAGTGGCTTTAAAACACCTGAACCAACGAAAGCTAAGAAA,Eukaryota,Chordata,Actinopteri,Carangiformes,Coryphaenidae,Coryphaena,Coryphaena hippurus
CGCCGCGGTTATACGAGATATGGCCCAAGTTGACAGCCTTCGGCGTAAAGGGTGGTTAAGAGAATTAAAGGAAAAAATAAAGCCGAACACCTCTCCTGCTGTTATACGCAATCGGAGATAAAGAAGCCCAATCACGAAAGTAGCTTTACTTCCCCTCCTGAACCCACGAAAGTTATGATA,Eukaryota,Chordata,Actinopteri,Centrarchiformes,Cirrhitidae,Cirrhitus,Cirrhitus rivulatus
CACAGCGGTTATACGAGAGGCTCAAGTTGACAGACAACGGCGTAAAGAGTGGTTAAGGAACTTATTAAACTAAAGCCGAACGCCCTCAGAACTGTTATACGTTTCCGAAGGTAAGAAGCCCCACCACGAAAGTGACTTTATTTTCCCCGACTCCACGAAAGCTGCGGAA,Eukaryota,Chordata,Actinopteri,NA,Pomacentridae,Abudefduf,NA
CACCGCGGTTATACGAGAGGCCCAAGTTGATAGACTCCGGCGTAAAGAGTGGTTAAGATACATTTATTAAAACTAAAGCCGAACGCCTTCAGGGCTGTTATACGCTCCCGAAGATAAGAAGTTCAACCACGAAAGTGGCTTTATACCCACTGAACCCACGAAAGCTATGACA,Eukaryota,Chordata,Actinopteri,Centrarchiformes,Kyphosidae,Kyphosus,Kyphosus azureus
CACCGCGGTTATACGAGTGACTCAAGTTGATAGATTTCGGCGTAAAGCGTGGCTAAGAAGAGATTAAATTAAAGTCAAATACCGTTACAGCAGTGAAATGTTTATGACGGCAAAGAAGCCCAATCACGAAAGTGGCTTTATTATTTCTGATTCCACGAAAGCTAGGGCA,Eukaryota,Chordata,Actinopteri,Perciformes,Serranidae,Serranus,Serranus psittacinus
CACCGCGGTTATACGAGAGGCCCAAGTTGTTAGACATCGGCGTAAAGCGTGGTTAAGATAACTCAAATACTAAAGCCAAACACCACCCCCACTGTTATACGTTCACGGAGGTAGGAAGCCCAATCACGAAAGTAGCTTTATAATATCTGAGCCCACGAAAGCTAGGACA,Eukaryota,Chordata,Actinopteri,NA,Pomacanthidae,Holacanthus,NA
CACCGCGGTTATACGAGAGGCCCAAGCTGATAATTATCGGCGTAAAGAGTGGTTAAGATTAATTAAAGACTAAAGCCGAAAACCCCCATAGCTGTTATACGCACCCGGAGGAAAGAAGCCCAATTACGAAAGTGGCTTTACAACATCTGAACCCACGAAAGCTAGGGTA,Eukaryota,Chordata,Actinopteri,Lutjaniformes,Haemulidae,Haemulon,Haemulon flaviguttatum
CACCGCGGTTAGATGAATGACCCAAGTTGACAGAATACGGCGTAAAGGGTGGTTAGGGAATATTAATACTAAGCCGAACACCTTCCAAGCTGTTATACGCTTATGAAGAACTGAAGCACAACTACGAAAGTGGCTTTAAAACACCTGAACCCACGAAAGCTAAGAAA,Eukaryota,Chordata,Actinopteri,Carangiformes,Coryphaenidae,Coryphaena,Coryphaena hippurus
CACCGCGGTTATACGAGAGGCCCAAGTTGACAGACACGGCGTAAAGAGTGGTTAGGCAACCCCTCCCCCTTCTACACACTAAAGTCGAACGCCCTCAAGGCTGTTATACGCCCTACGAAGGCAAGAAGCCCGTCCACGAAAGTGACTTTATTCCACCTGACTCCACGAAAGCTGTGGTA,Eukaryota,Chordata,Actinopteri,NA,Pomacentridae,Stegastes,Stegastes rectifraenum
CACCGCGGTTATACGAGAGGCTCGAGTTGACAGACAACGGCGTAAAGAGTGGTTAAGGAACTTATTAAACTAAAGCCGAACGCCCTCAGAACTGTTATACGTTTCCGAAGGTAAGAAGCCCCACCACGAAAGTGACTTTATTTTCCCCGACTCCACGAAAGCTGCGGAA,Eukaryota,Chordata,Actinopteri,NA,Pomacentridae,Abudefduf,NA
CACCGCGGTTATACGAGAGGCTCAAGTTGACAGACAACGGCGTAAAGAGTGGTTAAGGCACCCTTTCCTAAAACTAAAGTCGAACGCCTTCAAAGCTGTTATACGCTCCCGAAGGTAAGAAGTTCCACCACGAAAGTGACTTTATTCCCCCCGACCCCACGAAAGCTGTGACA,Eukaryota,Chordata,Actinopteri,NA,Pomacentridae,Microspathodon,Microspathodon dorsalis
CACCGCGGTTATACATGAGACACGAGTTGAAACACTTCGGCAAAAAGGTGATAATTTCTCAACGGGGTTAACGCTCTCTCAAGCAGTAACAAGCTAACAGACCCCTAAACACAACACCCTAACCCCGAAATACCCGCGCCTAAAAAATCATCAAAGCTCAAAGA,Eukaryota,Echinodermata,Asteroidea,Valvatida,Oreasteridae,Pentaceraster,Pentaceraster mammillatus
CACCGCGGTTATACATGAGACACAAGTTGAAACACTTCGGCAAAAAGGTGATAATTTCTCAACGGGGTTGACGCTCTCTCAAGCAGTAACAAGCTAACAGACCCCTAAACACAACACCCTAACCCCGAAATATCCGCGCCTAAAAAATCATCAAAGCTCAAAGA,Eukaryota,Echinodermata,Asteroidea,Valvatida,Oreasteridae,Pentaceraster,Pentaceraster mammillatus
CACCGCGGTCATACGATTAACCCAAGCTAACAGGAGTACGGCGTAAAACGTGTTAAAGCACCATACCAAATAGGGTTAAATTATAACTAAGCTGTAAAAAGCCATGATTAAAATAAAAATAAATGACGAAAGTGACCCTACAATAGCCGACGCACTATAGCTAAGACC,Eukaryota,Chordata,Mammalia,Artiodactyla,Bovidae,Bos,Bos taurus
CACCGCGGTTATACGAGAGGCCCAAGATGACAGACCCTCGGCGTAAAAAGTGGTTAGATTTGATTGTAACTAGAGTCGAACTTTCTCAAAGCTGTTATACGCCCTCGAGAATAGGAATTACTTCCACGAAAGTGGCTTTATTCTATTGAGCCCACGAAAGCTAAGACA,Eukaryota,Chordata,Actinopteri,Blenniiformes,Blenniidae,Entomacrodus,Entomacrodus chiostictus
CACCGCGGTTATACGAGAGGCCCAAGCTGACAGCACCTCGGCGTAAAGAGTGGTTAGAAATGAAAAAGACTAAAGCCGAATACTCTCCAAGCTGTTATACGCTTTCGAGAGTTAGAAGCCCTACAACGAAAGTAGCTTTACAACATTGAACCCACGAAAGCTAGGGTA,Eukaryota,Chordata,Actinopteri,Blenniiformes,Blenniidae,Hypsoblennius,Hypsoblennius brevipinnis
CACCGCGGTCACACGATTAACCCAAGTCAATAGAAACCGGCGTAAAGAGTGTTTTAGATCAATTCCCCTCAATAAAGCTAAAATTCACCTGAGTTGTAAAAAACTCCAGTTGATACAAAATAAACTACGAAAGTGGCTTTAACGCATCTGAACACACAATAGCTAAGACC,Eukaryota,Chordata,Mammalia,Primates,Hominidae,Gorilla,Gorilla gorilla
CACCGCGGTTATACGAGAGGCCCAAGTTGACTAGCGCTCGGCGTAAAGGGTGGTTAATAATTTAATACACTAAAGCCGAACCCCCTCTCGACTGTCTAACGCTTTCGAGGGCTGGAAGCACAACTACGAAAGTGGCTTTAACACCTTGACCCCACGAAAACTGTGGCA,Eukaryota,Chordata,Actinopteri,Blenniiformes,Labrisomidae,Labrisomus,Labrisomus xanti
TACCGCGGTTATACGAGGGGCTCAAGTTGATAGGCTCCGGCGTAAAGCGTGGTTAGGGAACAATAAAAACTAAAGCCGAACACTTACTAAGCAGTCATACGCTCACGAAAGTAAGAAGCACAATCACGAAAGTGGCTTTACCACACCTGACTCCACGAAAGCTAAGGCA,Eukaryota,Chordata,Actinopteri,Perciformes,Serranidae,Alphestes,Alphestes immaculatus
CACCGCGGTTATACATGAGACACGAGTTGAAACACTTCGGCAAAAAGGTGATAATTTCTTAACGGGGTTGACGCTCTCTCAAGCAGTAACAAGCTAACAGACCCCTAAACACAACACCCTAACCCCGAAATATCCGCGCCTAAAAAATCATCAAAGCTCAAAGA,Eukaryota,Echinodermata,Asteroidea,Valvatida,Oreasteridae,Pentaceraster,Pentaceraster mammillatus
CACCGCGGTTATACGAAGGGCCCAAGTTGATAGTTGCCGGCGTAAAGCGTGGTTAGGTTAAAATTTGAAACTAAAGCCGAACGTACGCAAAGCTGTTATACGCGTTTGAACAACGGAAGCCCAATTACGAAAGTAGCTTTATGTTAGCTGAACCCACGAAAGCTAGGGCA,Eukaryota,Chordata,Actinopteri,Perciformes,Serranidae,Pronotogrammus,Pronotogrammus multifasciatus
CACCGCGGTCACACGATTAACCCAAGTCAATAGAAACCGGCGTAAAGAGTGTTTTAGATCAATTCCCCTCAATAAAGCTAAAATTCACCTGAGTTGTAAAAAACTCCAGTTGATACAAAATAAACGACGAAAGTGGCTTTAACGCATCTGAACACACAATAGCTAAGACC,Eukaryota,Chordata,Mammalia,Primates,Hominidae,Gorilla,Gorilla gorilla
CACCGCGGTCATACGATTAACCCGAATTAATAGATCCACGGCGTAAAGAGTGTTTAAGAAAAAAAACCACAATAGAGTTAAATTATAACTAAGCTGTAAAAAGCCCTAGTTAAAATAAAATAACCCACGAAAGTGACTCTAATAATCCTGACACACGATAGCTAGGACC,Eukaryota,Chordata,Mammalia,Artiodactyla,Suidae,Sus,Sus scrofa
CACCGCGGTCATACGATTGACCCAAACTAATAGACACCCGGCGTAAAGAGTGTCAAAGAACAATATAAAAATAAAGTCAAACCTTAATTAAGCTGTAAAAAGCCATAATTAAAATTAAGTTAAACTACGAAAGTAACTTTACCATAAACTGAATACACGACAACTAAGACC,Eukaryota,Chordata,Mammalia,Artiodactyla,Delphinidae,Tursiops,Tursiops truncatus
CACCGCGGTTAGACGAATGACCCAAGTTGACAGAATACGGCGTAAAGGGTGGTTAGGGAATATTAATACTAAAGCCGAACACCTTCCAAGCTGTTATACGCTTATGAAGAACTGAAGCACAACTACGAAAGTGGCTTTAAAACACCTGAACCCGCGAAAGCTAAGAAA,Eukaryota,Chordata,Actinopteri,Carangiformes,Coryphaenidae,Coryphaena,Coryphaena hippurus
CACCGCGGTTAGACGAATGACCCAAGTTGACAGAATACGGCGTAAAGGGTGGTTAGGGAATATTAATACTAAAGCCGAACACCTTCCAAGCTGTTATACGCTTATGAGGAACTGAAGCACAACTACGAAAGTGGCTTTAAAACACCTGAACCCACGAAAGCTAAGAAA,Eukaryota,Chordata,Actinopteri,Carangiformes,Coryphaenidae,Coryphaena,Coryphaena hippurus
TACCGCGGTTATACGAGAGTCCCAAGTTGATAAGCATCGGCGTAAAGAGTGGTTATGGTTAAATAAATACTAAAGCTGAACACTTACAAAGCTGTTATACGCTCCCGAAAATAAGAAGAACAACTACGAAAGTGGCTTTATTACACCCGAACCCACGAAAGCCAAGGCA,Eukaryota,Chordata,Actinopteri,Perciformes,Serranidae,Paranthias,Cephalopholis colonus
CACCGCGGTTATACGAGAGGCTCAAGTTGATAGACAGCGGCGTAAAGAGTGGTTAAGGAAAATATTAAATTAAAGCGGAAAGCCCTCAATGCTGTTATACGCCTTCGAAGAGACTGAACCACAACTACGAAAGTGGCTTTATTTAACCTGAACCCACGAAAGCTAAGAAA,Eukaryota,Chordata,Actinopteri,Carangiformes,Carangidae,Selar,Selar crumenophthalmus
CACCGCGGTTATACGAGAGGCTCAAGTTGACAGACAGCGGCGTAAAGAGTGGTTAAGGAAACTTTTAAACTAAAGCCGAACGCCCTCAGAACTGTTATACGTTTCCGAAGGTATGAAGCCCCACCACGAAAGTGGCTTTATTTCCCCTGACTCCACGAAAGCTGTGAAA,Eukaryota,Chordata,Actinopteri,NA,Pomacentridae,Chromis,Chromis alta
CACCGCGGTTATACGAGAGGCCCAAGCTGATAATTATCGGCGTAAAGAGTGGTTAAGATTTATTACAGACTAAAGCCGAAAACCCCCACAGCTGTTATACGCACCCGGGGGAAAGAAGCCCAATTACGAAAGTGGCTTTACAATATCTGAACCCACGAAAGCTAGGGTA,Eukaryota,Chordata,Actinopteri,Lutjaniformes,Haemulidae,Brachygenys,Brachygenys californiensis
CACCGCGGTTATACGAGAGGCCCAAGTTGACAGACACCGGCGTAAAGCGTGGTTAAGGTACACGAAAACTAAAGCCGAACACCTTCAGGGCAGTTATACGCATCCGAAGGCACGAAGCCCCACCACGAAAGTGGCTTTATAAACCCTGACTCCACGAAAGCTATGACA,Eukaryota,Chordata,Actinopteri,Scombriformes,Scombridae,Thunnus,Thunnus thynnus
CACCGCGGTTAGACGAATGACCCAAGTTGACAGAATACGGCGTAAAGGGTGGTTAGGGAATATTAATACTAAAGCCGAACACCTTCCAAGCTGTTATACGCTTATGAAGAACTGAAGCACAACTACGAAAGTGGCTTTAAAACACCTGAGCCCACGAAAGCTAAGAAA,Eukaryota,Chordata,Actinopteri,Carangiformes,Coryphaenidae,Coryphaena,Coryphaena hippurus
CACCGCGGTTATACGAGAGACCCTAGTTGATTGAAGCGGCGTAAAGAGTGGTTATGGAGTTTTCCCCTTTAAAGCAGAAAACCTCTCAAACTGTTATACGCACCCAGAGGTTGAAATCCCTCACACGAAAGTGACTTTATATTCGCCTACCAGAACCCACGAAAGCTGGGACA,Eukaryota,Chordata,Actinopteri,Clupeiformes,Engraulidae,Engraulis,Engraulis mordax
CACCGCGGTGATACGAAAGGCTCAAGCTGACAGCCCACGGCGTAAAGCGTGGTTAGGGTATATTTTAAATTAAAGCCGAACACCCCTTAAGCCGTCAAAAGCTTATAGAGGCATGAAGCCCACTTACGAAAGTAGCTTTATACTTCCTGAACCCACGAAAGCTAAGAAA,Eukaryota,Chordata,Actinopteri,Scombriformes,Trichiuridae,Trichiurus,Trichiurus nitens
CACTGTGGCCATACAATTAACCCAAGCTAATAGAACTCAGCGTAAAGAGTGTTTAAGATCTGCCCTCAATAAAGCTAAACTCCATTTAAGTTGTAAAAAACTTAGGCTGAAATAAAACATACTACGAATGTGGCTTTAATATCCTGAAGACACGACAGCTAAGATC,Eukaryota,Chordata,Mammalia,Primates,Hominidae,Homo,Homo sapiens
CACCGCGGTTATACGAGAGGCCCAAGTTGATAGCCAGCGGCGTAAGGAGTGGTTAAGGGAACCCCTTACTAAAGTCGAACGCCTTCAGAGCTGTTATACGTTACCGAAAGCAAGAAGCCCTACTACGAAAGTGACTTTATATTACCTGACTCCACGAAAGCTGTGAAA,Eukaryota,Chordata,Actinopteri,Atheriniformes,Atherinopsidae,Atherinops,Atherinops affinis
CACCGCGGTTATACGAGAGGCCCAAGTTGTTAGGCATCGGCGTAAAGGGTGGTTAAGGCAAATCTCCAAACTAAAGCCGAACATCTTCCAAGCCGTCATACGCACACGAAGACAAGAAGCCCGATAACGAAAGTGGCTCTAACCTGCCTGAACCCACGAAAGCTATGACA,Eukaryota,Chordata,Actinopteri,Tetraodontiformes,Diodontidae,Diodon,Diodon holocanthus
CACCGCGGTTATACGAGAGGCTCAAGTTGACAGACAACGGCGTAAAGAGTGGTTAAGGAACTTATTAAACTAAAGCCGAACGCCCTCAGAACTGTTATACGTTTCCGAAGGTAAGAAGCCCCACCACGAAAGTGACTTTATTTCCCCCGACTCCACGAAAGCTGCGGAA,Eukaryota,Chordata,Actinopteri,NA,Pomacentridae,Abudefduf,Abudefduf vaigiensis
CACCGCGGTTATACGAGAGGCTCAAGTTGACAGACAACGGCGTAAAGAGTGGTTAAGGAACTTATTAAACTAAAGCCGAACGCCCTCAGAACTGTTATACGTTTCCGAAGGTAAGAAGCCCCACCACGAAAGTGACTTTATCTTCCCCGACTCCACGAAAGCTGCGGAA,NA,NA,NA,NA,NA,NA,NA
CACCGCGGTTATACGAGAGACCCAAGTAGATGGCCGCCGGCGTAAAGAGTGGTTAAGATGTACCCCTACTAAAGCCAAATGACTTCAAAGCTGTCATACGCGCATGAATATACGAAGCCCAACCACGAAAGTGGCTTTAAAACTCTGACTCCACGAAAGCTATGATA,Eukaryota,Chordata,Actinopteri,Labriformes,Labridae,Halichoeres,Halichoeres dispilus
CACCGCGGTTAGACGAATGACCCAAGTTGACAGAATACGTCGTAAAGGGTGGTTAGGGAATATTAATACTAAAGCCGAACACCTTCCAAGCTGTTATACGCTTATGAAGAACTGAAGCACAACTACGAAAGTGGCTTTAAAACACCTGAACCCACGAAAGCTAAGAAA,Eukaryota,Chordata,Actinopteri,Carangiformes,Coryphaenidae,Coryphaena,Coryphaena hippurus
CACCGCGGTTATACGAAAGGCACAAGTTGAAAGACATTCGGCGTAAAGGGTGACTAAGGACCTATCTCAAACTAGAGCTGAATTTCTTCAAAGCTGTTATACGCTCATGAAAACTAGAAAATCGACCACGAAAGTGGCTCTAATCCCCCCCTGACACCACGAAAGCTATGACA,NA,NA,NA,NA,NA,NA,NA
AGCCGCGGTTACACCAGGGACCCAAGTTGACAGACTCACGGCATAAAGGGTGGTCAACAGAATATTAAACTAAAGCCAAACACCCCTAAGGCTGTCATACGCAATTTAGGGACAGGAAGATCGTTCACGAAAGTAGCTTTAAACACTGCGAACCACGAAAGCCAGGGAA,Eukaryota,Chordata,Actinopteri,Gobiiformes,Gobiidae,Lophogobius,Lophogobius cyprinoides
CACCGCGGTCACACGATTAACCCAAGTCAATAGAAACCGGCATAAAGAGTGTTTTAGATCAATTCCCCTCAATAAAGCTAAAATTCACGTGAGTTGTAAAAAACTCCAGTTGATACAAAATAAACTACGAAAGTGGCTTTAATGCATCTGAACACAGAATAACTAAGACC,Eukaryota,Chordata,Mammalia,Primates,Hominidae,Gorilla,Gorilla gorilla
CACCGCGGTTATACATGAGACACGAGTTGAAACACTTCGGCAAAAAGGTGATAATTTCTCAACGGGGTTGACGCTCCCTCAAGCAGTAACAAGCTAACAGACCCCTAAACACAATCACCCTAACCCCGAAATACCCGCGCCTAAAAAAATCATCAAAGCTCAAAGA,Eukaryota,Echinodermata,Asteroidea,Valvatida,Oreasteridae,Pentaceraster,Pentaceraster mammillatus
CACCGCGGTTAGACGAATGACCCAAGTTGACAGAATACGGCGTAAAGGGTTGTTAGGGAATATTAATACTAAAGCCGAACACCTTCCAAGCTGTTATACGCTTATGAAGAACTGAAGCACAACTACGAAAGTGGCTTTAGAACACCTGAACCCACGAGAGCTAAGAAA,Eukaryota,Chordata,Actinopteri,Carangiformes,Coryphaenidae,Coryphaena,Coryphaena hippurus
CACCGCGGTTAGACGAATGACCCAAGTTGACAGAATACGGCGTAAAGGGTGGTTAGGGAATATTAATACTAAAGCCAAACACCTTCCAAGCTGTTATACGCTTATGAAGAGCTAAAGCACAACTACGAAAGTGGCTTTAAAACACCTGAACCCACGAAAGCTAAGAAA,Eukaryota,Chordata,Actinopteri,Carangiformes,Coryphaenidae,Coryphaena,Coryphaena hippurus
CACCGCGGTTATACGAGTGAGCCCAAGTTGTTAAACATCGGCGTAAAGCGTGGTTAAGATGATTAAAACACTAAAGCCGAACGCCTTCTACACTGTTATACGTCTTCCGAAGGTAAGAAGCCCAATTACGAAAGTAGCTTTAACTATGTCTGAACCCACGAAAGCTAGGGCA,Eukaryota,Chordata,Actinopteri,NA,Pomacanthidae,Pomacanthus,Pomacanthus zonipectus
CACCGCGGTTATACATGAGACACGAGTTGAAACACTTCGGCAAAAAGGTGATAATTTCTCAACGGGGTTGACGCTCTCTCAAGCAGTAACAAGCTAACAGACCCCTAAACACAACACCCTAACCCCGAAATACCCGCGCCTAAAAAAATCATCAAAGCTCAAAGA,Eukaryota,Echinodermata,Asteroidea,Valvatida,Oreasteridae,Pentaceraster,Pentaceraster mammillatus
CACCGCGGTTAGACGAATGACCCAAGTGACAGAATACGGCGTAAAGGGTGGTTAGGGAATATTAATACTAAAGCCGAACACCCTCCAAGCTGTTATACGCTTATGAAGAACTGAAGCACAACTACGAAAGTGGCTTTAAAACACCTGAACCCACGAAAGCTAAGAAA,Eukaryota,Chordata,Actinopteri,Carangiformes,Coryphaenidae,Coryphaena,Coryphaena hippurus
CACCGCGGTTATACATGAGACACGAGTTGAAACACTTCGGCAAAAAGGTGATAATTTCTCAACGGGGTTGACGCTCTCTCAAGCAGTAACAAGCTAACAGACCCCTAAACACAACACCCTAACCCCGAAATACCCGCGCCTAAAAAATCATCAAAGCTCAAAGA,Eukaryota,Echinodermata,Asteroidea,Valvatida,Oreasteridae,Pentaceraster,Pentaceraster mammillatus
CACCGCGGTTAGACGAATGACCCAAGTTGACAGAATACGGCGTAAAGGGTGGTTAGGGAATATTAATACTAAAGCCGGACACCTTCCAAGCTGTTATACGCTTATGAAGAACTGAAGCACAACTACGAAAGTGGCCTTAAAACACCTGAACCCACGAAAGCTAAGAAA,Eukaryota,Chordata,Actinopteri,Carangiformes,Coryphaenidae,Coryphaena,Coryphaena hippurus
CACCGCGGCCATACGAGTGAGCCCAAGCGGACAGTCTGTCGGCGTAAAGCGTGGTTAGAGATAAAGACCAACTAAAGCTAAACCCCATCAAAGCCGTAATACGCACCCGATGATGTGAGACCCAACCACGAAAGTAGCTTTAAATAAACCCGAACCCACGAGAGCCGAGGAA,Eukaryota,Chordata,Actinopteri,Myctophiformes,Myctophidae,Benthosema,Benthosema pterotum
CACCGCGGTTATACGAGAGGTCCAAGTTGTTAGCCTCCGGCGTAAAGAGTGGTTAGAGTACAAAACACAAAACTGAGGCCGAACACCTTCAAGGCAGTTATACGCTCCCGAAGGCATGAAGCACAATCACGAAAGTAGCCTCACCCCGCTTGAACCCACGAAAGCTAAGACA,Eukaryota,Chordata,Actinopteri,Tetraodontiformes,Tetraodontidae,Sphoeroides,Sphoeroides lobatus
CACCGCGGTTAGACGAATGACCCGAGTTGACAGAATACGGCGTAAAGGGTGGTTAGGGAATATTAATACTAAAGCCGAACACCTTCCAAGCTGTTATACGCTTATGAAGAACTGAAGCACAACTACGAAAGTGGCTTTAAAACACCTGAACCCACGAAAGCTAAGAAA,Eukaryota,Chordata,Actinopteri,Carangiformes,Coryphaenidae,Coryphaena,Coryphaena hippurus
CGCCGCGGTTATACGAGAGGCCTAAGTTGACGGACAGCGGCGTAAAGAGTGGTTAAGGAAAACACAAAACTAAAGCCGAACGCCTTCAGAACTGTCATACGTCTTCGAAGGTATGAAGCCCAACCACGAAAGTGGCTTTATCCCTCCTGAACCCACGAAAGCTAAGAAA,NA,NA,NA,NA,NA,NA,NA
CACCGCGGTTATACGAGAGGCCCAAGTTGATAGCCACCGGCGTAAATAGTGGTTAAGAAATTTATAACAAATTAGATCCGAACGCTTTCAAGGCTGTTATACGCACCCGAAAGTAAGAAGCACGACAACGAAAGTGACTCTATTAATTCCGAACCCACGAAAGCTAAGGTA,Eukaryota,Chordata,Actinopteri,Tetraodontiformes,Balistidae,NA,NA
CGCCGCGGTTATACGAGATATGGCCCAAGTTGACAGCCTTCGGCGTAAAGGGTGGTTAAGAGAATTAAAGTAAAAAATAAAGCCGAACACCTCTCCTGCTGTTATACGCAATCGGAGATAAAGAAGCCCAATCACGAAAGTAGCTTTACTTCCCCTCCTGAACCCACGAAAGTTATGATA,Eukaryota,Chordata,Actinopteri,Centrarchiformes,Cirrhitidae,Cirrhitus,Cirrhitus rivulatus
CACCGCGGTTAGACGAATGACCCAAGTTGACAGAATACGGCGTAAAGGGTGGTTAGGGAATATTAATACTAAAGCCGAACACCTTCCAAGCTGTTATACGCTTATGAAGAACTGAAGCACAACTACGAAAGTGGCTTTAAAACATCTGAACCCACGAAAGCTAAGAAA,Eukaryota,Chordata,Actinopteri,Carangiformes,Coryphaenidae,Coryphaena,Coryphaena hippurus
CACCGCGGTTAGACGAATGACCCAAGTTGACAGAATACGGCGTAAAGGGTGGTTAGGGAATATTAATACTAAAGCCGAACACCTTCCAAGCTGTTATACGCTTATGAAGAACTGAAGCACAACTACGAAAGTGGCTTTAAAACACCTAAACCCACGAAAGCTAAGAAA,Eukaryota,Chordata,Actinopteri,Carangiformes,Coryphaenidae,Coryphaena,Coryphaena hippurus
AGCCGCGGTCATACGATTAACCCAAATTAATAGATCCACGGCGTAAAGAGTGTTTAAGAAAAAAAACCACAATAGAGTTAAATTATAACTAAGCTGTAAAAAGCCCTAGTTAAAATAAAATAACCCACGAAAGTGACTCTAATAATCCTGACACACGATAGCTAGGACC,Eukaryota,Chordata,Mammalia,Artiodactyla,Suidae,Sus,Sus scrofa
CACCGCGGTTAGACGAATGACCCAAGTTGACAGAATACGGCGTAAAGGGTGGTTAGGGAATATTAATACTAAAGCCGAATACCTTCCAAGCTGTTATACGCTTATGAAGAACTGAAGCACAACTACGAAAGTGGCTTTAAGACACCTGAACCCACGAAAGCTAAGAAA,Eukaryota,Chordata,Actinopteri,Carangiformes,Coryphaenidae,Coryphaena,Coryphaena hippurus
CACCGCGGTCATACGATTAACCCAAATTAATAGATCCACGGCGTAAAGAGTGTTTAAGAAAAAAAAATCACAATAGAGTTAAATTATAACTAAGCTGTAAAAAGCCCTAGTTAAAATAAAATAACCCACGAAAGTGACTCTAATAATCCTGACACACGATAGCTAGGACC,Eukaryota,Chordata,Mammalia,Artiodactyla,Suidae,Sus,Sus scrofa
CACCGCGGTTATACGAGAGGCCCAAGTTGATAGCCAGCGGCGTAAAGAGTGGTTAAGGGAGCCCCTTACTAAAGTCGAACGCCTTCAGATCTGTTATACGTTACCGAAAGCAAGAAGCCCTACTACGAAAGTGACTTTATATTACCTGACTCCACGAAAGCTGTGAAA,Eukaryota,Chordata,Actinopteri,Atheriniformes,Atherinopsidae,Atherinops,Atherinops affinis
CACCGCGGTTATACGAGAGGCCCAAGTTGATAGACTCCGGCGTAAAGAGTGGTTAAGATACATTTATTAAAACTAAAGCCGAACGCCTTCAGGGCTGTTATACGCTCCCGAAGATAAGAAGTTCAACCACGAAAGTGGCTTTATACCCACTGAACCCACGAAAGCTTTGACA,Eukaryota,Chordata,Actinopteri,Centrarchiformes,Kyphosidae,Kyphosus,Kyphosus azureus
CACCGCGGTTATACGAGAGGCCCAAGTTGATAGCCACCGGCGTAAAGAGTGGTTAAGAAATTTATAACAAATTAGAGTCGAACGCTTTCAAGGCTGTTATACGCACCCGAAAGTAAGAAGCACGACAACGAAAGTTACTCTATTAATTCCGAACCCACGAAAGCTAAGGTA,Eukaryota,Chordata,Actinopteri,Tetraodontiformes,Balistidae,NA,NA
CACCGCGGTTATACGAGAGGCCCAAGTTGATAGCCACCGGCGTAAAGAGTGGTTAAGAAATTTATAACAAATTAGAGTCGAACGCTTTCAAGGCTGTTATACGCACCCGAAAGTAAGAAGCACGACAACGAAAGTGACTCTATTAATTCCGAACCCACGAAAGCTAAGGTA,Eukaryota,Chordata,Actinopteri,Tetraodontiformes,Balistidae,NA,NA
CACCGCGGTTAGACGAATGACCCAAGTTGACAGAATACGGCGTAAAGGGTGGTTAGGGAATATTAATACTAAAGCCGAACACCTTCCAAGCTGTTATACGCTTATGAAGAACTGAGGCACAACTACGAAAGTGGCTTTAAAACACCTGAACCCACGAAAGCTAAGAAA,Eukaryota,Chordata,Actinopteri,Carangiformes,Coryphaenidae,Coryphaena,Coryphaena hippurus
CACCGCGGTTATACGAGAGACTCAAGCTGACAATCACCGGCGTAAAGAGTGGTTAATTTAACCAAAAAATAAAGCCGAACGCCCCCAAAGTTGTATTACGCATTCGGGGGTATGAAGCCCAATCACGAAAGTGGCTTTACACTCTTTGAACCCACGAGAGCTAGGGAA,NA,NA,NA,NA,NA,NA,NA
CACCGCGGTCACACGATTAACCCAAGTCAATAGAAGCCGGCGTAAAGAGTGTTTTAGATCACCCCCTCCCCAATAAAGCTAAAACTCACCTGAGTTGTAAAAAACTCCAGTTGACACAAAATAAACTACGAAAGTGGCTTTAACATATCTGAACACACAATAGCTAAGACC,Eukaryota,Chordata,Mammalia,Primates,Hominidae,Homo,Homo sapiens
CACCGCGGTTAGACGAATGACCCAAGTTGACAGAATACGGCGTAAAGGGTGGTTAGGGAATATTAATACTAAAGCCGAACACCTTCCAAGCTGTTATACGCTTATGAAGAATTGAAGCACAACTACGAAAGTGGCTTTAAAACACCTGAACCCACGAAAGCTAAGAAA,Eukaryota,Chordata,Actinopteri,Carangiformes,Coryphaenidae,Coryphaena,Coryphaena hippurus
CACCGCGGTTATACGGGGGGCCCAAGTTGATAGTTACCGGCGTAAAGCGTGGTTAAGCAAAAATTAAAACTAAAGCCGAATGCACACAAAGCTGTTATACGCCTCTTCGAAAACAGAAGCTCAATTACGAAAGTAGCTTTACATCAGCTGACCCCACGAAAGCTAGGGCA,Eukaryota,Chordata,Actinopteri,Perciformes,Serranidae,Hemanthias,Hemanthias signifer
CACCGCGGTTAGACGAATGACCCAAGTTGACAGAATACGGCGTAAAGGGTGGTTAGGGAATATTAATACTAAAGCCGAACACCTTCCAAGCTGTTATACGCTTATGAAGAACTGAAGCACAACTACGAAAGTGGCTTTAAAACACCTGAACCCACGAAAGCTCAGAAA,Eukaryota,Chordata,Actinopteri,Carangiformes,Coryphaenidae,Coryphaena,Coryphaena hippurus
CACCGCGGTTAGACGAATGACCCAAGTTGACAGAATACGGCGTAAAGGGTGGTTAGGTAATATTAATACTAAAGCCGAACACCTTCCAAGCTGTTATACGCTTATGAAGAACTGAAGCACAACTACGAAAGTGGCTTTAAAACACCTGAACCCACGAAAGCTAAGAAA,Eukaryota,Chordata,Actinopteri,Carangiformes,Coryphaenidae,Coryphaena,Coryphaena hippurus
CACCGCGGTTAGACGAATGACCCAAGTTGACAGAATACGGCGTAAAGGGTGGTTAGGGAATATTAATACTAAAGCGGAACACCTTCCAAGCTGTTATACGCTTATGAAGAACTGAAGCACAACTACGAAAGTGGCTTTAAAACACCTGAACCCACGAAAGCTAAGAAA,Eukaryota,Chordata,Actinopteri,Carangiformes,Coryphaenidae,Coryphaena,Coryphaena hippurus
CACCGCGGTTAGACGAATGACCCAAGTTGACAGAATACGGCGTAAAGGGTGGTTAGGGAATATTAATACTAAAGCCGAACACCTTCCCAGCTGTTATACGCTTATGAAGAACTGAAGCACAACTACGAAAGTGGCTTTAAAACACCTGAACCCACGAAAGCTAAGAAA,Eukaryota,Chordata,Actinopteri,Carangiformes,Coryphaenidae,Coryphaena,Coryphaena hippurus
CACCGCGGTTATACGAGAGACCCAAGTTGATAGACCCCGGCGTAAAGAGTGGTTAAGATTTATTTATACTTAAAGCCGAACGCCCTCAAAGCAGTTATACGCACCCGAGGGTATGAAGCCCAATCGCGAAAGTGGCTTTATTACTCCTGACTCCACGAAAGCTAAGGAA,Eukaryota,Chordata,Actinopteri,Perciformes,Serranidae,Paralabrax,Paralabrax auroguttatus
CGCCGCGGTTATACGAGAGGCTCAAGTCGACAGAAACCGGCGTAAAGGGTGGTTAAGACATAAAATGCTAGAGGAAAATGTCTTCCAAGCTGTTATACGCACCCGAAGATAAGAAAAACTTAAACGAAAGCCCCTCCAATAGATATGAACCCACGACAGCTTTGGTA,Eukaryota,Chordata,Actinopteri,Aulopiformes,Synodontidae,Synodus,Synodus lucioceps
CACCGCGGTTAGACGAGAGGCCTAAGTTGATAGTCATCGGCGTAAAGAGTGGTTAGGGAAAACTTTAAACTAAAGCCGAATATTCCCACAGCTGTCATACGCACCCGAGAATAAGAAGCCCCCCTACGAAAGTGGCTTTAACCCACCCGACCCCACGAAAGCTGCGAAA,Eukaryota,Chordata,Actinopteri,Beloniformes,Belonidae,Platybelone,Platybelone argala
AGCCGCGGTTAGACGAATGACCCAAGTTGACAGAATACGGCGTAAAGGGTGGTTAGGGAATATTAATACTAAAGCCGAACACCTTCCAAGCTGTTATACGCTTATGAAGAACTGAAGCACAACTACGAAAGTGGCTTTAAAACACCTGAACCCACGAAAGCTAAGAAA,Eukaryota,Chordata,Actinopteri,Carangiformes,Coryphaenidae,Coryphaena,Coryphaena hippurus
CACCGCGGTTATACGAGAGGCTCAAGTTGACAGACAACGGCGTAAAGAGTGGTTAAGGAGCCTTTTAAACTAAAGCCGAACCTCCTCAGAGCTGTTATACGTTCCCGAGGATATGAAGCTCCTCCACCAAAGTGGCTTTATTTACCCTGACTCCACGAAAGCTGTGAAA,Eukaryota,Chordata,Actinopteri,NA,Pomacentridae,Chromis,Chromis atrilobata
CACCGCGGTTAGACGAATGACCCAAGTTGACAGAATACGGCGTAAAGGGTGGTTAGGGAATATTAATACTAAAGCCGAACACCTTCCAAGCTGTTATACGCTTATGAAGAACTGAAGCACAACTACGAAAGTGGCTTTAAAACGCCTGAACCCACGAAAGCTAAGAAA,Eukaryota,Chordata,Actinopteri,Carangiformes,Coryphaenidae,Coryphaena,Coryphaena hippurus
CACCGCGGTCATACGATTAGCCCAAACTAATAGACCCACGGCGTAAAGCGTGTTACAGAGAAAAAAATATACTAAAGTTAAATTTTAACTAGGCCGTAGAAAGCTAGAGTTAACATAAAAATACAGCACGAAAGTAACTTTAACACCTCCGACTACACGACAGCTAAGACC,Eukaryota,Chordata,Mammalia,Carnivora,Felidae,Felis,Felis catus
CACCGCGGTTATACGAGAGGTCCAAGTTGTTAGCCCTCGGCGTAAAGAGTGGTTAAAGTAAAAAACAAAACTGAGGTCGAACATCTTCAAGGCAGTTATACGCTCCCGAGGATATGAAGCACAATCACGAAAGTAGCCTCACCCTGCTTGAACCCACGAAAGCTAGGACA,Eukaryota,Chordata,Actinopteri,Tetraodontiformes,Tetraodontidae,Sphoeroides,Sphoeroides annulatus
CACCGCGGTTATACGAGAGGCTCAAGTTGACAGACAACGGCGTAAAGAGTGGTTAAGGAGCCTTTAAAACTAAAGCCGAACCTCCTCAGAGCTGTTATACGTTCCCGAGGATATGAAGCTCCTCCACGAAAGTGGCTTTATTTACCCTGACTCCACGAAAGCTGTGAAA,Eukaryota,Chordata,Actinopteri,NA,Pomacentridae,Chromis,Chromis atrilobata
CACCGCGGTTATACGAGAGGCCCAAGTTGATAGCCAGCGGCGTAAAGAGTGGTTAAGGGAACCCCTTACTAAAGTCGAACGCCTTCAGAGCTGTTATACGTTACCGAAAGCAAGAAGCCCTACTACGAAAGTGACTTTATATTACCTGACTCCACGAAAGCTGTGAAA,Eukaryota,Chordata,Actinopteri,Atheriniformes,Atherinopsidae,Atherinops,Atherinops affinis
CACCGCGGTCACACGATTAACCCAAGTCAATAGAAGCCGGCGTAAAGAGTGTTTTAGATCACCCCCTCCCCAATAAAGCTAAAACTCACCTGAGTTGTAAAAAACTCCAGTTGACACAAAATAGACTACGAAAGTGGCTTTAACATGTCTGAACACACAATAGCTAAGACC,Eukaryota,Chordata,Mammalia,Primates,Hominidae,Homo,Homo sapiens
AGCCGCGGTTATACGAGAGGCCCAAGTTGATAGCCACCGGCGTAAAGAGTGGTTAAGAAATTTATAACAAATTAGAGCCGAACGCTTTCAAGGCTGTTATACGCACCCGAAAGTAAGAAGCACGACAACGAAAGTGACTCTATTAATTCCGAACCCACGAAAGCTAAGGTA,Eukaryota,Chordata,Actinopteri,Tetraodontiformes,Balistidae,NA,NA
CACCGCGGTTAGACGATAGGCCTAAGTTGATAGTTACCGGCGTAAAGAGTGGTTAAGGAGACCCTAAAACTAAAGCCGAACGTTTTCACTGCTGTTTAACGCATCCGAAAATAAGAAGCTCCACCACGAAAGTGGCTTTAACCCACCTGACCCCACGAAAACTGTGAAA,NA,NA,NA,NA,NA,NA,NA
CACCGCGGTTAGACGAATGACCCAAGTTGACAGAATACGGCGTAAAGGGTGGTTAGGGAGTATTAATACTAAAGCCGAACACCTTCCAAGCTGTTATACGCTTATGAAGAACTGAAGCACAACTACGAAAGTGGCTTTAAAACACCTGAACCCACGAAAGCTAAGAAA,Eukaryota,Chordata,Actinopteri,Carangiformes,Coryphaenidae,Coryphaena,Coryphaena hippurus
CACCGCTGTTAGACGAATGACCCAAGTTGACAGAATACGGCGTTAAGGGTGGTTAGGGAATATTAATACTAAAGCCGAACACCTTCCAAGCTGTTATACGCTTATGAAGAACTGAAGCACAACTACGAAAGTGGCTTTAAAACACCTGAACCCACGAAAGCTAAGAAA,Eukaryota,Chordata,Actinopteri,Carangiformes,Coryphaenidae,Coryphaena,Coryphaena hippurus
CACCGAGGTTATACGAGAGGCTCAAGTTGACAGACAACGGCGTAAAGAGTGGTTAAGGAACTTATTAAACTAAAGCCGAACGCCCTCAGAACTGTTATACGTTTCCGAAGGTAAGAAGCCCCACCACGAAAGTGACTTTATTTTCCCCGACTCCACGAAAGCTGCGGAA,Eukaryota,Chordata,Actinopteri,NA,Pomacentridae,Abudefduf,NA
CACCGCGGTTATACGAGAGGCTCAAGTTGACAGACAACGGCGTAAAGCGTGGTTAAGGAAAACATACAACTAAAGCGGAACCTCCTCCTAGCTGTTATACGCTTCCGAGGAAGTGAACTCCAACTACGAAAGTGGCTTTACCTAACCTGAACCCACGAAAGCTAAGAAA,Eukaryota,Chordata,Actinopteri,Carangiformes,Carangidae,Caranx,Caranx hippos
CGCCGCGGTTATACGAGAGGCCCAAGTTGATGGTTAACGGCGTAAAGGGTGGTTAGAAAGAGACTATTACTAAAGCCGAACGCCTTCAAGGCTGTTATACGCATCCGAAGGTGAGAAGCCCATTCACGAAAGTGGCTTTAATAACTTTGAACCCACGAAAGCTAGGAAA,Eukaryota,Chordata,Actinopteri,NA,Sciaenidae,Umbrina,Umbrina roncador
CACCGCGGTTAGACGAGAGGCCTAAGTTGATAGTTACCGGCGTAAAGAGTGGTTAAGGAGACCCTAAAACTAAAGCCGAACGTTTTCACTGCTGTTTAACGCATCCGAAAATAAGAAGCTCCACCACGAAAGTGGCTTTAACCCACCTGAACCCACGAAAACTGTGAAA,NA,NA,NA,NA,NA,NA,NA
AGCCGCGGTTATACGAAAGGCCCAAGTTGAAAGACATTCGGCGTAAAGGGTGACTAAGGACCTATCTCAAACTAGAGCTGAATTTCTTCAAAGCTGTTATACGCTCATGAAAACTAGAAAATCGACCACGAAAGTGGCTCTAATCCCCCCCTGACACCACGAAAGCTATGACA,NA,NA,NA,NA,NA,NA,NA
CACCGCGGTTATACGAGAGGCTCAAGTTGACAGACAACGGCGTAAAGAGTGGTTAAGGAACTTATTAAACTAAAGCCGAACGCCCTCAGAACTGTTATACGTTTCCGAAGGAAAGAAGCCCCACCACGAAAGTGACTTTATTTTCCCCGACTCCACGAAAGCTGCGGAA,Eukaryota,Chordata,Actinopteri,NA,Pomacentridae,Abudefduf,NA
CACCGCGGTTATACGAGAGGCTCAAGTTGACAGACAACGGCGTAAAGAGTGGTTAAGGAACTTATTAAACTAAAGCCGAACGCCCTCAGAACTGTTATACGTTTCCGAAGGTAAGAAGCCCCACCACGAAAGTGACTTTATTTTCCCCGACTCCACGAGAGCTGCGGAA,Eukaryota,Chordata,Actinopteri,NA,Pomacentridae,Abudefduf,NA
CACCGCGGTTATACGAGAGGCCTAAGTTGATAGACATCGGCGTAAAGAGTGGTTAGGGAAGACATAAACTAAAGCCGAACACCTTCAAAGCTGTTATACGCTAACGAAGGTAGGAAGCCCCCCTACGAAAGTGGCTTTAAATTTCCTGACTCCACGAAAGCTGAGGTA,Eukaryota,Chordata,Actinopteri,Beloniformes,Hemiramphidae,Hyporhamphus,Hyporhamphus naos
CACCGCGGTTATACGAGAGGCTCAAGTTGACAGACAACGGCGTAAAGAGTGGTTAAGGAGCCTTTTAAACTAAAGCCGAACCTCCTCAGAGCTGTTATACGTTCCCGAGGATATGAAGCTCCTCCACGAAAGTGGCTTTACTTACCCTGACTCCACGAAAGCTGTGAAA,Eukaryota,Chordata,Actinopteri,NA,Pomacentridae,Chromis,Chromis atrilobata
CACCGCGGTTATACGAAAGGCCCAAGTTGAAAGACATTCGGCGTAAAGGGTGACTAATGACCTATCTCAAACTAGAGCTGAATTTCTTCAAAGCTGTTATACGCTCATGAAAACTAGAAAATCGACCACGAAAGTGGCTCTAATCCCCCCCTGACACCACGAAAGCTATGACA,NA,NA,NA,NA,NA,NA,NA
CACCGCGGTTAGACGAATGACCCAAGTTGACAGAATACGGCGTAAAGGGTGGTTAGGGAATATTAATACTAAGGCCGAACACCTTCCAAGCTGTTATACGCTTATGAAGAGCTGAAGCACAACTACGAAAGTGGCTTTAAAACACCTGAACCCACGAAAGCTAAGAAA,Eukaryota,Chordata,Actinopteri,Carangiformes,Coryphaenidae,Coryphaena,Coryphaena hippurus
CACCGCGGTTAGACGAATGACCCAAGTTGACAGAATACGGCGTAAAGGGTGGTTAGGGAATATTAATACTAAAGCCGAACACCTTCTAAGCTGTTATACGCTTATGAAGAACTGAAGCACAACTACGAAAGTGGCTTTAAAACACCTGAACCCACGAAAGCTAAGAAA,Eukaryota,Chordata,Actinopteri,Carangiformes,Coryphaenidae,Coryphaena,Coryphaena hippurus
AGCCGCGGTTATACGAGAGGTCCAAGTTGATAGAAACCGGCGTAAAGAGTGGTTAGGATGATTTCACTTTACTAAAGCCAAACACCTTCAGAACTGTTATACGTACCCGAAGGCATGAAGAACCACTACGAAAGTGGCTTTATAAACCCTGAACCCACGAAAGCTATGTCA,Eukaryota,Chordata,Actinopteri,Holocentriformes,Holocentridae,Myripristis,Myripristis pralinia
CACCGCGGTTATACGAGAGACCCAAGTTGTTAGGCATCGGCGTAAAGGGTGGTTAAGGCAATACCCAAACTAAAGCCGAACATCTTCCAAGCCGTCATACGCACACGAAGACAAGAAGCCCGATAACGAAAGTGGCTCTAACCTGCCTGAACCCACGAAAGCTATGACA,Eukaryota,Chordata,Actinopteri,Tetraodontiformes,Diodontidae,Diodon,Diodon hystrix
CACCGCGGTTAGACGAATGACCCAAGTTGACAGAATACGGCGTAAAGGGTGGTTAGGGAATATTAATACTAAAGCCGAACACCTTCCGAGCTGTTATACGCTTATGAAGAACTGAAGCACAACTACGAAAGTGGCTTTAAAACACCTGAACCCACGAAAGCTAAGAAA,Eukaryota,Chordata,Actinopteri,Carangiformes,Coryphaenidae,Coryphaena,Coryphaena hippurus
AGCCGCGGTAATACGATTAACCCAAATTAATAGATCCACGGCGTAAAGAGTGTTTAAGAAAAAAAACCACAATAGAGTTAAATTATAACTAAGCTGTAAAAAGCCCTAGTTAAAATAAAATAACCCACGAAAGTGACTCTAATAATCCTGACACACGATAGCTAGGACC,Eukaryota,Chordata,Mammalia,Artiodactyla,Suidae,Sus,Sus scrofa
CACCGCGGCCATACGAGTGAGCCCAAGCGGACAGTCTGTCGGCGTAAAGCGTGGTTAGAGGTAAAGACCAACTAAAGCTAAACCCCATCAAAGCCGTAATACGCACCCGATGATGTGAGACCCAACCACGAAAGTAGCTTTAAATAAACCCTAACCCTCGAGAGCCGAGGAA,Eukaryota,Chordata,Actinopteri,Myctophiformes,Myctophidae,Benthosema,Benthosema pterotum
CACCGCGGTTATACGAGAGGCCCAAGTTGATAGGTACCGGCGTAAAGGGTGGTTAGGGATAACTATAAAATAAAGCCGAATATCTTCAACGCTGTTATACGCCCTCGAAGATTCGAAGCCCCATTACGAAAGTAGCTTTACCTCCCCCCGAACCCACGAAAGCCAGGGTA,Eukaryota,Chordata,Actinopteri,Syngnathiformes,Mullidae,Mulloidichthys,Mulloidichthys vanicolensis
CACCGCGGTCATACGATTAACCCAAATTAATAGATCCACGGCGTAAAGAGTGTTTAAGAAAAAAAATCACAATAGAGTTAAATTATAACTAAGCTGTAAAAAGCCCTAGTTAAAATAAAATAACCCACGAAAGTGACTCTAATAATCCTGACACACGATAGCTAGGACC,Eukaryota,Chordata,Mammalia,Artiodactyla,Suidae,Sus,Sus scrofa
CACCGCGGTCATACGATTAACCCAAATTAATAGATCCACGGCGTAAAGAGTGTTTAAGAAAAAAAAACCACAATAGAGTTAAATTATAACTAAGCTGTAAAAAGCCCTAGTTAAAATAAAATAACCCACGAAAGTGACTCTAATAATCCTGACACACGATAGCTAGGACC,Eukaryota,Chordata,Mammalia,Artiodactyla,Suidae,Sus,Sus scrofa
CACCGCGGTTAGACGAATGACCCAAGTTGACAGAATACGGCGTAAAGGGTGATTAGGGAATATTAATACTAAAGCCGAACACCTTCCAAGCTGTTATACGCTTATGAAGAACTGAAGCACAACTACGAAAGTGGCTTTAAAACACCTGAACCCACGAAAGCTAAGAAA,Eukaryota,Chordata,Actinopteri,Carangiformes,Coryphaenidae,Coryphaena,Coryphaena hippurus
CACCGCGGTTAGACGAATGACCCAAGTTGACAGAATACGGCGTAAAGGGTGGTTAGGGAATATTAATACTAAAGCCGAACACCTTCCAAGCTGTTATACGCTTATGAAGAACTGAAGCACAACTACGAAAGTGGCTCTAAAACACCTGAACCCACGAAAGCTAAGAAA,Eukaryota,Chordata,Actinopteri,Carangiformes,Coryphaenidae,Coryphaena,Coryphaena hippurus
CACCGCGGTTATACGAGAGGCTCAAGTTGACAGACAACGGCGTAAAGAGTGGTTAAGGAGCCTTTTAAACTAAAGCCGAACCTCCTCAGAGCTGTTATACGTTCCCGAGGACATGAAGCTCCTCCACGAAAGTGGCTTTATTTACCCTGACTCCACGAAAGCTGTGAAA,Eukaryota,Chordata,Actinopteri,NA,Pomacentridae,Chromis,Chromis atrilobata
AGCCGCGGTTATACGAGAGGCTCAAGTTGACAGACAACGGCGTAAAGAGTGGTTAAGGAACTTATTAAACTAAAGCCGAACGCCCTCAGAACTGTTATACGTTTCCGAAGGTAAGAAGCCCCACCACGAAAGTGACTTTATTTTCCCCGACTCCACGAAAGCTGCGGAA,Eukaryota,Chordata,Actinopteri,NA,Pomacentridae,Abudefduf,NA
CACCGCGGTTAGACGAATGACCCAAGTTGACAGAACACGGCGTAAAGGGTGGTTAGGGAATATTAATACTAAAACCGAACACCTTCCAAGCTGTTATACGCTTATGAAGAACTGAAGCACAACTACGAAAGTGGCTTTAAAACACCTGAACCCACGAAAGCTAAGAAA,Eukaryota,Chordata,Actinopteri,Carangiformes,Coryphaenidae,Coryphaena,Coryphaena hippurus
CACCGCGGCCATACGAGTGAGCCCAAGCGGACAGTCTGTCGGCGTAAAGCGTGGTTAGAGGTAGAGACCAACTAAAGCTAAACCCCATCAAAGCCGTAATACGCACCCGATGATGTGAGACCCAACCACGAAAGTAGCTTTAAATAAACCCGAACCCACGAGAGCCGAGGAA,Eukaryota,Chordata,Actinopteri,Myctophiformes,Myctophidae,Benthosema,Benthosema pterotum
CACCGCGGTTAGACGAATGACCCAAGTTGACAGAATACGGCGTAAAGGGTGGTTAGGGAATATTAATACTAAAGCCGAACACCTTCCAAGCTGTTATACGCTTATGAAGAACTGAAGCACGACTACGAAAGTGGCTTTAAAACACCTGAACCCACGAAAGCTAAGAAA,Eukaryota,Chordata,Actinopteri,Carangiformes,Coryphaenidae,Coryphaena,Coryphaena hippurus
AGCCGCGGTAATACGAGAGGCTCAAGTTGACAGACAACGGCGTAAAGAGTGGTTAAGGAACTTATTAAACTAAAGCCGAACGCCCTCAGAACTGTTATACGTTTCCGAAGGTAAGAAGCCCCACCACGAAAGTGACTTTATTTTCCCCGACTCCACGAAAGCTGCGGAA,Eukaryota,Chordata,Actinopteri,NA,Pomacentridae,Abudefduf,NA
CACCGCGGTTAGACGAATGACCCAAGTTGACAGAATACGGCGTAAAGGGTGGTTAGGGAATATTAATACTAAAGCCGAACACCTTCCAAGCTGTTATACGCTTATGAAGAACTGGAGCACAACTACGAAAGTGGCTTTAAAACACCTGAACCCACGAAAGCTAAGAAA,Eukaryota,Chordata,Actinopteri,Carangiformes,Coryphaenidae,Coryphaena,Coryphaena hippurus
CACCGCGGTTAGACAAATGACCCAAGTTGACAGAATACGGCGTAAAGGGTGGTTAGGGAATATTAATACTAAAGCCGAACACCTTCCAAGCTGTTATACGCTTATGAAGAACTGAAGCACAACTACGAAAGTGGCTTTAAAACACCTGAACCCACGAAAGCTAAGAAA,Eukaryota,Chordata,Actinopteri,Carangiformes,Coryphaenidae,Coryphaena,Coryphaena hippurus
AGCCGCGGTTATACGAGAGGCCCAAGTTGATAAGCATCGGCGTAAAGAGTGGTTATGGTTAAATAAATACTAAAGCTGAACACTTACAAAGCTGTTATACGCTCCCGAAAATAAGAAGAACAACTACGAAAGTGGCTTTATTACACCCGAACCCACGAAAGCCAAGGCA,Eukaryota,Chordata,Actinopteri,Perciformes,Serranidae,Paranthias,Cephalopholis colonus
AGCCGCGGTAATACGAGAGGCCCAAGTTGATAAGCATCGGCGTAAAGAGTGGTTATGGTTAAATAAATACTAAAGCTGAACACTTACAAAGCTGTTATACGCTCCCGAAAATAAGAAGAACAACTACGAAAGTGGCTTTATTACACCCGAACCCACGAAAGCCAAGGCA,Eukaryota,Chordata,Actinopteri,Perciformes,Serranidae,Paranthias,Cephalopholis colonus
CACCGCGGTTAGACGAATGACCCAAGTTAACAGAATACGGCGTAAAGGGTGGTTAGGGAATATTAATACTAAAGCCGAACACCTTCCAAGCTGTTATACGCTTATGAAGAACTGAAGCACAACTACGAAAGTGGCTTTAAAACACCTGAACCCACGAAAGCTAAGAAA,Eukaryota,Chordata,Actinopteri,Carangiformes,Coryphaenidae,Coryphaena,Coryphaena hippurus
CACCGCGGTTAGACGAATGACCCAAGTTGACAGAATACGGCGTAAAGGGTGGTTAGGGAATATTAATACTAAAGCCGAACACCTTCCAAGCTGTTATACGCTTATGAAGAACTGAAGCACAACTAAGAAAGTGGCTTTAAAACACCTGAACCCACGAAAGCTAAGAAA,Eukaryota,Chordata,Actinopteri,Carangiformes,Coryphaenidae,Coryphaena,Coryphaena hippurus
CACCGCGGTTAGACGAGAGGCCTAAGTTGATAGTTACCGGCGTAAAGAGTGGTTAAGGAGACACTAAAACTAAAGCCGAACGTTTTCACTGCTGTTTAACGCATCCGAAAATAAGAAGCTCCACCACGAAAGTGGCTTTAACCCACCTGACCCCACGAAAACTGTGAAA,NA,NA,NA,NA,NA,NA,NA
AGCCGCGGTAATACGAGAGGCCCAAGCTGATAATTATCGGCGTAAAGAGTGGTTAAGATTAATTAAAGACTAAAGCCGAAAACCCCCATAGCTGTTATACGCACCCGGGGGAAAGAAGCCCAATTACGAAAGTGGCTTTACAACATCTGAACCCACGAAAGCTAGGGTA,Eukaryota,Chordata,Actinopteri,Lutjaniformes,Haemulidae,Haemulon,Haemulon flaviguttatum
CACCGCGGTTAGACGAATGACCCAAGTTGACAGAATACGGCGTAAAGGGTGGTTAGGGAATATTAATACTAAAGCCGAACACCTTCCAAGCTGTTATACGCTTATGAAGAACTGAAGCACAACTACGAAAGTGGCTTTAGAACACCTGAACCCACGAAAGCTAAGAAA,Eukaryota,Chordata,Actinopteri,Carangiformes,Coryphaenidae,Coryphaena,Coryphaena hippurus
AGCCGCGGTAATACGAGAGGCCCAAGTTGACAGGCTCCGGCGTAAAGCGTGGTTAAGGAACAATAAACACTAAAGCTGAACGCTTACTAGGCTGTTATACGCTCCCGAAAGTAAGAAGAACATCCACGAAGGTGGCTTTACCTTACCTGAACCCACGAAAGCTAAGGCA,NA,NA,NA,NA,NA,NA,NA
CACCGCGGTTAGACGAATGACCCAAGTTGACAGAATACGGCGTAAAGGGTGGTTAGAGAATATTAATACTAAAGCCGAACACCTTCCAAGCTGTTATACGCTTATGAAGAACTGAAGCACAACTACGAAAGTGGCTTTAAAACACCTGAACCCACGAAAGCTAAGAAA,Eukaryota,Chordata,Actinopteri,Carangiformes,Coryphaenidae,Coryphaena,Coryphaena hippurus
CACCGCGGTTATACGAGAGGCTCAAGTTGATAAACCCCGGCGTAAAGAGTGGTTAAGGAAGATTAAAAACTAAAGCCGAATGCTTTCAAAGCTGTTATACGCTTCCGAGAGTAAGAAGATCAACTACGAAAGTGACTTTATAGCCCCTGACCCCACGAAAGCTATGGCA,Eukaryota,Chordata,Actinopteri,Centrarchiformes,Centrarchidae,Lepomis,NA
CACCGCGGTTAGACGAATGACACAAGTTGACAGAATACGGCGTAAAGGGTGGTTAGGGAATATTAATACTAAAGCCGAACACCTTCCAAGCTGTTATACGCTTATGAAGAACTGAAGCACAACTACGAAAGTGGCTTTAAAACACCTGAACCCACGAAAGCTAAGAAA,Eukaryota,Chordata,Actinopteri,Carangiformes,Coryphaenidae,Coryphaena,Coryphaena hippurus
CACCGCGGTCACACGATTAACCCAAGTCAATAGAAGCCGGCGTAAAGAGTGTTTTAGATCACCCCCTCCCCAATAAAGCTAAAACTCACCTGAGTTGTAAAAAACTCCAGTTTACACAAAATAGACTACGAAAGTGGCTTTAACATATCTGAACACACAATAGCTAAGACC,Eukaryota,Chordata,Mammalia,Primates,Hominidae,Homo,Homo sapiens
CACCGCGGTTAAACGTGTGACCCAAGTTGATAGGCCCTCGGCGTAAAGGGTGGTTAAATAACACTTACACTAAAGCTAAACCGCCTCCTTGCCGTTATACGTTTTGAGAACGGGAAACCCAGTTACGAAAGTAGCTTTATAAATATTGACACCACGAAACCTATGGCA,NA,NA,NA,NA,NA,NA,NA
CACCGCGGTTAGACGAATGACCCAAGTTGACAGAATACGGCGTAAAGGGTGGTTAGGGAATATTAATACTAAAGCCGAACACCTTCCAAGCTGTTATACGCTTATGAAGAACTGAAGCACAACTACGAAAGTGGCTTTAAAGCACCCGAACCCACGAAAGCTAAGAAA,Eukaryota,Chordata,Actinopteri,Carangiformes,Coryphaenidae,Coryphaena,Coryphaena hippurus
CACCGCGGTTAGACGAATGACCCAAGTTGACAGAATACGGCGTAAAGGGTGGTTAGGGGATATTAATACTAAAGCCGAACACCTTCCAAGCTGTTATACGCTTATGAAGAACTGAAGCACAACTACGTAAGTGGCTTTAAAACACCTGAACCCACGAAAGCTAAGAAA,Eukaryota,Chordata,Actinopteri,Carangiformes,Coryphaenidae,Coryphaena,Coryphaena hippurus
CTCCAAGGTCATATGATTAACCCGATCTAACAGACCTACGGCGTAAAGTGTGTTATAGAGGCATTCCACGCTAAAGTTAAATGTTAACTAGGCAGTAAAAAGCTACAGTTAACATAAAAATATAGCACAAAAGTAACTGTAACACCTTCGACCACACGATAGCTAAGACC,Eukaryota,Chordata,Mammalia,Carnivora,Felidae,Felis,Felis catus
CACCGCGGTTATACGAGAGGCCCAAGTTGACAGACACCGGCGTAAAGCGTGGTTAAGGTAAACTAAAACTAAAGCCGAATACCTTCAGGGCAGTTATACGCATCCGAAGGCACGAAGTCCCACCACGAAAGTGGCTTTATGACCCCTGACCCCACGAAAGCTATGACA,Eukaryota,Chordata,Actinopteri,Scombriformes,Scombridae,Euthynnus,Euthynnus affinis
TACCGCGGTTATACGAGAGGCCCAAGTTGATAAGCATCGGCGTAAAGAGTGGTTATGGTTAAATAAATACTAAAGCTGAACACTTACAAAGCTGTTATACGCTCCCGAAAATAAGAATAACAACTACGAAAGTGGCTTTATTACACCCGAACCCACGAAAGCCAAGGCA,Eukaryota,Chordata,Actinopteri,Perciformes,Serranidae,Paranthias,Cephalopholis colonus
AGCCGCGGTTATACGAGAGACCCAAGTTGATAAGAACCGGCGTAAAGAGTGGTTATGAACAACCCCAAAACTAAAGCCAAATGCCCCCAAAGCTGTTATACGCACTCGGGAGCCAGAAACCCAACCACGAAAGTGGCTTTATATTGCCTGAACCCACGAAAGCTATGGTA,Eukaryota,Chordata,Actinopteri,Labriformes,Labridae,Bodianus,Bodianus diplotaenia
CACCGCGGTTAGACGAATGACCCAAGTTGACAGAATACGGCGTAAAGGGTGGTTAGGGAATATTGATACTAAAGCCGAACACCTTCCAAGCTGTTATACGCTTATGAAGAACTGAAGCACAACTACGAAAGTGGCTTTAAAACACCTGAACCCACGAAAGCTAAGAAA,Eukaryota,Chordata,Actinopteri,Carangiformes,Coryphaenidae,Coryphaena,Coryphaena hippurus
AGCCGCGGTTATACGAAAGGCCCAAGTTGATGGACTCGGCGTAAAGAGTGGTTATGGGTTAAATTTAGACTAAAGCTAAAGGCCACCCAAGCCGTTATACGCATACGATGGTTCGAACCACCTTAACGAAAGTAGCTTTACCCCCTCCAGCCAGAATCCACGACAGCTGGGGAA,Eukaryota,Chordata,Actinopteri,Clupeiformes,Clupeidae,Harengula,Harengula thrissina
CACCGCGGCCATACGATTAACCCAAACTAATAGACCCACGGCGTAAAGCGTGTTACAGAGAAAAAAATATACTAAAGTTAAATTTTAACTAGGCCGTAGAAAGCTACAGTTAACATAAAAATACAGCACGAAAGTAACTTTAACACCTCCGACTACACGACAGCTAAGACC,NA,NA,NA,NA,NA,NA,NA
AGCCGCGGTAATACGAGAGGCCCAAGTTGATAGCCACCGGCGTAAAGAGTGGTTAAGAAATTTATAACAAATTAGAGCCGAACGCTTTCAAGGCTGTTATACGCACCCGAAAGTAAGAAGCACGACAACGAAAGTGACTCTATTAATTCCGAACCCACGAAAGCTAAGGTA,Eukaryota,Chordata,Actinopteri,Tetraodontiformes,Balistidae,NA,NA
CACCGCGGTTATACGAAAGGCCCAAGTTGAAAGACATTCGGCGTAAAGGGTGACTAAGGACCTATCTCAAACTAGAGCTGAATTTCTTCAAAGCTGTTATACGATCATGAAAACTAGAAAATCGACCACGAAAGTGGCTCTAATCCCCCCCTGACACCACGAAAGCTATGACA,NA,NA,NA,NA,NA,NA,NA
CACCGCGGTCACACGATTAACCTAAGTCAATAGAAGCCGGCGTAAAGAGTGTTTTAGATCACCCCCTCCCCAATAAAGCTAAAACTCACCTGAGTTGTAAAAAACTCCAGCTGACACAAAATAGACTACGAAAGTGGCTTTAACATATCTGAACACACAATAGCTAAGACC,Eukaryota,Chordata,Mammalia,Primates,Hominidae,Homo,Homo sapiens
AGCCGCGGTTATACGAGAGGCCCAAGTTGACAAAAGCCGGCGTAAAGAGTGGTTAGTAGTATATATACTAAAGCCGAACACCTTCAAGGCTGTTATACGCACCCGAAGGCAGGAAGCCCTGCTACGAAAGTGGCTTTAAACCAGTATGAACCCACGAAAGCTAGGAAA,Eukaryota,Chordata,Actinopteri,Gobiiformes,Gobiidae,Bollmannia,Bollmannia boqueronensis
CACCGCGGTTAGACGAATGACCCAAGTTGACAGAATACGGCGTAAAGGGTGGTTAGGGAATATTAATACTAAAGCCGAACACCTTCCAAGCTGTTATACGCTTATGAAGAACCGAAGCACAACTACGAAAGTGGCTTTAAAACACCTGAACCCACGAAAGCTAAGAAA,Eukaryota,Chordata,Actinopteri,Carangiformes,Coryphaenidae,Coryphaena,Coryphaena hippurus
AGCCGCGGTTATACGAGAGGCCCGAGTTGATAAGCACTCGGCGTAAAGGGTGGTTAAAATAACCTCACACTAAAGCCGAACACCCTCACGACTGTCGTACGTTTCCGAGGGTGGGAAGATCCACTACGAAAGTGGCTTTAATACTTTTGACCCCACGAAAGCTGCGGAA,Eukaryota,Chordata,Actinopteri,Blenniiformes,Labrisomidae,Malacoctenus,Malacoctenus hubbsi
CACCGCGGTTATACGAGAGGCCCAAGCTGATAATTATCGGCGTAAAGAGTGGTTAAGATTAATTAAAGACTAAAGCCGAAAACCCCCATAGCTGTTATACGCACCCGGGGGAAAGAAGCCCAATTACGAAAGTGGCTTTACAACATCTGAACCCACGAAAGCTAGGACC,Eukaryota,Chordata,Actinopteri,Lutjaniformes,Haemulidae,Haemulon,Haemulon flaviguttatum
ACAAGGCAAGAAACGTCATTCGCATCGAAGCCGACGGCAGGACAACTCTGCTGGCGGACCGCTTTGACGGCAAACGGTTCAATTCGCCAAACGATGTGGCCATCCGGTCGGATGGCACTTTGTGGTTTACAGATCCGCCATGGGGACTGACTGGATCGCATGAGATTCCGGGGCACTGGGTCTA,NA,NA,NA,NA,NA,NA,NA
AGCCGCGGTTATACGAGAGACCCAAGTTGATAAGAACCGGCGTAAAGAGTGGTTATGAACAACCCCAAAACTAAAGCCAAATGCCCCCAAAGCTGTTATACGCACTCGGGAGCCAGAAACCCAACCACGAAAGTGGCTTTATATTGCCTGAACCCACGAAAGCTATGATA,Eukaryota,Chordata,Actinopteri,Labriformes,Labridae,Bodianus,Bodianus diplotaenia
CACCGCGGTTAGACGAATGACCCAAGTTGACAGAATACGGCGTAAAGGGTGGTTAGGGAATATTAATACTAAAGCCGGACACCTTCCAAGCTGTTATACGCTTATGAAGAACTGAAGCACAACTACGAAAGTGGCTTTAAAACACCTGAACCCACGAAAGCTAAGAAA,Eukaryota,Chordata,Actinopteri,Carangiformes,Coryphaenidae,Coryphaena,Coryphaena hippurus
CACCGCGGTTATACGAGAGGCTCAAGTTGACAGACAAAGGCGTAAAGAGTGGTTAAGGAACTTATTAAACTAAAGCCGAACGCCCTCAGAACTGTTATACGTTTCCGAAGGTAAGAAGCCCCACCACGAAAGTGACTTTATTTTCCCCGACTCCACGAAAGCTGCGGAA,Eukaryota,Chordata,Actinopteri,NA,Pomacentridae,Abudefduf,NA
AGCCGCGGTTATACGAGAGGCCCAAGTTGATAGACTCCGGCGTAAAGAGTGGTTAAGACACATCTACAAAACTAAAGCCGAACGCCCTCAGGGCTGTTATACGCTCCCGAAGGTAAGAAGTTCAATCACGAAAGTGGCTTTATACCAACTGAACCCACGAAAGCTATGACA,Eukaryota,Chordata,Actinopteri,Centrarchiformes,Kyphosidae,Kyphosus,NA
CACCGCGGTCACACGATTAACCCAAGTCAATAGAAGCCGGCGTAAAGAGTGTTTTAGATCACCCCCTCCCCAATAAAGCTAAAACTCACCTTAGTTGTAAAAAACTCCAGTTGACACAAAATAGACTACGAAAGTGGCTTTAACATATCTGAACACACAATAGCTAAGACC,Eukaryota,Chordata,Mammalia,Primates,Hominidae,Homo,Homo sapiens
AGCCGCGGTCATACGATTAACCCAAGCTAACAGGAGTACGGCGTAAAACGTGTTAAAGCACCATACCAAATAGGGTTAAATTCTAACTAAGCTGTAAAAAGCCATGATTAAAATAAAAATAAATGACGAAAGTGACCCTACAATAGCCGACGCACTATAGCTAAGACC,Eukaryota,Chordata,Mammalia,Artiodactyla,Bovidae,Bos,Bos taurus
CACCGCGGTTATACGAGAGGCCCAAGTTGACAGACGCCGGCGTAAAGCGTGGTTAAGGTAAACTAACACTAAAGCCGAACACCCTCAGGGCAGTTATACGCATCCGAAGGCACGAAGCCCCACCACGAAAGTGGCTTTATGACCCCCGACCCCACGAAAGCTATGACA,Eukaryota,Chordata,Actinopteri,Scombriformes,Scombridae,Katsuwonus,Katsuwonus pelamis
AGCCGCGGTAATACGAAAGGCCCAAGTTGAAAGACATTCGGCGTAAAGGGTGACTAAGGACCTATCTCAAACTAGAGCTGAATTTCTTCAAAGCTGTTATACGCTCATGAAAACTAGAAAATCGACCACGAAAGTGGCTCTAATCCCCCCCTGACACCACGAAAGCTATGACA,NA,NA,NA,NA,NA,NA,NA
CACCGCGGTTAGGCGAATGACCCAAGTTGACAGAATACGGCGTAAAGGGTGGTTAGGGAATATTAATACTAAAGCCGAACACCTTCCAAGCTGTTATACGCTTATGAAGAACTGAAGCACAACTACGAAAGTGGCTTTAAAACACCTGAACCCACGAAAGCTAAGAAA,Eukaryota,Chordata,Actinopteri,Carangiformes,Coryphaenidae,Coryphaena,Coryphaena hippurus
CACCGCGGTTATACGAGAGGCCCAAGCTTATAATTATCGGCGTAAAGAGTGGTTAAGATTAATTAAAGACTAAAGCCGAAAACCCCCATAGCTGTTATACGCACCCGGGGGAAAGAAGCCCAATTACGAAAGTGGCTTTACAACATCTTAACCCACGAAAGCTAGTGTA,Eukaryota,Chordata,Actinopteri,Lutjaniformes,Haemulidae,Haemulon,Haemulon flaviguttatum
CACCGCGGTTATACGAGAGGCCCAAGTTGATAGCCACCGGCGTAAAGAGTGGTTAAGAAATTTATAACAAATTAGAGTAGAACGCTTTCAAGGCTGTTATACGCACCAGAAAGTAAGAAGCACGACAACGAAAGTGACTCTATTAATTCCGAACCCACGAAAGCTAAGGTA,Eukaryota,Chordata,Actinopteri,Tetraodontiformes,Balistidae,NA,NA
AGCCGCGGTAATACGAGAGGCCCAAGCTGATAGTTATCGGCGTAAAGAGTGGTTAAGATTAATTAAAGACTAAAGCCGAAAACCCCCATAGCTGTTATACGCACCCGGGGGAAAGAAGCCCAATTACGAAAGTGGCTTTACAACATCTGAACCCACGAAAGCTAGGGTA,Eukaryota,Chordata,Actinopteri,Lutjaniformes,Haemulidae,Haemulon,Haemulon flaviguttatum
CACCGCGGTTAGACGAATGACCCAAGTTGACAGAATACGGCGTAAAGGGTGGTTAGGGAATATTAATACTAAAGCAGAACACCTTCCAAGTTGTTATACGCTTATGAAGAACTGAAGCACAACTACGAAAGTGGCTTTAAAACACCTGAACCAACGAAAGCTAAGAAA,Eukaryota,Chordata,Actinopteri,Carangiformes,Coryphaenidae,Coryphaena,Coryphaena hippurus
CAACGCGGTTATACGAGAGGCCCAAGTTGATAAGGTGCGGCGTAAAGAGTGGTTAAGATTACCTAGAAACTAAAGCCGAATGCCCTCAAAGCCGTTATACGCCCCCGAAGGTAAGAAGATCGACTACGAAAGTGACTTTACACTACTGAACCCACGAAAGCTAGGTCA,Eukaryota,Chordata,Actinopteri,Centrarchiformes,Girellidae,Girella,Girella simplicidens
AGCCGCGGTTATACGAGAGGCTCAAGTTGACAGACAACGGCGTAAAGAGTGGTTAAGGAGCCTTTTAAACTAAAGCCGAACCTCCTCAGAGCTGTTATACGTTCCCGAGGATATGAAGCTCCTCCACGAAAGTGGCTTTATTTACCCTGACTCCACGAAAGCTGTGAAA,Eukaryota,Chordata,Actinopteri,NA,Pomacentridae,Chromis,Chromis atrilobata
AGCCGCGGTTATACGAAGGGCCCAAGTTGATAGTTGCCGGCGTAAAGCGTGGTTAGGTTAAAATTTGAAACTAAAGCCGAACGTACGCAAAGCTGTTATACGCGTTTGAACAACGGAAGCCCAATTACGAAAGTAGCTTTATGTTAGCTGAACCCACGAAAGCTAGGGCA,Eukaryota,Chordata,Actinopteri,Perciformes,Serranidae,Pronotogrammus,Pronotogrammus multifasciatus
TACCGCGGTTATACGAGAGGCCCAAGTTGATAAGCATCGGCGTAAAGAGTGGTTATGGTTAAATAAATACTAAAGCTGAACACTTACAAAGCTGTTATACGCTCCCGAAAATAAGAAGAACAACTAAGAAAGTGGCTTTATTACACCCGAACCCACGAAAGCCAAGGCA,Eukaryota,Chordata,Actinopteri,Perciformes,Serranidae,Paranthias,Cephalopholis colonus
CACCGCGGTTATACGAGAGGTCCAAGTTGATAGAAACCGGCGTAAAGAGTGGTTAGGATGATTTCACTTTACTAAAGCCAAACACCTTCAGAACTGTTATACGTACCCGAAGGCATGAAGAACCACTACGAAAGTGGCTTTATAAACCCCGAACCCACGAAAGCCAGGGTA,Eukaryota,Chordata,Actinopteri,Holocentriformes,Holocentridae,Myripristis,Myripristis pralinia
CACCGCGGTTATACGAGAGGCCCAAGTTGATAGCCACCGGCGTAAAGAGTGGTTAAGAAATTTATAACAAATTAGAGCCGAACGCTTTCAAGGCTGTTATACGCACCCGAAAGTAATAAGCACGACAACGAAAGTGACTCTATTAATTCCGAACCCACGAAAGCTAAGGTA,Eukaryota,Chordata,Actinopteri,Tetraodontiformes,Balistidae,NA,NA
AGCCGCGGTAATACGAGAGGCCCAAGTTGACAGACACGGCGTAAAGAGTGGTTAGGCAACCCCTCCCCCTTCTACACACTAAAGTCGAACGCCCTCAAGGCTGTTATACGCCCTACGAAGGCAAGAAGCCCGTCCACGAAAGTGACTTTATTCTACCTGACTCCACGAAAGCTGTGGTA,Eukaryota,Chordata,Actinopteri,NA,Pomacentridae,Stegastes,Stegastes rectifraenum
CACCGCGGTTAGACGAATGACCCAAGTTGACAGAATACGGCGTAAAGGGTGGTTAGGGAATATTAATACTAAAGCAGAACACCTTCCAAGTTGTTATACGCTTATGAAGAACTGAAGCACAACTACGAAAGTGGCTTTAAAACACCTGAACCCACGAAAGCTAAGAAA,Eukaryota,Chordata,Actinopteri,Carangiformes,Coryphaenidae,Coryphaena,Coryphaena hippurus
AGCCGCGGTAATACGGAGGGTGCGAGCGTTAATCGGAATTACTGGGCGTAAAGCGTGGTTAGAGGTAAAGACCAACTAAAGCTAAACCCCATCAAAGCCGTAATACGCACCCGATGATGTGAGACCCAACCACGAAAGTAGCTTTAAATAAACCCGAACCCACGAGAGCCGAGGAA,Eukaryota,Chordata,Actinopteri,Myctophiformes,Myctophidae,Benthosema,Benthosema pterotum
AGCCGCGGTTATACGAGAGGCCCGAGCTGATAATTGCCGGCGTAAAGAGTGGTTAAGATCAAATAAAAACTAAAGCCAAAAGCCCTCACAGCTGTTATACGCACTCGAGGGTAGGAAGCCCAACTACGAAAGTGGCTTTACAACATCTGAACCCACGAAAGCTAGGGTA,NA,NA,NA,NA,NA,NA,NA
CACCGCGGTTATACGAGAGGCTCAAGTTGACAGACAACGGCGTAAAGAGTGGTTAAGGAGCCTTTTAAACTAAAGCCGAACCTCCTCAGAGCTGTTATACGTTCCCGAGGATATGAAGCTCCTCCACGAAAGTGGCTTTATTTACCCTGACTCCACGAAAGCGTGGGTAG,Eukaryota,Chordata,Actinopteri,NA,Pomacentridae,Chromis,Chromis atrilobata
AGCCGCGGTTATACGAGAGGCCCAAGTTGATAGCCAGCGGCGTAAAGAGTGGTTAAGGGAGCCCCTTACTAAAGTCGAACGCCTTCAGAGCTGTTATACGTTACCGAAAGCAAGAAGCCCTACTACGAAAGTGACTTTATATTACCTGACTCCACGAAAGCTGTGAAA,Eukaryota,Chordata,Actinopteri,Atheriniformes,Atherinopsidae,Atherinops,Atherinops affinis
CACCGCGGTTATACGAGAGGCCTAAGTTAACAGACACCGGCGTAAAGAGTGGTTAAGGAGAAATAAAAACTAAAGCCGAATAACCTCAAGACTGTTATACGTTCCCGAGGACAAGAAGCCCAACTACGAAAGTGGCTTTAATTTTCCCGACTCCACGAAAGCTGTGAAA,Eukaryota,Chordata,Actinopteri,Beloniformes,Hemiramphidae,Hemiramphus,NA
AGCCGCGGTAATACGAGAGGCCCAAGTTGATAGACTCCGGCGTAAAGAGTGGTTAAGACACATCTACAAAACTAAAGCCGAACGCCCTCAGGGCTGTTATACGCTCCCGAAGGTAAGAAGTTCAATCACGAAAGTGGCTTTATACCAACTGAACCCACGAAAGCTATGACA,Eukaryota,Chordata,Actinopteri,Centrarchiformes,Kyphosidae,Kyphosus,NA
CACCGCGGTTATACGAGAGGCCCAAGTTGATAGCCAGCGGCGTAAAGAGTGGTTAAGGGAACCCCTTACTAAAGTCGAACGCCTTCAGAGCCGTTATACGTTACCGAAAGCAAGAAGCCCTACTACGAAAGTGACTTTATATTACCTGACTCCACGAAAGCTGTGAAG,Eukaryota,Chordata,Actinopteri,Atheriniformes,Atherinopsidae,Atherinops,Atherinops affinis
AGCCGCGGTTATACGAAAGGCCCAAGTTGAAAAACATTCGGCGTAAAGGGTGGCTAAGGGCCTATTTTAAACTAGAGCTGAATTTCTTCAAAGCTGTTATACGCTCATGAAAACTAGAAAATCAACCACGAAAGTGGCTCTAATCTCTCCTGACACCACGAAAGCTATGACA,Eukaryota,Chordata,Actinopteri,Labriformes,Labridae,Scarus,Scarus ghobban
AGCCGCGGTAATACGAGAGGCCCAAGTTGATAGCCAGCGGCGTAAAGAGTGGTTAAGGGAGCCCCTTACTAAAGTCGAACGCCTTCAGAGCTGTTATACGTTACCGAAAGCAAGAAGCCCTACTACGAAAGTGACTTTATATTACCTGACTCCACGAAAGCTGTGAAA,Eukaryota,Chordata,Actinopteri,Atheriniformes,Atherinopsidae,Atherinops,Atherinops affinis
AGCCGCGGTTATACGAGAGGCCCAAGCTGATAGTTATCGGCGTAAAGAGTGGTTAAGATTAATTAAAGACTAAAGCCGAAAACCCCCATAGCTGTTATACGCACCCGGGGGAAAGAAGCCCAATTACGAAAGTGGCTTTACAACATCTGAACCCACGAAAGCTAGGGTA,Eukaryota,Chordata,Actinopteri,Lutjaniformes,Haemulidae,Haemulon,Haemulon flaviguttatum
CACCGCGGTTAGACGAATGACCCAAGTTGACAGAATACGGCGTAAAGGGTGGTTAGGGAATATTAATACTAAAGCCGAACACCTTCCAAGCTGTTATACGCTTATGAAGAACTGAAGCACAACTACGAAAGTGGCTTTAAAACACCTGAACCCACGAAAGCGTGGGTAG,Eukaryota,Chordata,Actinopteri,Carangiformes,Coryphaenidae,Coryphaena,Coryphaena hippurus
AGCCGCGGTTAGACGAGAGACCCAAGTGGATGGCCCTCGGCGTAAAGAGTGGTTAAGATAACTTTAAACTAAGGCCAAACGACTTTTTAGCTGTTATACGCGCGAGAAGACATGAAGCCCAACTACGAAAGTGGCCTTAAGTTCCTGACCCCACGAAAGCTAGGACA,Eukaryota,Chordata,Actinopteri,Labriformes,Labridae,Thalassoma,Thalassoma lucasanum
AGCCGCGGTAATACGAGAGACCCAAGTTGATAAGAACCGGCGTAAAGAGTGGTTATGAACAACCCCAAAACTAAAGCCAAATGCCCCCAAAGCTGTTATACGCACTCGGGAGCCAGAAACCCAACCACGAAAGTGGCTTTATATTGCCTGAACCCACGAAAGCTATGATA,Eukaryota,Chordata,Actinopteri,Labriformes,Labridae,Bodianus,Bodianus diplotaenia
AGCCGCGGTAAGACGAATGACCCAAGTTGACAGAATACGGCGTAAAGGGTGGTTAGGGAATATTAATACTAAAGCCGAACACCTTCCAAGCTGTTATACGCTTATGAAGAACTGAAGCACAACTACGAAAGTGGCTTTAAAACACCTGAACCCACGAAAGCTAAGAAA,Eukaryota,Chordata,Actinopteri,Carangiformes,Coryphaenidae,Coryphaena,Coryphaena hippurus
CACCGCGGTTATACTAGAGGCCCAAGCTTATAATTATCGGCGTAAAGAGTGGTTAAGATTAATTAAAGACTAAAGCCTAAAACCCCCATAGCTGTTATACGCACCCGGGGGAAAGAAGCCCAATTACGAAAGTGGCTTTACAACATCTGAACCCACGAAAGCTAGTGTA,Eukaryota,Chordata,Actinopteri,Lutjaniformes,Haemulidae,Haemulon,Haemulon flaviguttatum
AGCCGCGGTAATACGAGAGGTCCGAGCTGATAATTATCGGCGTAAAGAGTGGTTAAGATTAATTAAAGACTAAAGCCGAAAACCCCCATAGCTGTTATACGCACCCGGGGGAAAGAAGCCCAATTACGAAAGTGGCTTTACAACATCTGAACCCACGAAAGCTAGGGTA,Eukaryota,Chordata,Actinopteri,Lutjaniformes,Haemulidae,Haemulon,Haemulon flaviguttatum
AGCCGCGGTAATACGAGAGGCTCAAGTTGACAGACAACGGCGTAAAGAGTGGTTAAGGAGCCTTTTAAACTAAAGCCGAACCTCCTCAGAGCTGTTATACGTTCCCGAGGATATGAAGCTCCTCCACGAAAGTGGCTTTATTTACCCTGACTCCACGAAAGCTGTGAAA,Eukaryota,Chordata,Actinopteri,NA,Pomacentridae,Chromis,Chromis atrilobata
CACCGCGGTTATACGAAAGGCCCAAGTTGAAAGACATTCGGCGTAAAGGGTGACTAAGGACCTATCTCAAACTAGAGCTGAATTTCTTCAAAGCTGTTATACGCTCATGAAAACTAGAAAATCGACCACGAAAGTGGCTCTAATCCCCCCCCGACTCCACGAAAGCTGCGGAA,NA,NA,NA,NA,NA,NA,NA
AGCCGCGGTAAGACGAGAGGCCTAAGTTGATAGTTACCGGCGTAAAGAGTGGTTAAGGAGACCCTAAAACTAAAGCCGAACGTTTTCACTGCTGTTTAACGCATCCGAAAATAAGAAGCTCCACCACGAAAGTGGCTTTAACCCACCTGACCCCACGAAAACTGTGAAA,NA,NA,NA,NA,NA,NA,NA
CACCGCGGTTATACGAGAGGCCCAAGTTGATAGCCAGTGGCGTAAAGAGTGGTTAAGGGAACCCCTTACTAAAGTCGAACGCCTTCAGAGCTGTTATACGTTACCGAAAGCAAGAAGCCCTACTACGAAAGTGACTTTATATTACCTGACTCCACGAAAGCTGTGAAA,Eukaryota,Chordata,Actinopteri,Atheriniformes,Atherinopsidae,Atherinops,Atherinops affinis
AGCCGCGGTAATACGAAGGGCCCGAATTGACGCATTACGGCGTAAAGTGTGATTAGAGACAAAACTAAACTAGAACCAAATACCCCTTATGCTGTCATACGCTATGGGGGTCACGAAGCCCAACAACGAAAGTGGTTCTATTAACCTTGAACTCACGACAGCTAAGACA,Eukaryota,Chordata,Actinopteri,Anguilliformes,Muraenidae,Gymnothorax,Gymnothorax castaneus
CACCGCGGTTATACGAGAGGCTCAAGTTGACAGACAACGGCGTAAAGAGTGGTTAAGGAACTTATTAAACTAAAGCCGAACGCCCTCAGAACTGTTATACGTTTCCGAAGGTAAGAAGCCCCACCACGAAAGTGACTTTAACCCTACCCGAACCCACGACAGCTAGGACA,Eukaryota,Chordata,Actinopteri,NA,Pomacentridae,Abudefduf,NA
CACCGCGGCCATACGAGTGTTAGCCCAAGTGGACGGTCAACGGCGTAAAGGGTGGTTAGGGAATATTAATACTAAAGCCGAACACCTTCCAAGCTGTTATACGCTTATGAAGAACTGAAGCACAACTACGAAAGTGGCTTTAAAACACCTGAACCCACGAAAGCTAAGAAA,Eukaryota,Chordata,Actinopteri,Carangiformes,Coryphaenidae,Coryphaena,Coryphaena hippurus
CACCGCGGTTATACGAGAGGCCCAAGTTGATAGACTCCGGCGTAAAGAGTGGTTAAGGAACTTATTAAACTAAAGCCGAACGTTTTCACTGCTGTTTAACGCATCCGAAAATAAGAAGCTCCACCACGAAAGTGGCTTTAACCCACCTGACCCCACGAAAACTGTGAAA,NA,NA,NA,NA,NA,NA,NA
AGCCGCGGTAATACGGAGGGTGCAAGCGTTAATCGGAATTACTGGGCGTAAAGCGTGGTTAAGGTAAACTAAAACTAAAGCCGAATACCTTCAGGGCAGTTATACGCATCCGAAGGCACGAAGCCCCACCACGAAAGTGGCTTTATGACCCCTGACCCCACGAAAGCTATGACA,Eukaryota,Chordata,Actinopteri,Scombriformes,Scombridae,Euthynnus,Euthynnus affinis
CACCGCGACCATATGATTAACCCGAGCTGACAGAACTCAGCGTAAAGAGTGTTTAATTAAGGTCTACCCTCAATAAAGCTAAACTCCAATTGAGTTGTAAAAAACTACAGCTGAAATAAAATATACTACGAAAGTGGCTTTAATACCCTGAAGACACAATAGCTAAAACC,Eukaryota,Chordata,Mammalia,Primates,Hominidae,Homo,Homo sapiens
CACTGTGGCCATACAATGAACCCAAGCTATACAATTAACCCAAGCTAATAGAACTCAGCGTAAAGAGTGTTTAAGATCTGCCCTCAATAAAGCTAAACTCCATTTAAGTTGTAAAAAACTTAGGCTGAAATAAAACATACTACGAATGTGGCTTTAATATCCTGAAGACACGACAGCTAAGATC,NA,NA,NA,NA,NA,NA,NA
AGCCGCGGTAAGACGGAGGATGCAAGTGTTATCCGGAATCACTGGGCGTAAAGCGTGGTTAAGGTAAACTAAAACTAAAGCCGAATACCTTCAGGGCAGTTATACGCATCCGAAGGCACGAAGCCCCACCACGAAAGTGGCTTTATGACCCCTGACCCCACGAAAGCTATGACA,NA,NA,NA,NA,NA,NA,NA
TACCGCGGTTATACGAGAGGCCCAAGTTGATAAGCATCGGCGTAAAGAGTGGTTATGGTTAAATAAATACTAAAGCTGAACACTTACAAAGCTGTTATACGCTCCCGAAAATAAGAAGCTCCACCACGAAAGTGGCTTTAAAACACCTGAACCCACGAAAGCTAAGAAA,Eukaryota,Chordata,Actinopteri,Perciformes,Serranidae,Paranthias,Cephalopholis colonus
AGCCGCGGTAATACGAGAGACCCAAGTTGTTAGACACCGGCGTAAAGAGTGGTTAGGTTTGAATCTTAAACTAAAGCCGAACATCTTCAAAGCTGTTATACGCACCCGAAGACAAGAAGTTCAATCACGAAAGTGGCTTTACCTCAACTGAACCCACGAAAGCTAGGACA,NA,NA,NA,NA,NA,NA,NA
AGCCGCGGTAATACGAGAGACCCAAGTTGTTAGACACCGGCGTAAAGAGTGGTTAGGTTTGAATCTTAAACTAAAGCCGAACATCTTCAAAGCTGTTATACGCACCCGAAGACAAGAAGTTCAATCACGAAAGTGGCTTTACCTCAACTGAACCCACGAAAGCTAGGATA,NA,NA,NA,NA,NA,NA,NA
AGCCGCGGTAAGACGGAGGATGCAAGTGTTATCCGGAATCACTGGGCGTAAAGCGTGGTTAGAGGTAAAGACCAACTAAAGCTAAACCCCATCAAAGCCGTAATACGCACCCGATGATGTGAGACCCAACCACGAAAGTAGCTTTAAATAAACCCGAACCCACGAGAGCCGAGGAA,Eukaryota,Chordata,Actinopteri,Myctophiformes,Myctophidae,Benthosema,Benthosema pterotum
CACCGCGGTTATACGAAAGGCCCAAGTTGAAAGACAACGGCGTAAAGAGTGGTTAAGGAGACCCTAAAACTAAAGCCGAACGCCCTCAGAACTGTTATACGTTTCCGAAGGTAAGAAGCCCCACCACGAAAGTGACTTTATTTTCCCCGACTCCACGAAAGCTGCGGAA,NA,NA,NA,NA,NA,NA,NA
AGCCGCGGTAAGACGGAGGATGCAAGTGTTATCCGGAATCACTGGGCGTAAAGCGTGGTTAGAGATAAAGACCAACTAAAGCTAAACCCCATCAAAGCCGTAATACGCACCCGATGATGTGAGACCCAACCACGAAAGTAGCTTTAAATAAACCCGAACCCACGAGAGCCGAGGAA,Eukaryota,Chordata,Actinopteri,Myctophiformes,Myctophidae,Benthosema,Benthosema pterotum
AGCCGCGGTAAGACGGAGGATGCAAGTGTTATCCGGAATCACTGGGCGTAAAGGGTGGTTAGGGATAACTATAAAATAAAGCCGAATATCTTCAACGCTGTTATACGCCCTCGAAGATTCGAAGCCCCATTACGAAAGTAGCTTTACCTTCCCCCGAACCCACGAAAGCCAGGGTA,NA,NA,NA,NA,NA,NA,NA
CACCATGATCATACGATTAACCCAAACTAATAAAATCTGGTGAAAAGCGTGTTTAAGGTAAACCTACAGTAAAGCTAAACTCCGTCTAAGCTGTAAAAAGCTTCAACTGAAGTAAAAATAAACTACAAAAGTGACTTTAACACCCTGAAAACACGATAGCTAAGACT,NA,NA,NA,NA,NA,NA,NA
CACCGCGGTTATACGAGAGGCTCAAGTTGACAGACAACGGCGTAAAGAGTGGTTAAGGAACTTATTAAACTAAAGCCGAACGCCCTCAGAACTGTTATACGTTTCCGAAGGTAAGAAGATCGACTACGAAAGTGACTTTACACTACTGAACCCACGAAAGCTAGGTCA,Eukaryota,Chordata,Actinopteri,NA,Pomacentridae,Abudefduf,NA
TACCGCGGTTATACGAGAGGCCCAAGTTGATAAGCATCGGCGTAAAGAGTGGTTATGGTTAAATAAATACTAAAGCTGAACACTTACAAAGCTGTTATACGCTCCCGAAAATAAGAAGCTCCACCACGAAAGTGACTTTATTTTCCCCGACTCCACGAAAGCTGCGGAA,Eukaryota,Chordata,Actinopteri,Perciformes,Serranidae,Paranthias,Cephalopholis colonus