"","Kingdom","Phylum","Class","Order","Family","Genus","Species"
"CACCGCGGTTAGACGAATGACCCAAGTTGACAGAATACGGCGTAAAGGGTGGTTAGGGAATATTAATACTAAAGCCGAACACCTTCCAAGCTGTTATACGCTTATGAAGAACTGAAGCACAACTACGAAAGTGGCTTTAAAACACCTGAACCCACGAAAGCTAAGAAA","Eukaryota","Chordata","Actinopteri","Carangiformes","Coryphaenidae","Coryphaena","Coryphaena hippurus"
"TACCGCGGTTATACGAGAGGCCCAAGTTGATAAGCATCGGCGTAAAGAGTGGTTATGGTTAAATAAATACTAAAGCTGAACACTTACAAAGCTGTTATACGCTCCCGAAAATAAGAAGAACAACTACGAAAGTGGCTTTATTACACCCGAACCCACGAAAGCCAAGGCA","Eukaryota","Chordata","Actinopteri","Perciformes","Serranidae","Paranthias","Cephalopholis colonus"
"CACCGCGGTCATACGATTAACCCAAATTAATAGATCCACGGCGTAAAGAGTGTTTAAGAAAAAAAACCACAATAGAGTTAAATTATAACTAAGCTGTAAAAAGCCCTAGTTAAAATAAAATAACCCACGAAAGTGACTCTAATAATCCTGACACACGATAGCTAGGACC","Eukaryota","Chordata","Mammalia","Artiodactyla","Suidae","Sus","Sus scrofa"
"CACCGCGGTTATACGAAAGGCCCAAGTTGAAAGACATTCGGCGTAAAGGGTGACTAAGGACCTATCTCAAACTAGAGCTGAATTTCTTCAAAGCTGTTATACGCTCATGAAAACTAGAAAATCGACCACGAAAGTGGCTCTAATCCCCCCCTGACACCACGAAAGCTATGACA","Eukaryota","Chordata","Actinopteri","Labriformes","Labridae","Scarus",NA
"CACCGCGGTTATACGAGAGGCCCAAGCTGATAATTATCGGCGTAAAGAGTGGTTAAGATTAATTAAAGACTAAAGCCGAAAACCCCCATAGCTGTTATACGCACCCGGGGGAAAGAAGCCCAATTACGAAAGTGGCTTTACAACATCTGAACCCACGAAAGCTAGGGTA","Eukaryota","Chordata","Actinopteri","Lutjaniformes","Haemulidae","Haemulon","Haemulon flaviguttatum"
"CACCGCGGTTATACGAGAGGCTCAAGTTGACAGACAACGGCGTAAAGAGTGGTTAAGGAACTTATTAAACTAAAGCCGAACGCCCTCAGAACTGTTATACGTTTCCGAAGGTAAGAAGCCCCACCACGAAAGTGACTTTATTTTCCCCGACTCCACGAAAGCTGCGGAA","Eukaryota","Chordata","Actinopteri","NA","Pomacentridae","Abudefduf","Abudefduf vaigiensis"
"CACCGCGGTTATACGAGAGGCTCAAGTTGACAGACAACGGCGTAAAGAGTGGTTAAGGAAAATATTTAACTAAAGCGGAACTCCCTCATTGCTGTCATACGCTTCCGAGAGAATGAACCCCAACTACGAAGGTGGCTTTATAAAACCTGAACCCACGAAAGCTAAGAAA","Eukaryota","Chordata","Actinopteri","Carangiformes","Carangidae","Decapterus","Decapterus macrosoma"
"CACCGCGGTTATACGAGAGGTCCAAGTTGATAGAAACCGGCGTAAAGAGTGGTTAGGATGATTTCACTTTACTAAAGCCAAACACCTTCAGAACTGTTATACGTACCCGAAGGCATGAAGAACCACTACGAAAGTGGCTTTATAAACCCTGAACCCACGAAAGCTATGTCA","Eukaryota","Chordata","Actinopteri","Holocentriformes","Holocentridae","Myripristis","Myripristis pralinia"
"CACCGCGGTTATACGAGAGGCCCAAGTTGATAGCCACCGGCGTAAAGAGTGGTTAAGAAATTTATAACAAATTAGAGCCGAACGCTTTCAAGGCTGTTATACGCACCCGAAAGTAAGAAGCACGACAACGAAAGTGACTCTATTAATTCCGAACCCACGAAAGCTAAGGTA","Eukaryota","Chordata","Actinopteri","Tetraodontiformes","Balistidae","Balistes","Balistes polylepis"
"CACCGCGGTCACACGATTAACCCAAGTCAATAGAAGCCGGCGTAAAGAGTGTTTTAGATCACCCCCTCCCCAATAAAGCTAAAACTCACCTGAGTTGTAAAAAACTCCAGTTGACACAAAATAGACTACGAAAGTGGCTTTAACATATCTGAACACACAATAGCTAAGACC","Eukaryota","Chordata","Mammalia","Primates","Hominidae","Homo","Homo sapiens"
"CACCGCGGTTAGACGAGAGGCCTAAGTTGATAGTTACCGGCGTAAAGAGTGGTTAAGGAGACCCTAAAACTAAAGCCGAACGTTTTCACTGCTGTTTAACGCATCCGAAAATAAGAAGCTCCACCACGAAAGTGGCTTTAACCCACCTGACCCCACGAAAACTGTGAAA","Eukaryota","Chordata","Actinopteri","Beloniformes","Belonidae",NA,NA
"CACCGCGGTTAGACGAGAGACCCAAGTGGATGGCCCTCGGCGTAAAGAGTGGTTAAGATAACTTTAAACTAAGGCCAAACGACTTTTTAGCTGTTATACGCGCGAGAAGACATGAAGCCCAACTACGAAAGTGGCCTTAAGTTCCTGACCCCACGAAAGCTAGGACA","Eukaryota","Chordata","Actinopteri","Labriformes","Labridae","Thalassoma","Thalassoma lucasanum"
"CACCGCGGTTATACGAGAGGCCCAAGTTGATAGGTACCGGCGTAAAGGGTGGTTAGGGATAACTATAAAATAAAGCCGAATATCTTCAACGCTGTTATACGCCCTCGAAGATTCGAAGCCCCATTACGAAAGTAGCTTTACCTTCCCCCGAACCCACGAAAGCCAGGGTA","Eukaryota","Chordata","Actinopteri","Syngnathiformes","Mullidae","Mulloidichthys",NA
"CACCGCGGTTATACGAGAGGCCCAAGCTGATAATTATCGGCGTAAAGAGTGGTTAAGATTAATTAAAAACTAAAGCCGAAAACCCCCATAGCTGTTATACGCACCCGGGGGAAAGAAGCCCAATTACGAAAGTGGCTTTACAACATCTGAACCCACGAAAGCTAGGGTA","Eukaryota","Chordata","Actinopteri","Lutjaniformes","Haemulidae","Haemulon","Haemulon flaviguttatum"
"CACCGCGGTTATACGAAAGGCCCAAGTTGATGGACTCGGCGTAAAGAGTGGTTATGGGTTAAATTTAGACTAAAGCTAAAGGCCACCCAAGCCGTTATACGCATACGATGGTTCGAACCACCTTAACGAAAGTAGCTTTACCCCCTCCAGCCAGAATCCACGACAGCTGGGGAA","Eukaryota","Chordata","Actinopteri","Clupeiformes","Clupeidae","Harengula","Harengula thrissina"
"CACCGCGGCCATACGAGTGAGCCCAAGCGGACAGTCTGTCGGCGTAAAGCGTGGTTAGAGGTAAAGACCAACTAAAGCTAAACCCCATCAAAGCCGTAATACGCACCCGATGATGTGAGACCCAACCACGAAAGTAGCTTTAAATAAACCCGAACCCACGAGAGCCGAGGAA","Eukaryota","Chordata","Actinopteri","Myctophiformes","Myctophidae","Benthosema","Benthosema pterotum"
"CACCGCGGTTATACGAGAGGCTCAAGTTGACAGACAACGGCGTAAAGAGTGGTTAAGGAGCCTTTTAAACTAAAGCCGAACCTCCTCAGAGCTGTTATACGTTCCCGAGGATATGAAGCTCCTCCACGAAAGTGGCTTTATTTACCCTGACTCCACGAAAGCTGTGAAA","Eukaryota","Chordata","Actinopteri","NA","Pomacentridae","Chromis","Chromis atrilobata"
"CACCGCGGTTATACGAGAGGCCCAAGTTGACAGACACGGCGTAAAGAGTGGTTAGGCAACCCCTCCCCCTTCTACACACTAAAGTCGAACGCCCTCAAGGCTGTTATACGCCCTACGAAGGCAAGAAGCCCGTCCACGAAAGTGACTTTATTCTACCTGACTCCACGAAAGCTGTGGTA","Eukaryota","Chordata","Actinopteri","NA","Pomacentridae","Stegastes","Stegastes rectifraenum"
"CACCGCGGTCATACGATTAACCCAAGCTAACAGGAGTACGGCGTAAAACGTGTTAAAGCACCATACCAAATAGGGTTAAATTCTAACTAAGCTGTAAAAAGCCATGATTAAAATAAAAATAAATGACGAAAGTGACCCTACAATAGCCGACGCACTATAGCTAAGACC","Eukaryota","Chordata","Mammalia","Artiodactyla","Bovidae","Bos","Bos taurus"
"CACCGCGGTTATACGAGAGGCCCAAGTTGATAGACTCCGGCGTAAAGAGTGGTTAAGACACATCTACAAAACTAAAGCCGAACGCCCTCAGGGCTGTTATACGCTCCCGAAGGTAAGAAGTTCAATCACGAAAGTGGCTTTATACCAACTGAACCCACGAAAGCTATGACA","Eukaryota","Chordata","Actinopteri","Centrarchiformes","Kyphosidae","Kyphosus","Kyphosus analogus"
"CACCGCGGTTATACGAGAGGCCCAAGTTGATAAGGTGCGGCGTAAAGAGTGGTTAAGATTACCTAGAAACTAAAGCCGAATGCCCTCAAAGCCGTTATACGCCCCCGAAGGTAAGAAGATCGACTACGAAAGTGACTTTACACTACTGAACCCACGAAAGCTAGGTCA","Eukaryota","Chordata","Actinopteri","Centrarchiformes","Girellidae","Girella","Girella simplicidens"
"TACCGCGGTTATACGAGAGGCCCAAGTTGACAGGCTCCGGCGTAAAGCGTGGTTAAGGAACAATAAACACTAAAGCTGAACGCTTACTAGGCTGTTATACGCTCCCGAAAGTAAGAAGAACATCCACGAAGGTGGCTTTACCTTACCTGAACCCACGAAAGCTAAGGCA","Eukaryota","Chordata","Actinopteri","Perciformes","Serranidae",NA,NA
"CACCGCGGTTATACGAGAGGCCCAAGTTGACAGACACCGGCGTAAAGCGTGGTTAAGGTAAACTAAAACTAAAGCCGAATACCTTCAGGGCAGTTATACGCATCCGAAGGCACGAAGCCCCACCACGAAAGTGGCTTTATGACCCCTGACCCCACGAAAGCTATGACA","Eukaryota","Chordata","Actinopteri","Scombriformes","Scombridae","Euthynnus","Euthynnus affinis"
"CACCGCGGTTATACGAGAGGCCCAAGCTGATAGTTATCGGCGTAAAGAGTGGTTAAGATTAATTAAAGACTAAAGCCGAAAACCCCCATAGCTGTTATACGCACCCGGGGGAAAGAAGCCCAATTACGAAAGTGGCTTTACAACATCTGAACCCACGAAAGCTAGGGTA","Eukaryota","Chordata","Actinopteri","Lutjaniformes","Haemulidae","Haemulon","Haemulon flaviguttatum"
"CACCGCGGTTATACGAGAGACCCAAGTGGATGGTCTTCGGCGTAAAGAGTGGTTAAGATAAAACCTAAAACTAAAGCCAAATAACTTCAAAGCTGTCATACGCGAATGAAGAAAAGAAACTCAACCACGAAAGTGGCTTTAAACTCCTGACTCCACGAAAGCTATGATA","Eukaryota","Chordata","Actinopteri","Labriformes","Labridae","Halichoeres",NA
"CACCGCGGTTATACGAGAGGCTCAAATTGACACCCCTTCGGCGTAAAGTGTGGTTAATTATATTATATTACTAAAGCTAAACGTCCTCAGAGCTGTTATACGTTTATGATGATATGAAAACCCCTTACGAAAGTTGCTTTATATTGTTGATGCCACTATAGCTGAGAAA","Eukaryota","Chordata","Actinopteri",NA,NA,NA,NA
"CACCGCGGTTATACGAGAGGCCCAAGTTGATAGACTCCGGCGTAAAGAGTGGTTAAGATACATTTATTAAAACTAAAGCCGAACGCCTTCAGGGCTGTAATACGCTCCCGAAGATAAGAAGTTCAACCACGAAAGTGGCTTTATACCCACTGAACCCACGAAAGCTATGACA","Eukaryota","Chordata","Actinopteri","Centrarchiformes","Kyphosidae","Kyphosus","Kyphosus azureus"
"CACCGCGGTCATACGATTAACCCAAACTAACGGGCTCACGGCGTAAAGCGTGTAAAAGATCTACCTACACTAAAGTTAAAATTTAACCAAGCCGTAAAAAGCTGCCGTTAATACAAAATATACTACGAAAGTGACTTTAATAATTCTGATTACACGATAGCTAAGACC","Eukaryota","Chordata","Mammalia","Carnivora","Otariidae","Zalophus","NA"
"CACCGCGGTTATACGAGAGGCCCAAGTTGATAAGCCCGGCGTAAAGAGTGGTTATGGACAAACTTCCTCACTAAAGCTAAAGACCCCTTAGGCTGTTATACGCACCTGGGGGCTCGAACCACCTATACGAAAGTAGCTTTATTCTATTCCACCAGAATCCACGACAGCTGGGGCA","Eukaryota","Chordata","Actinopteri","Clupeiformes","Clupeidae","Opisthonema","Opisthonema libertate"
"CACCGCGGTTATACGAGAGACCCAAGTTGTTAGACACCGGCGTAAAGAGTGGTTAGGTTTGAATCTTAAACTAAAGCCGAACATCTTCAAAGCTGTTATACGCACCCGAAGACAAGAAGTTCAATCACGAAAGTGGCTTTACCTCAACTGAACCCACGAAAGCTAGGACA","Eukaryota","Chordata","Actinopteri","Acanthuriformes","Acanthuridae","Prionurus",NA
"CACCGCGGTTATACGGGGGGCCCAAGTTGATAGAAGCCGGCGTAAAGGGTGGTTAAGAGCAAATTTAAAATTAGAGCCGAATGCTTTCCTGGCTGTTATACGCATCCGAAAGTAAGAAGTCCAATTACGAAAGTAGCTTTATATAATCTGAACCCACGAAAGCTAAGACA","Eukaryota","Chordata","Actinopteri","Spariformes","Sparidae","Calamus","Calamus brachysomus"
"CACCGCGGTTATACGAGAGACCCAAGTTGATAAGAACCGGCGTAAAGAGTGGTTATGAACAACCCCAAAACTAAAGCCAAATGCCCCCAAAGCTGTTATACGCACTCGGGAGCCAGAAACCCAACCACGAAAGTGGCTTTATATTGCCTGAACCCACGAAAGCTATGATA","Eukaryota","Chordata","Actinopteri","Labriformes","Labridae","Bodianus","Bodianus diplotaenia"
"CACCGCGGTTATACGAGAGGCTCAAATTGAAGTTTCACGGCGTAAAGTGTGATTAGAGGAAACAAAAACTAAAGCCAAACATCTCCCAAGCTGTCATACGCTAACGGAACCAGAGGCCCCCCAACGAAAGTAGCTTTAAAATTCTTGAACTCACGACCATTAAGAAA","Eukaryota","Chordata","Actinopteri","Anguilliformes","Congridae","Heteroconger","Heteroconger sp. KAUM:I:95673"
"CACCGCGGTTATACGAGAGGCCCAAGCTGATAGTCACCGGCGTAAAGAGTGGTTAAGATTAATTGAATACTAAAGCCGAAAGCCCTCACAGCTGTTATACGCACTCGAGGGTAAGAAGCCCAACTACGAAAGTGGCTTTACAACATCTGAACCCACGAAAGCTAGGGCA","Eukaryota","Chordata","Actinopteri","Lutjaniformes","Haemulidae","Microlepidotus","Microlepidotus inornatus"
"CACCGCGGTTATACGAGAGACCCAAGTTGTTAGACACCGGCGTAAAGAGTGGTTAGGTTTGAATCTTAAACTAAAGCCGAACATCTTCAAAGCTGTTATACGCACCCGAAGACAAGAAGTTCAATCACGAAAGTGGCTTTACCTCAACTGAACCCACGAAAGCTAGGATA","Eukaryota","Chordata","Actinopteri","Acanthuriformes","Acanthuridae","Prionurus",NA
"CGCCGCGGCTATACGAGAGGCTCAAGTCGATAGATTCCGGCGTAAAGGGTGGTTAGGGAGCCACAACCCCTAGAGAAGAACGCTCTTCAAGCTGTTATACGCCCCAAGAGTGTGAAATCCTGACACGAAAGCAACTCTACTTTGACCTGAACCCACGACAGCTCCGGCA","Eukaryota","Chordata","Actinopteri","Aulopiformes","Synodontidae","Synodus","Synodus lacertinus"
"CACCGCGGTTATACGAGAGGCCCGAGTTGATAAGCACTCGGCGTAAAGGGTGGTTAAAATAACCTCACACTAAAGCCGAACACCCTCACGACTGTCGTACGTTTCCGAGGGTGGGAAGATCCACTACGAAAGTGGCTTTAATACTTTTGACCCCACGAAAGCTGCGGAA","Eukaryota","Chordata","Actinopteri","Blenniiformes","Labrisomidae","Malacoctenus","Malacoctenus triangulatus"
"CACCGCGGTTAGACGAATGACCCAAGTTGACAGAATACGGCGTAAAGGGTGGTTAGGGAATATTAATACTAAAGCCGAACACCTTCCAAGCTGTTATACGCTTATGAAGAACTGAAGCACAACTACGAGAGTGGCTTTAAAACACCTGAACCCACGAAAGCTAAGAAA","Eukaryota","Chordata","Actinopteri","Carangiformes","Coryphaenidae","Coryphaena","Coryphaena hippurus"
"CACCGCGGTTAGACGAATGACCCAAGTTGACAGAATACGGCGTAAAGGGTGGTTAGGGAATATTAATACTAAAGCCGAACACCTTCCAAGCTGTTATACGCTTATGAAGAACTGAAGCACAACTACGAAAGTGGCTTCAAAACACCTGAACCCACGAAAGCTAAGAAA","Eukaryota","Chordata","Actinopteri","Carangiformes","Coryphaenidae","Coryphaena","Coryphaena hippurus"
"CACCGCGGTTATACGAGAGGCCCAAGTTGACAAAAGCCGGCGTAAAGAGTGGTTAGTAGTATATATACTAAAGCCGAACACCTTCAAGGCTGTTATACGCACCCGAAGGCAGGAAGCCCTGCTACGAAAGTGGCTTTAAACCAGTATGAACCCACGAAAGCTAGGAAA","Eukaryota","Chordata","Actinopteri","Gobiiformes","Gobiidae","Bollmannia","Bollmannia boqueronensis"
"CACCGCGGTTATACATGAGACACGAGTTGAAACACTTCGGCAAAAAGGTGATAATTTCTCAACGGGGTTGACGCTCTCTCAAGCAGTAACAAGCTAACAGACCCCTAAACACAACACCCTAACCCCGAAATATCCGCGCCTAAAAAATCATCAAAGCTCAAAGA","Eukaryota","Echinodermata","Asteroidea","Valvatida","Oreasteridae","Pentaceraster","Pentaceraster mammillatus"
"CACCGCGGTTATACGAGAGGCCCAAGTTGATAGACTCCGGCGTAAAGAGTGGTTAAGATACATCTACAAAACTAAAGCCGAACGCCCTCAGGGCTGTTATACGCTCCCGAAGGTAAGAAGTTCAATCACGAAAGTGGCTTTATATTAGCTGAACCCACGAAAGCTATGACA","Eukaryota","Chordata","Actinopteri","Centrarchiformes","Kyphosidae","Kyphosus","Kyphosus ocyurus"
"TACCGCGGTTATACGAGAGACCTAAGTTGTTAAGCCCCGGCGTAAAGAGTGGGCAAACCCCAAACACCTAAACTGAGGCCGAACACCCTCAAAGCAGTTATACGCTCCCGAGGGCATGAAGAACAACTACGAAAGTAGCCTCACCCCACTTGAACCCACGAAAGCTAGGGTA","Eukaryota","Chordata","Actinopteri","Tetraodontiformes","Tetraodontidae","Canthigaster","Canthigaster janthinoptera"
"CACCGCGGTTAGACGAATGACCCAAGTTGACAGAATACGGCGTAAAGGGTGGTTAGGGAATATTAATACTGAAGCCGAACACCTTCCAAGCTGTTATACGCTTATGAAGAACTGAAGCACAACTACGAAAGTGGCTTTAAAACACCTGAACCCACGAAAGCTAAGAAA","Eukaryota","Chordata","Actinopteri","Carangiformes","Coryphaenidae","Coryphaena","Coryphaena hippurus"
"CACCGCAGTCACACGATTAACCCAAGTCAATAGAAGCCGGCGTAAAGAGTGTTTTAGATCACCCCCTCCCCAATAAAGCTAAAACTCACCTGAGTTGTAAAAAACTCCAGTTGACACAAAATAGACTACGAAAGTGGCTTTAACATATCTGAACACACAATAGCTAAGACC","Eukaryota","Chordata","Mammalia","Primates","Hominidae","Homo","Homo sapiens"
"CACCGCGGTTATACGAGAGGCCCAAGTTGATAGACTCCGGCGTAAAGAGTGGTTAAGACTCATCTACAAAACTAAAGCCGAACGCCCTCAGCGCTGTTATACGCTCCCGAAGGTAAGAAGTTCAATCACGAAAGTGGCTTTATATCAGCTGAACCCACGAAAGCTATGACA","Eukaryota","Chordata","Actinopteri","Centrarchiformes","Kyphosidae","Kyphosus","NA"
"CACCGCGGTTATACGAAAGGCCCAAGTTGAAAAACATTCGGCGTAAAGGGTGGCTAAGGGCCTATTTTAAACTAGAGCTGAATTTCTTCAAAGCTGTTATACGCTCATGAAAACTAGAAAATCAACCACGAAAGTGGCTCTAATCTCTCCTGACACCACGAAAGCTATGACA","Eukaryota","Chordata","Actinopteri","Labriformes","Labridae","Scarus","Scarus ghobban"
"CACCGCGGTTATACGAATGGCCCAAGTTGACCGACTTCCGGCGTAAAGAGTGGTTAGATATAATTTTTACTAAAGCTGAATGCCTTCAACGCTGTTATACGTTTCCGAGGACAAGAAACCCAACTACGAAAGTGGCTTTATTAAATTGAACCCACGAAAGCTGTGAAA","Eukaryota","Chordata","Actinopteri",NA,NA,NA,NA
"CACCGCGGTTATACGAGAGGCCCAAGTTGACAGACACCGGCGTAAAGCGTGATTAAGGTAAACTAAAACTAAAGCCGAATACCTTCAGGGCAGTTATACGCATCCGAAGGCACGAAGCCCCACCACGAAAGTGGCTTTATGACCCCTGACCCCACGAAAGCTATGACA","Eukaryota","Chordata","Actinopteri","Scombriformes","Scombridae","Euthynnus","Euthynnus affinis"
"CACCGCGGTTATACGAGAGGCTCAAGTTGACAATAATTCGGCGTAAAGAGTGGTTAAATTAACTGATAACTAAAGCCGAACGCCCTCACAACTGTTATACGTATTCGAGGGTTAGAAGCACTAATACGAAAGTAGCTTTAACATTTTGACCCCACGAAAGCTGGGAAA","Eukaryota","Chordata","Actinopteri",NA,NA,NA,NA
"CACCGCGGTTATACGAGAGGCCCGAGCTGATAATTGCCGGCGTAAAGAGTGGTTAAGATCAAATAAAAACTAAAGCCAAAAGCCCTCACAGCTGTTATACGCACTCGAGGGTAGGAAGCCCAACTACGAAAGTGGCTTTACAACATCTGAACCCACGAAAGCTAGGGTA","Eukaryota","Chordata","Actinopteri","Lutjaniformes","Haemulidae","Anisotremus","Anisotremus davidsonii"
"CACCGCGGTTATACGAGAGACCCAAGTTGATAAGAACCGGCGTAAAGAGTGGTTATGAACAACCCCAAAACTAAAGCCAAATGCCCCCAAAGCTGTTATACGCACTCGGGAGCCAGAAACCCAACCACGAAAGTGGCTTTATATTGCCTGAACCCACGAAAGCTATGGTA","Eukaryota","Chordata","Actinopteri","Labriformes","Labridae","Bodianus","Bodianus diplotaenia"
"CACCGCGGTTATACGAGAGGCTCAAGTTGACAATAATTCGGCGTAAAGAGTGGTTAAGTTTACTAATAACTAAGGCCGAACCCCCTCAAAACTGTTATACGTACTCGAGGGTTAGAAGCACTACTACGAAAGTGGCTTTAACATTTTGACACCACGAAAGCTAGGAAA","Eukaryota","Chordata","Actinopteri",NA,NA,NA,NA
"CACCGCGGTTATACGAGAGACCCAAGTTGTTAGACACCGGCGTAAAGAGTGGTTAGGTTTGAATCTTAAACTAAAGCCGAACATCTTCAAAGCTGTTATACGCACCCGAAGACAAGAAGTTCAATCACGAAAGTGGCTTTACCTCAACTGAACCCACGAAAGCTAGGGCA","Eukaryota","Chordata","Actinopteri","Acanthuriformes","Acanthuridae","Prionurus",NA
"CACCGCGGTTAGACGAATGACCCAAGTTGACAGAATACGGCGTGAAGGGTGGTTAGGGAATATTAATACTGAAGCCGAACACCTTCCAAGCTGTTATACGCTTATGAAGAACTGAAGCACAACTACGAAAGTGGCTTTAAAACACCTGAACCCACGAAAGCTAAGAAA","Eukaryota","Chordata","Actinopteri","Carangiformes","Coryphaenidae","Coryphaena","Coryphaena hippurus"
"CACCGCGGTTATACGAGAGACCCAAGTAGATGGCCGCCGGCGTAAAGAGTGGTTAAGATGTGCCCCTACTAAAGCCAAATGACTTCAAAGCTGTCATACGCGCATGAATATACGAAGCCCAACCACGAAAGTGGCTTTAAAACTCTGACTCCACGAAAGCTATGATA","Eukaryota","Chordata","Actinopteri","Labriformes","Labridae","Halichoeres","Halichoeres dispilus"
"CACCGCGGTTATACGAGAGGCTCAAGTTGACAGACAACGGCGTAAAGAGTGGTTATGGAACTTATTAAACTAAAGCCGAACGCCCTCAGAACTGTTATACGTTTCCGAAGGTAAGAAGCCCCACCACGAAAGTGACTTTATTTTCCCCGACTCCACGAAAGCTGCGGAA","Eukaryota","Chordata","Actinopteri","NA","Pomacentridae","Abudefduf","NA"
"CACCGCGGTTATACGAGAGGCTCAAGTTGACAGACAACAGCGTAAAGAGTGGTTAAGGAACTTATTAAACTAAAGCCGAACGCCCTCAGAACTGTTATACGTTTCCGAAGGTAAGAAGCCCCACCACGAAAGTGACTTTATTTTCCCCGACTCCACGAAAGCTGCGGAA","Eukaryota","Chordata","Actinopteri","NA","Pomacentridae","Abudefduf","NA"
"CACCGCGGTTAGACGAGAGACCCAAGTAGATGGCCCTCGGCGTAAAGAGTGGTTAAGATAACTTTAAACTAAGGCCAAACGACTTTTTAGCTGTTATACGCGCGAGAAGACATGAAGCCCAACTACGAAAGTGGCCTTAAGTTCCTGACCCCACGAAAGCTAGGACA","Eukaryota","Chordata","Actinopteri","Labriformes","Labridae","Thalassoma","Thalassoma lucasanum"
"CACCGCGGTTAGACGAATGACCCAAGTTGACAGAATACGGCGTAAAGGGTGGTTAGGGAATATTAATACTAAAGCCGAACACCATCCAAGCTGTTATACGCTTATGAAGAACTGAAGCGCAACTACGAAAGTGGCTTTAAAACACCTGAACCCACGAAAGCTAAGAAA","Eukaryota","Chordata","Actinopteri","Carangiformes","Coryphaenidae","Coryphaena","Coryphaena hippurus"
"CACCGCGGTTAGACGAATGACCCAAGTTGACAGAATACGGCGTAAAGGGTGGTTAGGGAATATTAATACTAAAGCCGAACACCTTCCAAGTTGTTATACGCTTATGAAGAACTGAAGCACAACTACGAAAGTGGCTTTAAAACACCTGAACCCACGAAAGCTAAGAAA","Eukaryota","Chordata","Actinopteri","Carangiformes","Coryphaenidae","Coryphaena","Coryphaena hippurus"
"CACCGCGGTTATACGAAAGGCCCAAGTTGAAAAACATTCGGCGTAAAGGGTGTCTAAGGGCCTATTTTAAACTAGAGCTGAATTTCTTCAAAGCTGTTATACGCTCATGAAAACTAGAAAATCAACCACGAAAGTGGCTCTAATCTCTCCTGACACCACGAAAGCTATGACA","Eukaryota","Chordata","Actinopteri","Labriformes","Labridae","Scarus","Scarus ghobban"
"CACCGCGGTTATACGAGAGACCCAAGTTGATAGACACCGGCGTAAAGAGTGGTTAAGATTTACCCAAAACTAAAGCCGAACGCCCTCAGAGCTGTTATACGCACCCGAGAGTTAGAAGCCCAACCACGAAAGTGGCTTTAAACAATCTGAACCCACGAAAGCTATGATA","Eukaryota","Chordata","Actinopteri","Lutjaniformes","Lutjanidae","Lutjanus","Lutjanus argentiventris"
"TACCGCGGTTATACGAGAGGCCCAAGTTGATAGACATCGGCGTAAAGAGTGGTTAAGGATAAATGATTACTAAAGCTGAACACTTACAAGGCTGTTATACGCTCCCGAAAGTAAGAAGAACAACTACGAAAGTGGCTTTATAATACCTGAACCCACGAAAGCTAAGACA","Eukaryota","Chordata","Actinopteri","Perciformes","Serranidae","Cephalopholis",NA
"CACCGCGGTTATACGAGAGGCCCAAGATGACAGACCCTCGGCGTAAAGAGTGGTTAGAATAAAATGAAACTAAAGCCGAATGTTTTCTAAACTGTTATACGTACTCGAGAACTAGAAGCACCCCTACGAAAGTGGCTTTACTATTTTGAATCCACGAAAGCTATGGCA","Eukaryota","Chordata","Actinopteri","Blenniiformes","Blenniidae","Cirripectes",NA
"CACCGCGGTCACACGATTAACCCAAGTCAATAGAAACCGGCGTAAAGAGTGTTTTAGATCACCCCCTCCCCAATAAAGCTAAAACTCACCTGAGTTGTAAAAAACTCCAGTTGACACAAAATAGACTACGAAAGTGGCTTTAACATATCTGAACACACAATAGCTAAGACC","Eukaryota","Chordata","Mammalia","Primates","Hominidae","Homo","Homo sapiens"
"CACCGCGGTTATACGAGAGGCTCAAGTTGACAGACAACGGCGTAAAGAGTGGTTAAGGAACTTATTAAACTAAAGCAGAACGCCCTCAGAACTGTTATACGTTTCCGAAGGTAAGAAGCCCCACCACGAAAGTGACTTTATTTTCCCCGACTCCACGAAAGCTGCGGAA","Eukaryota","Chordata","Actinopteri","NA","Pomacentridae","Abudefduf","NA"
"CACCGCGGTCACACGATTAACCCAAGTCAATAGAAGCCGGCGTAAAGAGTGTTTTAGATCACCCCCGCCCCAATAAAGCTAAAACTCACCTGAGTTGTAAAAAACTCCAGTTGACACAAAATAGACTACGAAAGTGGCTTTAACATATCTGAACACACAATAGCTAAGACC","Eukaryota","Chordata","Mammalia","Primates","Hominidae","Homo","Homo sapiens"
"CACCGCGGTTAGACGAATGACCCAAGTTGACAGAATACGGCGTAAAGGGTGGTTAGGGAATATTAATACTAAAGCCGAACACCTTCCAAGCTGTTATACGCTTATGAAGGACTGAAGCACAACTACGAAAGTGGCTTTAAAACACCTGAACCCACGAAAGCTAAGAAA","Eukaryota","Chordata","Actinopteri","Carangiformes","Coryphaenidae","Coryphaena","Coryphaena hippurus"
"CACCGCGGTTATACGAGAGGCCCAAGTTGATAGCCAGCGGCGTAAAGAGTGGTTAAGGGAGCCCCTTACTAAAGTCGAACGCCTTCAGAGCTGTTATACGTTACCGAAAGCAAGAAGCCCTACTACGAAAGTGACTTTATATTACCTGACTCCACGAAAGCTGTGAAA","Eukaryota","Chordata","Actinopteri","Atheriniformes","Atherinopsidae","Atherinops","Atherinops affinis"
"CACCACGGTTATACGAGAGGCCCAAGTTGATAGCCAGCGGCGTAAAGAGTAGTTAAGGGAACCCCTTACTAAAGTCGAACGCCTTCAGAGCTGTTATACGTTACCGAAAGCAAGAAGCCCTACTACGAAAGTGACTTTATATTACCTGACTCCACGAAAGCTGTGAAA","Eukaryota","Chordata","Actinopteri","Atheriniformes","Atherinopsidae","Atherinops","Atherinops affinis"
"CACCGCGGTTATACGAGAGGCCCAAGTTGATAGTCAACGGCGTAAAGAGTGGTTAGAAGGAACTTATCACTAAAGCCGAACACCCTCAAGGCTGTTATACGCACCCGAAGGTGAGAAGCTCATCCACGAAAGTGGCTTTATAACCTTGAACCCACGAAAGCTATGAAA","Eukaryota","Chordata","Actinopteri","NA","Sciaenidae","Equetus","Equetus lanceolatus"
"CACCGCGGTTATACGAGAGGCCCAAGTTGATAATAGCTCGGCGTAAAGAGTGGTTAAAATGAATATATACTAGAGCCGAACCCCCTCAAAACTGTTATACGTACTCGAGGGCTAGAAGTACATTTACGAAAGTAGCTTTAACGTTTTGACCCCACGAAAGCTAGGAAA","Eukaryota","Chordata","Actinopteri",NA,NA,NA,NA
"CACCGCGGTTATACGAGAGGCCCAAGTTGATAAGCCCGGCGTAAAGAGTGGTTATGGATGAACCCCCGCACTAAAGCTAAAGACCCCTTAGGCTGTTATACGCACCTGGGGGCTCGAACCACCTATACGAAAGTAGCTTTATTCTCTTCCACCAGAACCCACGACAGCTGGGGCA","Eukaryota","Chordata","Actinopteri","Clupeiformes","Clupeidae","Opisthonema","Opisthonema libertate"
"CACCGCGGTTAGACGAATGACCCAAGTTGACAGAATACAGCGTAAAGGGTGGTTAGGGAATATTAACACTAAAGCCGAACACCTTCCAAGCTGTTATACGCTTATGAAGAACTGAAGCACAACTACGAAAGTGGCTTTAAAACACCTGAACCCACGAAAGCTAAGAAA","Eukaryota","Chordata","Actinopteri","Carangiformes","Coryphaenidae","Coryphaena","Coryphaena hippurus"
"CACCGCGGTTATACGGGTTAGCCCAAGTTGACAGCCTACGGCGTAAAGCGTGGTTAGGGAGCAAGAACATACTAAAGCCGAATTTTCCTTCAGCTGTTATACGCTCGCAGGAACAAGAAGTTCAACTACGAAAGTGACTTTATTTTTCTACCCCTGAGCCCACGAAAGTTTTGATA","Eukaryota","Chordata","Actinopteri","Centrarchiformes","Cirrhitidae","Cirrhitichthys","Cirrhitichthys oxycephalus"
"AACCGCGGTTATACGAGGGGCCCGAATTGACGCATTACGGCGTAAAGTGTGATTAGAGACAAAACTAAACTAGAACCAAATACCCCTTATGCTGTCATACGCTATGGGGGTCACGAAGCCCAACAACGAAAGTGGTTCTATTAACCTTGAACTCACGACAGCTAAGACA","Eukaryota","Chordata","Actinopteri","Anguilliformes","Muraenidae","Gymnothorax",NA
"CACCGCGGTTATACGAGAGGCTCAAGTTGACAGACAACGGCGTAAAGCGTGGTTAAGGAGAACTCATAACTAAAGCGGAACTTCCTCCTAGCTGTTATACGCTTCCGAGGGAATGAACCCCAACTACGAAAGTGGCTTTACCCCACCTGAACCCACGAAAGCTAAGAAA","Eukaryota","Chordata","Actinopteri","Carangiformes","Carangidae","Caranx","Caranx crysos"
"CACCGCGGTTATACGAGAGGCCCGAGTCGAAGGAGAACGGCGTAAAGGGTGGTTAACGTTAATACTATCCAAAGTCAAACACCGTCCAAGCTGTTATACGCAATCGACGGCAGGAAGCCCACCCGCGAAAGTGACTTTGAACCACATGACCCCACGAAAGCTAGGCCA","Eukaryota","Chordata","Actinopteri","Gobiiformes","Gobiidae","Lythrypnus","Lythrypnus dalli"
"CACCGCGGTTATACGAGAGGCTCAAGTTGACAGACAACGGCGTAAAGAGTGGTTAAGGCACCCTTTCCTAAAACTAAAGTCGAACGCCTTCAAGGCTGTTATACGCTCCCGAAGGTAAGAAGTTCCACCACGAAAGTGACTTTATTTCCCCCGACCCCACGAAAGCTGTGACA","Eukaryota","Chordata","Actinopteri","NA","Pomacentridae","Microspathodon",NA
"CACCGCGGTTATACGAGAGGCTCAAGTTGACAGACAACGGCGTAAAGAGTGGTTAAGGAAAATATTCAACTAAAGCGGAACCCCCTCATTGCTGTCATACGCTTCCGAGAGGATGAACCCCAACTACGAAGGTGGCTTTATAAAACCTGAACCCACGAAAGCTAAGAAA","Eukaryota","Chordata","Actinopteri","Carangiformes","Carangidae","Decapterus","Decapterus macarellus"
"CACCGCGGTTATACGAAAGGCCCAATTTGATGGACTCGGCGTAAAGAGTGGTTATGGGTTAAATTTAGACTAAAGCTAAAGGCCACCCAAGCCGTTATACGCATACGATGGTTCGAACCACCTTAACGAAAGTAGCTTTACCCCCTCCAGCCAGAATCCACGACAGCTGGGGAA","Eukaryota","Chordata","Actinopteri","Clupeiformes","Clupeidae","Harengula","Harengula thrissina"
"CACCGCGGTTATACGAGAGGCTCAAGTTGACAGACAACGGCGTAAAGAGTGGTTAAGGAACTTATTAAACTAAAGCCGAACGCCCTCAGAACTGTTATACGTTTCCGAAGGTAAGAAGCCCCACCACGAAAGTGACTTTATTTTCCCCGACTCCACGAAAGCTGCTGAA","Eukaryota","Chordata","Actinopteri","NA","Pomacentridae","Abudefduf","Abudefduf vaigiensis"
"CACCGCGGTTATACGAGAGGCCTAAGTTAACAGACACCGGCGTAAAGAGTGGTTAAGGAGAAATCAAAACTAAAGCCGAATAACCTCAAGACTGTTATACGTTCCCGAGGACAAGAAGCCCAACTACGAAAGTGGCTTTAATTTTCCCGACTCCACGAAAGCTGTGAAA","Eukaryota","Chordata","Actinopteri","Beloniformes","Hemiramphidae","Hemiramphus","NA"
"CACCGCGGTTATACGAGAGGCCCAAGCTGATAATTACCGGCGTAAAGAGTGGTTAAGATTAATTAAAGACTAAAGCCGAAAACCCCCATAGCTGTTATACGCACCCGGGGGAAAGAAGCCCAATTACGAAAGTGGCTTTACAACATCTGAACCCACGAAAGCTAGGGTA","Eukaryota","Chordata","Actinopteri","Lutjaniformes","Haemulidae","Haemulon","Haemulon flaviguttatum"
"CACCGCGGTTAGACGAATGACCCAAGTTGACAGAATACGGCGTAAAGGGTGGTTAGGGAATATTAATACTAAAGCCGAACACCTTCCAAGCTGTTATACGCTTATGAAGAACTGAAGCACAACTACGAAAGTGGCTTTAAAACACCTGAACCAACGAAAGCTAAGAAA","Eukaryota","Chordata","Actinopteri","Carangiformes","Coryphaenidae","Coryphaena","Coryphaena hippurus"
"CGCCGCGGTTATACGAGATATGGCCCAAGTTGACAGCCTTCGGCGTAAAGGGTGGTTAAGAGAATTAAAGGAAAAAATAAAGCCGAACACCTCTCCTGCTGTTATACGCAATCGGAGATAAAGAAGCCCAATCACGAAAGTAGCTTTACTTCCCCTCCTGAACCCACGAAAGTTATGATA","Eukaryota","Chordata","Actinopteri","Centrarchiformes","Cirrhitidae","Cirrhitus","Cirrhitus pinnulatus"
"CACAGCGGTTATACGAGAGGCTCAAGTTGACAGACAACGGCGTAAAGAGTGGTTAAGGAACTTATTAAACTAAAGCCGAACGCCCTCAGAACTGTTATACGTTTCCGAAGGTAAGAAGCCCCACCACGAAAGTGACTTTATTTTCCCCGACTCCACGAAAGCTGCGGAA","Eukaryota","Chordata","Actinopteri","NA","Pomacentridae","Abudefduf","NA"
"CACCGCGGTTATACGAGAGGCCCAAGTTGATAGACTCCGGCGTAAAGAGTGGTTAAGATACATTTATTAAAACTAAAGCCGAACGCCTTCAGGGCTGTTATACGCTCCCGAAGATAAGAAGTTCAACCACGAAAGTGGCTTTATACCCACTGAACCCACGAAAGCTATGACA","Eukaryota","Chordata","Actinopteri","Centrarchiformes","Kyphosidae","Kyphosus","Kyphosus azureus"
"CACCGCGGTTATACGAGTGACTCAAGTTGATAGATTTCGGCGTAAAGCGTGGCTAAGAAGAGATTAAATTAAAGTCAAATACCGTTACAGCAGTGAAATGTTTATGACGGCAAAGAAGCCCAATCACGAAAGTGGCTTTATTATTTCTGATTCCACGAAAGCTAGGGCA","Eukaryota","Chordata","Actinopteri",NA,NA,NA,NA
"CACCGCGGTTATACGAGAGGCCCAAGTTGTTAGACATCGGCGTAAAGCGTGGTTAAGATAACTCAAATACTAAAGCCAAACACCACCCCCACTGTTATACGTTCACGGAGGTAGGAAGCCCAATCACGAAAGTAGCTTTATAATATCTGAGCCCACGAAAGCTAGGACA","Eukaryota","Chordata","Actinopteri","NA","Pomacanthidae","Holacanthus","NA"
"CACCGCGGTTAGATGAATGACCCAAGTTGACAGAATACGGCGTAAAGGGTGGTTAGGGAATATTAATACTAAGCCGAACACCTTCCAAGCTGTTATACGCTTATGAAGAACTGAAGCACAACTACGAAAGTGGCTTTAAAACACCTGAACCCACGAAAGCTAAGAAA","Eukaryota","Chordata","Actinopteri","Carangiformes","Coryphaenidae","Coryphaena","Coryphaena hippurus"
"CACCGCGGTTATACGAGAGGCCCAAGCTGATAATTATCGGCGTAAAGAGTGGTTAAGATTAATTAAAGACTAAAGCCGAAAACCCCCATAGCTGTTATACGCACCCGGAGGAAAGAAGCCCAATTACGAAAGTGGCTTTACAACATCTGAACCCACGAAAGCTAGGGTA","Eukaryota","Chordata","Actinopteri","Lutjaniformes","Haemulidae","Haemulon","Haemulon flaviguttatum"
"CACCGCGGTTATACGAGAGGCCCAAGTTGACAGACACGGCGTAAAGAGTGGTTAGGCAACCCCTCCCCCTTCTACACACTAAAGTCGAACGCCCTCAAGGCTGTTATACGCCCTACGAAGGCAAGAAGCCCGTCCACGAAAGTGACTTTATTCCACCTGACTCCACGAAAGCTGTGGTA","Eukaryota","Chordata","Actinopteri","NA","Pomacentridae","Stegastes","Stegastes rectifraenum"
"CACCGCGGTTATACGAGAGGCTCGAGTTGACAGACAACGGCGTAAAGAGTGGTTAAGGAACTTATTAAACTAAAGCCGAACGCCCTCAGAACTGTTATACGTTTCCGAAGGTAAGAAGCCCCACCACGAAAGTGACTTTATTTTCCCCGACTCCACGAAAGCTGCGGAA","Eukaryota","Chordata","Actinopteri","NA","Pomacentridae","Abudefduf","NA"
"CACCGCGGTTATACGAGAGGCTCAAGTTGACAGACAACGGCGTAAAGAGTGGTTAAGGCACCCTTTCCTAAAACTAAAGTCGAACGCCTTCAAAGCTGTTATACGCTCCCGAAGGTAAGAAGTTCCACCACGAAAGTGACTTTATTCCCCCCGACCCCACGAAAGCTGTGACA","Eukaryota","Chordata","Actinopteri","NA","Pomacentridae","Microspathodon","Microspathodon dorsalis"
"CACCGCGGTTATACATGAGACACGAGTTGAAACACTTCGGCAAAAAGGTGATAATTTCTCAACGGGGTTAACGCTCTCTCAAGCAGTAACAAGCTAACAGACCCCTAAACACAACACCCTAACCCCGAAATACCCGCGCCTAAAAAATCATCAAAGCTCAAAGA","Eukaryota","Echinodermata","Asteroidea","Valvatida","Oreasteridae","Pentaceraster","Pentaceraster mammillatus"
"CACCGCGGTTATACATGAGACACAAGTTGAAACACTTCGGCAAAAAGGTGATAATTTCTCAACGGGGTTGACGCTCTCTCAAGCAGTAACAAGCTAACAGACCCCTAAACACAACACCCTAACCCCGAAATATCCGCGCCTAAAAAATCATCAAAGCTCAAAGA","Eukaryota","Echinodermata","Asteroidea","Valvatida","Oreasteridae","Pentaceraster","Pentaceraster mammillatus"
"CACCGCGGTCATACGATTAACCCAAGCTAACAGGAGTACGGCGTAAAACGTGTTAAAGCACCATACCAAATAGGGTTAAATTATAACTAAGCTGTAAAAAGCCATGATTAAAATAAAAATAAATGACGAAAGTGACCCTACAATAGCCGACGCACTATAGCTAAGACC","Eukaryota","Chordata","Mammalia","Artiodactyla","Bovidae","Bos","Bos taurus"
"CACCGCGGTTATACGAGAGGCCCAAGATGACAGACCCTCGGCGTAAAAAGTGGTTAGATTTGATTGTAACTAGAGTCGAACTTTCTCAAAGCTGTTATACGCCCTCGAGAATAGGAATTACTTCCACGAAAGTGGCTTTATTCTATTGAGCCCACGAAAGCTAAGACA","Eukaryota","Chordata","Actinopteri","Blenniiformes","Blenniidae","Entomacrodus","Entomacrodus caudofasciatus"
"CACCGCGGTTATACGAGAGGCCCAAGCTGACAGCACCTCGGCGTAAAGAGTGGTTAGAAATGAAAAAGACTAAAGCCGAATACTCTCCAAGCTGTTATACGCTTTCGAGAGTTAGAAGCCCTACAACGAAAGTAGCTTTACAACATTGAACCCACGAAAGCTAGGGTA","Eukaryota","Chordata","Actinopteri","Blenniiformes","Blenniidae","Hypsoblennius","Hypsoblennius jenkinsi"
"CACCGCGGTCACACGATTAACCCAAGTCAATAGAAACCGGCGTAAAGAGTGTTTTAGATCAATTCCCCTCAATAAAGCTAAAATTCACCTGAGTTGTAAAAAACTCCAGTTGATACAAAATAAACTACGAAAGTGGCTTTAACGCATCTGAACACACAATAGCTAAGACC","Eukaryota","Chordata","Mammalia","Primates","Hominidae","Gorilla","Gorilla gorilla"
"CACCGCGGTTATACGAGAGGCCCAAGTTGACTAGCGCTCGGCGTAAAGGGTGGTTAATAATTTAATACACTAAAGCCGAACCCCCTCTCGACTGTCTAACGCTTTCGAGGGCTGGAAGCACAACTACGAAAGTGGCTTTAACACCTTGACCCCACGAAAACTGTGGCA","Eukaryota","Chordata","Actinopteri","Blenniiformes","Labrisomidae","Labrisomus","Labrisomus xanti"
"TACCGCGGTTATACGAGGGGCTCAAGTTGATAGGCTCCGGCGTAAAGCGTGGTTAGGGAACAATAAAAACTAAAGCCGAACACTTACTAAGCAGTCATACGCTCACGAAAGTAAGAAGCACAATCACGAAAGTGGCTTTACCACACCTGACTCCACGAAAGCTAAGGCA","Eukaryota","Chordata","Actinopteri","Perciformes","Serranidae",NA,NA
"CACCGCGGTTATACATGAGACACGAGTTGAAACACTTCGGCAAAAAGGTGATAATTTCTTAACGGGGTTGACGCTCTCTCAAGCAGTAACAAGCTAACAGACCCCTAAACACAACACCCTAACCCCGAAATATCCGCGCCTAAAAAATCATCAAAGCTCAAAGA","Eukaryota","Echinodermata","Asteroidea","Valvatida","Oreasteridae","Pentaceraster","Pentaceraster mammillatus"
"CACCGCGGTTATACGAAGGGCCCAAGTTGATAGTTGCCGGCGTAAAGCGTGGTTAGGTTAAAATTTGAAACTAAAGCCGAACGTACGCAAAGCTGTTATACGCGTTTGAACAACGGAAGCCCAATTACGAAAGTAGCTTTATGTTAGCTGAACCCACGAAAGCTAGGGCA","Eukaryota","Chordata","Actinopteri","Perciformes","Serranidae","Pronotogrammus","Pronotogrammus multifasciatus"
"CACCGCGGTCACACGATTAACCCAAGTCAATAGAAACCGGCGTAAAGAGTGTTTTAGATCAATTCCCCTCAATAAAGCTAAAATTCACCTGAGTTGTAAAAAACTCCAGTTGATACAAAATAAACGACGAAAGTGGCTTTAACGCATCTGAACACACAATAGCTAAGACC","Eukaryota","Chordata","Mammalia","Primates","Hominidae","Gorilla","Gorilla gorilla"
"CACCGCGGTCATACGATTAACCCGAATTAATAGATCCACGGCGTAAAGAGTGTTTAAGAAAAAAAACCACAATAGAGTTAAATTATAACTAAGCTGTAAAAAGCCCTAGTTAAAATAAAATAACCCACGAAAGTGACTCTAATAATCCTGACACACGATAGCTAGGACC","Eukaryota","Chordata","Mammalia","Artiodactyla","Suidae","Sus","Sus scrofa"
"CACCGCGGTCATACGATTGACCCAAACTAATAGACACCCGGCGTAAAGAGTGTCAAAGAACAATATAAAAATAAAGTCAAACCTTAATTAAGCTGTAAAAAGCCATAATTAAAATTAAGTTAAACTACGAAAGTAACTTTACCATAAACTGAATACACGACAACTAAGACC","Eukaryota","Chordata","Mammalia","Artiodactyla","Delphinidae","Tursiops","Tursiops truncatus"
"CACCGCGGTTAGACGAATGACCCAAGTTGACAGAATACGGCGTAAAGGGTGGTTAGGGAATATTAATACTAAAGCCGAACACCTTCCAAGCTGTTATACGCTTATGAAGAACTGAAGCACAACTACGAAAGTGGCTTTAAAACACCTGAACCCGCGAAAGCTAAGAAA","Eukaryota","Chordata","Actinopteri","Carangiformes","Coryphaenidae","Coryphaena","Coryphaena hippurus"
"CACCGCGGTTAGACGAATGACCCAAGTTGACAGAATACGGCGTAAAGGGTGGTTAGGGAATATTAATACTAAAGCCGAACACCTTCCAAGCTGTTATACGCTTATGAGGAACTGAAGCACAACTACGAAAGTGGCTTTAAAACACCTGAACCCACGAAAGCTAAGAAA","Eukaryota","Chordata","Actinopteri","Carangiformes","Coryphaenidae","Coryphaena","Coryphaena hippurus"
"CACCGCGGTTATACGAGAGGCTCAAGTTGATAGACAGCGGCGTAAAGAGTGGTTAAGGAAAATATTAAATTAAAGCGGAAAGCCCTCAATGCTGTTATACGCCTTCGAAGAGACTGAACCACAACTACGAAAGTGGCTTTATTTAACCTGAACCCACGAAAGCTAAGAAA","Eukaryota","Chordata","Actinopteri","Carangiformes","Carangidae","Selar","Selar crumenophthalmus"
"TACCGCGGTTATACGAGAGTCCCAAGTTGATAAGCATCGGCGTAAAGAGTGGTTATGGTTAAATAAATACTAAAGCTGAACACTTACAAAGCTGTTATACGCTCCCGAAAATAAGAAGAACAACTACGAAAGTGGCTTTATTACACCCGAACCCACGAAAGCCAAGGCA","Eukaryota","Chordata","Actinopteri","Perciformes","Serranidae","Paranthias","Cephalopholis colonus"
"CACCGCGGTTATACGAGAGGCTCAAGTTGACAGACAGCGGCGTAAAGAGTGGTTAAGGAAACTTTTAAACTAAAGCCGAACGCCCTCAGAACTGTTATACGTTTCCGAAGGTATGAAGCCCCACCACGAAAGTGGCTTTATTTCCCCTGACTCCACGAAAGCTGTGAAA","Eukaryota","Chordata","Actinopteri","NA","Pomacentridae","Chromis","Chromis alta"
"CACCGCGGTTATACGAGAGGCCCAAGCTGATAATTATCGGCGTAAAGAGTGGTTAAGATTTATTACAGACTAAAGCCGAAAACCCCCACAGCTGTTATACGCACCCGGGGGAAAGAAGCCCAATTACGAAAGTGGCTTTACAATATCTGAACCCACGAAAGCTAGGGTA","Eukaryota","Chordata","Actinopteri","Lutjaniformes","Haemulidae","Brachygenys","Brachygenys californiensis"
"CACCGCGGTTATACGAGAGGCCCAAGTTGACAGACACCGGCGTAAAGCGTGGTTAAGGTACACGAAAACTAAAGCCGAACACCTTCAGGGCAGTTATACGCATCCGAAGGCACGAAGCCCCACCACGAAAGTGGCTTTATAAACCCTGACTCCACGAAAGCTATGACA","Eukaryota","Chordata","Actinopteri","Scombriformes","Scombridae","Thunnus","Thunnus thynnus"
"CACCGCGGTTAGACGAATGACCCAAGTTGACAGAATACGGCGTAAAGGGTGGTTAGGGAATATTAATACTAAAGCCGAACACCTTCCAAGCTGTTATACGCTTATGAAGAACTGAAGCACAACTACGAAAGTGGCTTTAAAACACCTGAGCCCACGAAAGCTAAGAAA","Eukaryota","Chordata","Actinopteri","Carangiformes","Coryphaenidae","Coryphaena","Coryphaena hippurus"
"CACCGCGGTTATACGAGAGACCCTAGTTGATTGAAGCGGCGTAAAGAGTGGTTATGGAGTTTTCCCCTTTAAAGCAGAAAACCTCTCAAACTGTTATACGCACCCAGAGGTTGAAATCCCTCACACGAAAGTGACTTTATATTCGCCTACCAGAACCCACGAAAGCTGGGACA","Eukaryota","Chordata","Actinopteri","Clupeiformes","Engraulidae","Engraulis","Engraulis mordax"
"CACCGCGGTGATACGAAAGGCTCAAGCTGACAGCCCACGGCGTAAAGCGTGGTTAGGGTATATTTTAAATTAAAGCCGAACACCCCTTAAGCCGTCAAAAGCTTATAGAGGCATGAAGCCCACTTACGAAAGTAGCTTTATACTTCCTGAACCCACGAAAGCTAAGAAA","Eukaryota","Chordata","Actinopteri","Scombriformes","Trichiuridae","Trichiurus","Trichiurus nitens"
"CACTGTGGCCATACAATTAACCCAAGCTAATAGAACTCAGCGTAAAGAGTGTTTAAGATCTGCCCTCAATAAAGCTAAACTCCATTTAAGTTGTAAAAAACTTAGGCTGAAATAAAACATACTACGAATGTGGCTTTAATATCCTGAAGACACGACAGCTAAGATC","Eukaryota","Chordata","Mammalia","Primates","Hominidae","Homo","Homo sapiens"
"CACCGCGGTTATACGAGAGGCCCAAGTTGATAGCCAGCGGCGTAAGGAGTGGTTAAGGGAACCCCTTACTAAAGTCGAACGCCTTCAGAGCTGTTATACGTTACCGAAAGCAAGAAGCCCTACTACGAAAGTGACTTTATATTACCTGACTCCACGAAAGCTGTGAAA","Eukaryota","Chordata","Actinopteri","Atheriniformes","Atherinopsidae","Atherinops","Atherinops affinis"
"CACCGCGGTTATACGAGAGGCCCAAGTTGTTAGGCATCGGCGTAAAGGGTGGTTAAGGCAAATCTCCAAACTAAAGCCGAACATCTTCCAAGCCGTCATACGCACACGAAGACAAGAAGCCCGATAACGAAAGTGGCTCTAACCTGCCTGAACCCACGAAAGCTATGACA","Eukaryota","Chordata","Actinopteri","Tetraodontiformes","Diodontidae","Diodon","Diodon holocanthus"
"CACCGCGGTTATACGAGAGGCTCAAGTTGACAGACAACGGCGTAAAGAGTGGTTAAGGAACTTATTAAACTAAAGCCGAACGCCCTCAGAACTGTTATACGTTTCCGAAGGTAAGAAGCCCCACCACGAAAGTGACTTTATTTCCCCCGACTCCACGAAAGCTGCGGAA","Eukaryota","Chordata","Actinopteri","NA","Pomacentridae","Abudefduf","Abudefduf vaigiensis"
"CACCGCGGTTATACGAGAGGCTCAAGTTGACAGACAACGGCGTAAAGAGTGGTTAAGGAACTTATTAAACTAAAGCCGAACGCCCTCAGAACTGTTATACGTTTCCGAAGGTAAGAAGCCCCACCACGAAAGTGACTTTATCTTCCCCGACTCCACGAAAGCTGCGGAA","Eukaryota","Chordata","Actinopteri","NA","Pomacentridae","Abudefduf",NA
"CACCGCGGTTATACGAGAGACCCAAGTAGATGGCCGCCGGCGTAAAGAGTGGTTAAGATGTACCCCTACTAAAGCCAAATGACTTCAAAGCTGTCATACGCGCATGAATATACGAAGCCCAACCACGAAAGTGGCTTTAAAACTCTGACTCCACGAAAGCTATGATA","Eukaryota","Chordata","Actinopteri","Labriformes","Labridae","Halichoeres","Halichoeres dispilus"
"CACCGCGGTTAGACGAATGACCCAAGTTGACAGAATACGTCGTAAAGGGTGGTTAGGGAATATTAATACTAAAGCCGAACACCTTCCAAGCTGTTATACGCTTATGAAGAACTGAAGCACAACTACGAAAGTGGCTTTAAAACACCTGAACCCACGAAAGCTAAGAAA","Eukaryota","Chordata","Actinopteri","Carangiformes","Coryphaenidae","Coryphaena","Coryphaena hippurus"
"CACCGCGGTTATACGAAAGGCACAAGTTGAAAGACATTCGGCGTAAAGGGTGACTAAGGACCTATCTCAAACTAGAGCTGAATTTCTTCAAAGCTGTTATACGCTCATGAAAACTAGAAAATCGACCACGAAAGTGGCTCTAATCCCCCCCTGACACCACGAAAGCTATGACA","Eukaryota","Chordata","Actinopteri","Labriformes","Labridae","Scarus","Scarus guacamaia"
"AGCCGCGGTTACACCAGGGACCCAAGTTGACAGACTCACGGCATAAAGGGTGGTCAACAGAATATTAAACTAAAGCCAAACACCCCTAAGGCTGTCATACGCAATTTAGGGACAGGAAGATCGTTCACGAAAGTAGCTTTAAACACTGCGAACCACGAAAGCCAGGGAA","Eukaryota","Chordata","Actinopteri","Gobiiformes","Gobiidae","Coryphopterus","Coryphopterus urospilus"
"CACCGCGGTCACACGATTAACCCAAGTCAATAGAAACCGGCATAAAGAGTGTTTTAGATCAATTCCCCTCAATAAAGCTAAAATTCACGTGAGTTGTAAAAAACTCCAGTTGATACAAAATAAACTACGAAAGTGGCTTTAATGCATCTGAACACAGAATAACTAAGACC","Eukaryota","Chordata","Mammalia","Primates","Hominidae","Gorilla","Gorilla gorilla"
"CACCGCGGTTATACATGAGACACGAGTTGAAACACTTCGGCAAAAAGGTGATAATTTCTCAACGGGGTTGACGCTCCCTCAAGCAGTAACAAGCTAACAGACCCCTAAACACAATCACCCTAACCCCGAAATACCCGCGCCTAAAAAAATCATCAAAGCTCAAAGA","Eukaryota","Echinodermata","Asteroidea","Valvatida","Oreasteridae","Pentaceraster","Pentaceraster mammillatus"
"CACCGCGGTTAGACGAATGACCCAAGTTGACAGAATACGGCGTAAAGGGTTGTTAGGGAATATTAATACTAAAGCCGAACACCTTCCAAGCTGTTATACGCTTATGAAGAACTGAAGCACAACTACGAAAGTGGCTTTAGAACACCTGAACCCACGAGAGCTAAGAAA","Eukaryota","Chordata","Actinopteri","Carangiformes","Coryphaenidae","Coryphaena","Coryphaena hippurus"
"CACCGCGGTTATACGAGTGAGCCCAAGTTGTTAAACATCGGCGTAAAGCGTGGTTAAGATGATTAAAACACTAAAGCCGAACGCCTTCTACACTGTTATACGTCTTCCGAAGGTAAGAAGCCCAATTACGAAAGTAGCTTTAACTATGTCTGAACCCACGAAAGCTAGGGCA","Eukaryota","Chordata","Actinopteri","NA","Pomacanthidae","Pomacanthus","Pomacanthus zonipectus"
"CACCGCGGTTAGACGAATGACCCAAGTTGACAGAATACGGCGTAAAGGGTGGTTAGGGAATATTAATACTAAAGCCAAACACCTTCCAAGCTGTTATACGCTTATGAAGAGCTAAAGCACAACTACGAAAGTGGCTTTAAAACACCTGAACCCACGAAAGCTAAGAAA","Eukaryota","Chordata","Actinopteri","Carangiformes","Coryphaenidae","Coryphaena","Coryphaena hippurus"
"CACCGCGGTTATACATGAGACACGAGTTGAAACACTTCGGCAAAAAGGTGATAATTTCTCAACGGGGTTGACGCTCTCTCAAGCAGTAACAAGCTAACAGACCCCTAAACACAACACCCTAACCCCGAAATACCCGCGCCTAAAAAAATCATCAAAGCTCAAAGA","Eukaryota","Echinodermata","Asteroidea","Valvatida","Oreasteridae","Pentaceraster","Pentaceraster mammillatus"
"CACCGCGGTTAGACGAATGACCCAAGTGACAGAATACGGCGTAAAGGGTGGTTAGGGAATATTAATACTAAAGCCGAACACCCTCCAAGCTGTTATACGCTTATGAAGAACTGAAGCACAACTACGAAAGTGGCTTTAAAACACCTGAACCCACGAAAGCTAAGAAA","Eukaryota","Chordata","Actinopteri","Carangiformes","Coryphaenidae","Coryphaena","Coryphaena hippurus"
"CACCGCGGTTATACATGAGACACGAGTTGAAACACTTCGGCAAAAAGGTGATAATTTCTCAACGGGGTTGACGCTCTCTCAAGCAGTAACAAGCTAACAGACCCCTAAACACAACACCCTAACCCCGAAATACCCGCGCCTAAAAAATCATCAAAGCTCAAAGA","Eukaryota","Echinodermata","Asteroidea","Valvatida","Oreasteridae","Pentaceraster","Pentaceraster mammillatus"
"CACCGCGGTTAGACGAATGACCCAAGTTGACAGAATACGGCGTAAAGGGTGGTTAGGGAATATTAATACTAAAGCCGGACACCTTCCAAGCTGTTATACGCTTATGAAGAACTGAAGCACAACTACGAAAGTGGCCTTAAAACACCTGAACCCACGAAAGCTAAGAAA","Eukaryota","Chordata","Actinopteri","Carangiformes","Coryphaenidae","Coryphaena","Coryphaena hippurus"
"CACCGCGGCCATACGAGTGAGCCCAAGCGGACAGTCTGTCGGCGTAAAGCGTGGTTAGAGATAAAGACCAACTAAAGCTAAACCCCATCAAAGCCGTAATACGCACCCGATGATGTGAGACCCAACCACGAAAGTAGCTTTAAATAAACCCGAACCCACGAGAGCCGAGGAA","Eukaryota","Chordata","Actinopteri","Myctophiformes","Myctophidae","Benthosema","Benthosema pterotum"
"CACCGCGGTTATACGAGAGGTCCAAGTTGTTAGCCTCCGGCGTAAAGAGTGGTTAGAGTACAAAACACAAAACTGAGGCCGAACACCTTCAAGGCAGTTATACGCTCCCGAAGGCATGAAGCACAATCACGAAAGTAGCCTCACCCCGCTTGAACCCACGAAAGCTAAGACA","Eukaryota","Chordata","Actinopteri","Tetraodontiformes","Tetraodontidae","Sphoeroides","Sphoeroides lobatus"
"CACCGCGGTTAGACGAATGACCCGAGTTGACAGAATACGGCGTAAAGGGTGGTTAGGGAATATTAATACTAAAGCCGAACACCTTCCAAGCTGTTATACGCTTATGAAGAACTGAAGCACAACTACGAAAGTGGCTTTAAAACACCTGAACCCACGAAAGCTAAGAAA","Eukaryota","Chordata","Actinopteri","Carangiformes","Coryphaenidae","Coryphaena","Coryphaena hippurus"
"CGCCGCGGTTATACGAGAGGCCTAAGTTGACGGACAGCGGCGTAAAGAGTGGTTAAGGAAAACACAAAACTAAAGCCGAACGCCTTCAGAACTGTCATACGTCTTCGAAGGTATGAAGCCCAACCACGAAAGTGGCTTTATCCCTCCTGAACCCACGAAAGCTAAGAAA","Eukaryota","Chordata","Actinopteri","Carangiformes","Carangidae","Seriola",NA
"CGCCGCGGTTATACGAGATATGGCCCAAGTTGACAGCCTTCGGCGTAAAGGGTGGTTAAGAGAATTAAAGTAAAAAATAAAGCCGAACACCTCTCCTGCTGTTATACGCAATCGGAGATAAAGAAGCCCAATCACGAAAGTAGCTTTACTTCCCCTCCTGAACCCACGAAAGTTATGATA","Eukaryota","Chordata","Actinopteri","Centrarchiformes","Cirrhitidae",NA,NA
"CACCGCGGTTATACGAGAGGCCCAAGTTGATAGCCACCGGCGTAAATAGTGGTTAAGAAATTTATAACAAATTAGATCCGAACGCTTTCAAGGCTGTTATACGCACCCGAAAGTAAGAAGCACGACAACGAAAGTGACTCTATTAATTCCGAACCCACGAAAGCTAAGGTA","Eukaryota","Chordata","Actinopteri","Tetraodontiformes","Balistidae","Balistes","Balistes polylepis"
"CACCGCGGTTAGACGAATGACCCAAGTTGACAGAATACGGCGTAAAGGGTGGTTAGGGAATATTAATACTAAAGCCGAACACCTTCCAAGCTGTTATACGCTTATGAAGAACTGAAGCACAACTACGAAAGTGGCTTTAAAACATCTGAACCCACGAAAGCTAAGAAA","Eukaryota","Chordata","Actinopteri","Carangiformes","Coryphaenidae","Coryphaena","Coryphaena hippurus"
"CACCGCGGTTAGACGAATGACCCAAGTTGACAGAATACGGCGTAAAGGGTGGTTAGGGAATATTAATACTAAAGCCGAACACCTTCCAAGCTGTTATACGCTTATGAAGAACTGAAGCACAACTACGAAAGTGGCTTTAAAACACCTAAACCCACGAAAGCTAAGAAA","Eukaryota","Chordata","Actinopteri","Carangiformes","Coryphaenidae","Coryphaena","Coryphaena hippurus"
"AGCCGCGGTCATACGATTAACCCAAATTAATAGATCCACGGCGTAAAGAGTGTTTAAGAAAAAAAACCACAATAGAGTTAAATTATAACTAAGCTGTAAAAAGCCCTAGTTAAAATAAAATAACCCACGAAAGTGACTCTAATAATCCTGACACACGATAGCTAGGACC","Eukaryota","Chordata","Mammalia","Artiodactyla","Suidae","Sus","Sus scrofa"
"CACCGCGGTTAGACGAATGACCCAAGTTGACAGAATACGGCGTAAAGGGTGGTTAGGGAATATTAATACTAAAGCCGAATACCTTCCAAGCTGTTATACGCTTATGAAGAACTGAAGCACAACTACGAAAGTGGCTTTAAGACACCTGAACCCACGAAAGCTAAGAAA","Eukaryota","Chordata","Actinopteri","Carangiformes","Coryphaenidae","Coryphaena","Coryphaena hippurus"
"CACCGCGGTCATACGATTAACCCAAATTAATAGATCCACGGCGTAAAGAGTGTTTAAGAAAAAAAAATCACAATAGAGTTAAATTATAACTAAGCTGTAAAAAGCCCTAGTTAAAATAAAATAACCCACGAAAGTGACTCTAATAATCCTGACACACGATAGCTAGGACC","Eukaryota","Chordata","Mammalia","Artiodactyla","Suidae","Sus","Sus scrofa"
"CACCGCGGTTATACGAGAGGCCCAAGTTGATAGCCAGCGGCGTAAAGAGTGGTTAAGGGAGCCCCTTACTAAAGTCGAACGCCTTCAGATCTGTTATACGTTACCGAAAGCAAGAAGCCCTACTACGAAAGTGACTTTATATTACCTGACTCCACGAAAGCTGTGAAA","Eukaryota","Chordata","Actinopteri","Atheriniformes","Atherinopsidae","Atherinops","Atherinops affinis"
"CACCGCGGTTATACGAGAGGCCCAAGTTGATAGACTCCGGCGTAAAGAGTGGTTAAGATACATTTATTAAAACTAAAGCCGAACGCCTTCAGGGCTGTTATACGCTCCCGAAGATAAGAAGTTCAACCACGAAAGTGGCTTTATACCCACTGAACCCACGAAAGCTTTGACA","Eukaryota","Chordata","Actinopteri","Centrarchiformes","Kyphosidae","Kyphosus","Kyphosus azureus"
"CACCGCGGTTATACGAGAGGCCCAAGTTGATAGCCACCGGCGTAAAGAGTGGTTAAGAAATTTATAACAAATTAGAGTCGAACGCTTTCAAGGCTGTTATACGCACCCGAAAGTAAGAAGCACGACAACGAAAGTTACTCTATTAATTCCGAACCCACGAAAGCTAAGGTA","Eukaryota","Chordata","Actinopteri","Tetraodontiformes","Balistidae","Balistes","Balistes polylepis"
"CACCGCGGTTATACGAGAGGCCCAAGTTGATAGCCACCGGCGTAAAGAGTGGTTAAGAAATTTATAACAAATTAGAGTCGAACGCTTTCAAGGCTGTTATACGCACCCGAAAGTAAGAAGCACGACAACGAAAGTGACTCTATTAATTCCGAACCCACGAAAGCTAAGGTA","Eukaryota","Chordata","Actinopteri","Tetraodontiformes","Balistidae","Balistes","Balistes polylepis"
"CACCGCGGTTAGACGAATGACCCAAGTTGACAGAATACGGCGTAAAGGGTGGTTAGGGAATATTAATACTAAAGCCGAACACCTTCCAAGCTGTTATACGCTTATGAAGAACTGAGGCACAACTACGAAAGTGGCTTTAAAACACCTGAACCCACGAAAGCTAAGAAA","Eukaryota","Chordata","Actinopteri","Carangiformes","Coryphaenidae","Coryphaena","Coryphaena hippurus"
"CACCGCGGTTATACGAGAGACTCAAGCTGACAATCACCGGCGTAAAGAGTGGTTAATTTAACCAAAAAATAAAGCCGAACGCCCCCAAAGTTGTATTACGCATTCGGGGGTATGAAGCCCAATCACGAAAGTGGCTTTACACTCTTTGAACCCACGAGAGCTAGGGAA","Eukaryota","Chordata","Actinopteri","Kurtiformes","Apogonidae","Apogon","Apogon imberbis"
"CACCGCGGTTATACGGGGGGCCCAAGTTGATAGTTACCGGCGTAAAGCGTGGTTAAGCAAAAATTAAAACTAAAGCCGAATGCACACAAAGCTGTTATACGCCTCTTCGAAAACAGAAGCTCAATTACGAAAGTAGCTTTACATCAGCTGACCCCACGAAAGCTAGGGCA","Eukaryota","Chordata","Actinopteri","Perciformes","Serranidae","Hemanthias","Hemanthias signifer"
"CACCGCGGTTAGACGAATGACCCAAGTTGACAGAATACGGCGTAAAGGGTGGTTAGGGAATATTAATACTAAAGCCGAACACCTTCCAAGCTGTTATACGCTTATGAAGAATTGAAGCACAACTACGAAAGTGGCTTTAAAACACCTGAACCCACGAAAGCTAAGAAA","Eukaryota","Chordata","Actinopteri","Carangiformes","Coryphaenidae","Coryphaena","Coryphaena hippurus"
"CACCGCGGTTAGACGAATGACCCAAGTTGACAGAATACGGCGTAAAGGGTGGTTAGGGAATATTAATACTAAAGCCGAACACCTTCCAAGCTGTTATACGCTTATGAAGAACTGAAGCACAACTACGAAAGTGGCTTTAAAACACCTGAACCCACGAAAGCTCAGAAA","Eukaryota","Chordata","Actinopteri","Carangiformes","Coryphaenidae","Coryphaena","Coryphaena hippurus"
"CACCGCGGTCACACGATTAACCCAAGTCAATAGAAGCCGGCGTAAAGAGTGTTTTAGATCACCCCCTCCCCAATAAAGCTAAAACTCACCTGAGTTGTAAAAAACTCCAGTTGACACAAAATAAACTACGAAAGTGGCTTTAACATATCTGAACACACAATAGCTAAGACC","Eukaryota","Chordata","Mammalia","Primates","Hominidae","Homo","Homo sapiens"
"CACCGCGGTTAGACGAATGACCCAAGTTGACAGAATACGGCGTAAAGGGTGGTTAGGTAATATTAATACTAAAGCCGAACACCTTCCAAGCTGTTATACGCTTATGAAGAACTGAAGCACAACTACGAAAGTGGCTTTAAAACACCTGAACCCACGAAAGCTAAGAAA","Eukaryota","Chordata","Actinopteri","Carangiformes","Coryphaenidae","Coryphaena","Coryphaena hippurus"
"CACCGCGGTTAGACGAATGACCCAAGTTGACAGAATACGGCGTAAAGGGTGGTTAGGGAATATTAATACTAAAGCGGAACACCTTCCAAGCTGTTATACGCTTATGAAGAACTGAAGCACAACTACGAAAGTGGCTTTAAAACACCTGAACCCACGAAAGCTAAGAAA","Eukaryota","Chordata","Actinopteri","Carangiformes","Coryphaenidae","Coryphaena","Coryphaena hippurus"
"CACCGCGGTTATACGAGAGACCCAAGTTGATAGACCCCGGCGTAAAGAGTGGTTAAGATTTATTTATACTTAAAGCCGAACGCCCTCAAAGCAGTTATACGCACCCGAGGGTATGAAGCCCAATCGCGAAAGTGGCTTTATTACTCCTGACTCCACGAAAGCTAAGGAA","Eukaryota","Chordata","Actinopteri","Perciformes","Serranidae","Paralabrax","Paralabrax auroguttatus"
"CACCGCGGTTAGACGAATGACCCAAGTTGACAGAATACGGCGTAAAGGGTGGTTAGGGAATATTAATACTAAAGCCGAACACCTTCCCAGCTGTTATACGCTTATGAAGAACTGAAGCACAACTACGAAAGTGGCTTTAAAACACCTGAACCCACGAAAGCTAAGAAA","Eukaryota","Chordata","Actinopteri","Carangiformes","Coryphaenidae","Coryphaena","Coryphaena hippurus"
"CGCCGCGGTTATACGAGAGGCTCAAGTCGACAGAAACCGGCGTAAAGGGTGGTTAAGACATAAAATGCTAGAGGAAAATGTCTTCCAAGCTGTTATACGCACCCGAAGATAAGAAAAACTTAAACGAAAGCCCCTCCAATAGATATGAACCCACGACAGCTTTGGTA","Eukaryota","Chordata","Actinopteri","Aulopiformes","Synodontidae","Synodus","Synodus lucioceps"
"CACCGCGGTTAGACGAGAGGCCTAAGTTGATAGTCATCGGCGTAAAGAGTGGTTAGGGAAAACTTTAAACTAAAGCCGAATATTCCCACAGCTGTCATACGCACCCGAGAATAAGAAGCCCCCCTACGAAAGTGGCTTTAACCCACCCGACCCCACGAAAGCTGCGAAA","Eukaryota","Chordata","Actinopteri","Beloniformes","Belonidae","Platybelone","Platybelone argala"
"CACCGCGGTTATACGAGAGGCTCAAGTTGACAGACAACGGCGTAAAGAGTGGTTAAGGAGCCTTTTAAACTAAAGCCGAACCTCCTCAGAGCTGTTATACGTTCCCGAGGATATGAAGCTCCTCCACCAAAGTGGCTTTATTTACCCTGACTCCACGAAAGCTGTGAAA","Eukaryota","Chordata","Actinopteri","NA","Pomacentridae","Chromis","Chromis atrilobata"
"CACCGCGGTTAGACGAATGACCCAAGTTGACAGAATACGGCGTAAAGGGTGGTTAGGGAATATTAATACTAAAGCCGAACACCTTCCAAGCTGTTATACGCTTATGAAGAACTGAAGCACAACTACGAAAGTGGCTTTAAAACGCCTGAACCCACGAAAGCTAAGAAA","Eukaryota","Chordata","Actinopteri","Carangiformes","Coryphaenidae","Coryphaena","Coryphaena hippurus"
"CACCGCGGTCATACGATTAGCCCAAACTAATAGACCCACGGCGTAAAGCGTGTTACAGAGAAAAAAATATACTAAAGTTAAATTTTAACTAGGCCGTAGAAAGCTAGAGTTAACATAAAAATACAGCACGAAAGTAACTTTAACACCTCCGACTACACGACAGCTAAGACC","Eukaryota","Chordata","Mammalia","Carnivora","Felidae","Felis","Felis catus"
"CACCGCGGTTATACGAGAGGTCCAAGTTGTTAGCCCTCGGCGTAAAGAGTGGTTAAAGTAAAAAACAAAACTGAGGTCGAACATCTTCAAGGCAGTTATACGCTCCCGAGGATATGAAGCACAATCACGAAAGTAGCCTCACCCTGCTTGAACCCACGAAAGCTAGGACA","Eukaryota","Chordata","Actinopteri","Tetraodontiformes","Tetraodontidae","Sphoeroides","Sphoeroides annulatus"
"CACCGCGGTTATACGAGAGGCTCAAGTTGACAGACAACGGCGTAAAGAGTGGTTAAGGAGCCTTTAAAACTAAAGCCGAACCTCCTCAGAGCTGTTATACGTTCCCGAGGATATGAAGCTCCTCCACGAAAGTGGCTTTATTTACCCTGACTCCACGAAAGCTGTGAAA","Eukaryota","Chordata","Actinopteri","NA","Pomacentridae","Chromis","Chromis atrilobata"
"CACCGCGGTTATACGAGAGGCCCAAGTTGATAGCCAGCGGCGTAAAGAGTGGTTAAGGGAACCCCTTACTAAAGTCGAACGCCTTCAGAGCTGTTATACGTTACCGAAAGCAAGAAGCCCTACTACGAAAGTGACTTTATATTACCTGACTCCACGAAAGCTGTGAAA","Eukaryota","Chordata","Actinopteri","Atheriniformes","Atherinopsidae","Atherinops","Atherinops affinis"
"CACCGCGGTCACACGATTAACCCAAGTCAATAGAAGCCGGCGTAAAGAGTGTTTTAGATCACCCCCTCCCCAATAAAGCTAAAACTCACCTGAGTTGTAAAAAACTCCAGTTGACACAAAATAGACTACGAAAGTGGCTTTAACATGTCTGAACACACAATAGCTAAGACC","Eukaryota","Chordata","Mammalia","Primates","Hominidae","Homo","Homo sapiens"
"AGCCGCGGTTATACGAGAGGCCCAAGTTGATAGCCACCGGCGTAAAGAGTGGTTAAGAAATTTATAACAAATTAGAGCCGAACGCTTTCAAGGCTGTTATACGCACCCGAAAGTAAGAAGCACGACAACGAAAGTGACTCTATTAATTCCGAACCCACGAAAGCTAAGGTA","Eukaryota","Chordata","Actinopteri","Tetraodontiformes","Balistidae","Balistes","Balistes polylepis"
"CACCGCGGTTAGACGATAGGCCTAAGTTGATAGTTACCGGCGTAAAGAGTGGTTAAGGAGACCCTAAAACTAAAGCCGAACGTTTTCACTGCTGTTTAACGCATCCGAAAATAAGAAGCTCCACCACGAAAGTGGCTTTAACCCACCTGACCCCACGAAAACTGTGAAA","Eukaryota","Chordata","Actinopteri","Beloniformes","Belonidae",NA,NA
"CACCGCTGTTAGACGAATGACCCAAGTTGACAGAATACGGCGTTAAGGGTGGTTAGGGAATATTAATACTAAAGCCGAACACCTTCCAAGCTGTTATACGCTTATGAAGAACTGAAGCACAACTACGAAAGTGGCTTTAAAACACCTGAACCCACGAAAGCTAAGAAA","Eukaryota","Chordata","Actinopteri","Carangiformes","Coryphaenidae","Coryphaena","Coryphaena hippurus"
"CACCGAGGTTATACGAGAGGCTCAAGTTGACAGACAACGGCGTAAAGAGTGGTTAAGGAACTTATTAAACTAAAGCCGAACGCCCTCAGAACTGTTATACGTTTCCGAAGGTAAGAAGCCCCACCACGAAAGTGACTTTATTTTCCCCGACTCCACGAAAGCTGCGGAA","Eukaryota","Chordata","Actinopteri","NA","Pomacentridae","Abudefduf","NA"
"CACCGCGGTTATACGAGAGGCTCAAGTTGACAGACAACGGCGTAAAGCGTGGTTAAGGAAAACATACAACTAAAGCGGAACCTCCTCCTAGCTGTTATACGCTTCCGAGGAAGTGAACTCCAACTACGAAAGTGGCTTTACCTAACCTGAACCCACGAAAGCTAAGAAA","Eukaryota","Chordata","Actinopteri","Carangiformes","Carangidae","Caranx","Caranx hippos"
"CGCCGCGGTTATACGAGAGGCCCAAGTTGATGGTTAACGGCGTAAAGGGTGGTTAGAAAGAGACTATTACTAAAGCCGAACGCCTTCAAGGCTGTTATACGCATCCGAAGGTGAGAAGCCCATTCACGAAAGTGGCTTTAATAACTTTGAACCCACGAAAGCTAGGAAA","Eukaryota","Chordata","Actinopteri","NA","Sciaenidae","Umbrina","Umbrina roncador"
"AGCCGCGGTTATACGAAAGGCCCAAGTTGAAAGACATTCGGCGTAAAGGGTGACTAAGGACCTATCTCAAACTAGAGCTGAATTTCTTCAAAGCTGTTATACGCTCATGAAAACTAGAAAATCGACCACGAAAGTGGCTCTAATCCCCCCCTGACACCACGAAAGCTATGACA","Eukaryota","Chordata","Actinopteri","Labriformes","Labridae","Scarus",NA
"CACCGCGGTTAGACGAGAGGCCTAAGTTGATAGTTACCGGCGTAAAGAGTGGTTAAGGAGACCCTAAAACTAAAGCCGAACGTTTTCACTGCTGTTTAACGCATCCGAAAATAAGAAGCTCCACCACGAAAGTGGCTTTAACCCACCTGAACCCACGAAAACTGTGAAA","Eukaryota","Chordata","Actinopteri","Beloniformes","Belonidae",NA,NA
"CACCGCGGTTATACGAGAGGCTCAAGTTGACAGACAACGGCGTAAAGAGTGGTTAAGGAACTTATTAAACTAAAGCCGAACGCCCTCAGAACTGTTATACGTTTCCGAAGGAAAGAAGCCCCACCACGAAAGTGACTTTATTTTCCCCGACTCCACGAAAGCTGCGGAA","Eukaryota","Chordata","Actinopteri","NA","Pomacentridae","Abudefduf","NA"
"CACCGCGGTTATACGAGAGGCTCAAGTTGACAGACAACGGCGTAAAGAGTGGTTAAGGAACTTATTAAACTAAAGCCGAACGCCCTCAGAACTGTTATACGTTTCCGAAGGTAAGAAGCCCCACCACGAAAGTGACTTTATTTTCCCCGACTCCACGAGAGCTGCGGAA","Eukaryota","Chordata","Actinopteri","NA","Pomacentridae","Abudefduf","NA"
"CACCGCGGTTATACGAGAGGCCTAAGTTGATAGACATCGGCGTAAAGAGTGGTTAGGGAAGACATAAACTAAAGCCGAACACCTTCAAAGCTGTTATACGCTAACGAAGGTAGGAAGCCCCCCTACGAAAGTGGCTTTAAATTTCCTGACTCCACGAAAGCTGAGGTA","Eukaryota","Chordata","Actinopteri","Beloniformes","Hemiramphidae","Hyporhamphus","Hyporhamphus naos"
"CACCGCGGTTATACGAGAGGCTCAAGTTGACAGACAACGGCGTAAAGAGTGGTTAAGGAGCCTTTTAAACTAAAGCCGAACCTCCTCAGAGCTGTTATACGTTCCCGAGGATATGAAGCTCCTCCACGAAAGTGGCTTTACTTACCCTGACTCCACGAAAGCTGTGAAA","Eukaryota","Chordata","Actinopteri","NA","Pomacentridae","Chromis","Chromis atrilobata"
"CACCGCGGTTATACGAAAGGCCCAAGTTGAAAGACATTCGGCGTAAAGGGTGACTAATGACCTATCTCAAACTAGAGCTGAATTTCTTCAAAGCTGTTATACGCTCATGAAAACTAGAAAATCGACCACGAAAGTGGCTCTAATCCCCCCCTGACACCACGAAAGCTATGACA","Eukaryota","Chordata","Actinopteri","Labriformes","Labridae","Scarus",NA
"CACCGCGGTTAGACGAATGACCCAAGTTGACAGAATACGGCGTAAAGGGTGGTTAGGGAATATTAATACTAAGGCCGAACACCTTCCAAGCTGTTATACGCTTATGAAGAGCTGAAGCACAACTACGAAAGTGGCTTTAAAACACCTGAACCCACGAAAGCTAAGAAA","Eukaryota","Chordata","Actinopteri","Carangiformes","Coryphaenidae","Coryphaena","Coryphaena hippurus"
"CACCGCGGTTAGACGAATGACCCAAGTTGACAGAATACGGCGTAAAGGGTGGTTAGGGAATATTAATACTAAAGCCGAACACCTTCTAAGCTGTTATACGCTTATGAAGAACTGAAGCACAACTACGAAAGTGGCTTTAAAACACCTGAACCCACGAAAGCTAAGAAA","Eukaryota","Chordata","Actinopteri","Carangiformes","Coryphaenidae","Coryphaena","Coryphaena hippurus"
"AGCCGCGGTTATACGAGAGGTCCAAGTTGATAGAAACCGGCGTAAAGAGTGGTTAGGATGATTTCACTTTACTAAAGCCAAACACCTTCAGAACTGTTATACGTACCCGAAGGCATGAAGAACCACTACGAAAGTGGCTTTATAAACCCTGAACCCACGAAAGCTATGTCA","Eukaryota","Chordata","Actinopteri","Holocentriformes","Holocentridae","Myripristis","Myripristis pralinia"
"CACCGCGGTTATACGAGAGACCCAAGTTGTTAGGCATCGGCGTAAAGGGTGGTTAAGGCAATACCCAAACTAAAGCCGAACATCTTCCAAGCCGTCATACGCACACGAAGACAAGAAGCCCGATAACGAAAGTGGCTCTAACCTGCCTGAACCCACGAAAGCTATGACA","Eukaryota","Chordata","Actinopteri","Tetraodontiformes","Diodontidae","Diodon","Diodon hystrix"
"CACCGCGGTTAGACGAATGACCCAAGTTGACAGAATACGGCGTAAAGGGTGGTTAGGGAATATTAATACTAAAGCCGAACACCTTCCGAGCTGTTATACGCTTATGAAGAACTGAAGCACAACTACGAAAGTGGCTTTAAAACACCTGAACCCACGAAAGCTAAGAAA","Eukaryota","Chordata","Actinopteri","Carangiformes","Coryphaenidae","Coryphaena","Coryphaena hippurus"
"AGCCGCGGTAATACGATTAACCCAAATTAATAGATCCACGGCGTAAAGAGTGTTTAAGAAAAAAAACCACAATAGAGTTAAATTATAACTAAGCTGTAAAAAGCCCTAGTTAAAATAAAATAACCCACGAAAGTGACTCTAATAATCCTGACACACGATAGCTAGGACC","Eukaryota","Chordata","Mammalia","Artiodactyla","Suidae","Sus","Sus scrofa"
"CACCGCGGCCATACGAGTGAGCCCAAGCGGACAGTCTGTCGGCGTAAAGCGTGGTTAGAGGTAAAGACCAACTAAAGCTAAACCCCATCAAAGCCGTAATACGCACCCGATGATGTGAGACCCAACCACGAAAGTAGCTTTAAATAAACCCTAACCCTCGAGAGCCGAGGAA","Eukaryota","Chordata","Actinopteri","Myctophiformes","Myctophidae","Benthosema","Benthosema pterotum"
"CACCGCGGTTATACGAGAGGCCCAAGTTGATAGGTACCGGCGTAAAGGGTGGTTAGGGATAACTATAAAATAAAGCCGAATATCTTCAACGCTGTTATACGCCCTCGAAGATTCGAAGCCCCATTACGAAAGTAGCTTTACCTCCCCCCGAACCCACGAAAGCCAGGGTA","Eukaryota","Chordata","Actinopteri","Syngnathiformes","Mullidae","Mulloidichthys","Mulloidichthys vanicolensis"
"TATCGTCGGCAGCGTCAGATGTGTATAAGAGACAGGCCGGTAAAACTCGTGCCAGCCATAGTGGGATTAGATACCCCACTATGCAAACTGGGATTAGATACCCCACTATGCAAACTGGGATTAGATACCCCACTATGCTGTCTCTTATACACATCTCCGAGCCCAC","Eukaryota","Chordata","Actinopteri",NA,NA,NA,NA
"CACCGCGGTCATACGATTAACCCAAATTAATAGATCCACGGCGTAAAGAGTGTTTAAGAAAAAAAATCACAATAGAGTTAAATTATAACTAAGCTGTAAAAAGCCCTAGTTAAAATAAAATAACCCACGAAAGTGACTCTAATAATCCTGACACACGATAGCTAGGACC","Eukaryota","Chordata","Mammalia","Artiodactyla","Suidae","Sus","Sus scrofa"
"CACCGCGGTCATACGATTAACCCAAATTAATAGATCCACGGCGTAAAGAGTGTTTAAGAAAAAAAAACCACAATAGAGTTAAATTATAACTAAGCTGTAAAAAGCCCTAGTTAAAATAAAATAACCCACGAAAGTGACTCTAATAATCCTGACACACGATAGCTAGGACC","Eukaryota","Chordata","Mammalia","Artiodactyla","Suidae","Sus","Sus scrofa"
"CACCGCGGTTAGACGAATGACCCAAGTTGACAGAATACGGCGTAAAGGGTGATTAGGGAATATTAATACTAAAGCCGAACACCTTCCAAGCTGTTATACGCTTATGAAGAACTGAAGCACAACTACGAAAGTGGCTTTAAAACACCTGAACCCACGAAAGCTAAGAAA","Eukaryota","Chordata","Actinopteri","Carangiformes","Coryphaenidae","Coryphaena","Coryphaena hippurus"
"CTACACAAGCGCGCTTTCGTCGGCAGCGTCAGATGTGTATAAGAGACAGGCCGGTAAAACTCGTGCCAGCGTTACGGGGTTTACCAGGTTATCCGCTGGCTATTTATGCTCAAACTGGGATTAGATACCCCACTATGCTGTCTCTTATACACATCTCCGAGCCCACGAGACCTTGTACAC","Eukaryota","Chordata","Actinopteri",NA,NA,NA,NA
"GATCTACACAAGACTATAGTCGTCGGCAGCGTCAGATGTGTATAAGAGACAGGCCGGTAAAACTCGTGCCAGCAGCCGCGGTAATACGAGGGGAGCAAGTGTTCTACGGTCAAACTGGGATTAGATACCCCACTATGCTGTCTCTTATACACATCTCCGAGCCCACGAGACCGGTTACGGCAT","Eukaryota","Chordata","Actinopteri",NA,NA,NA,NA
"CACCGCGGTTAGACGAATGACCCAAGTTGACAGAATACGGCGTAAAGGGTGGTTAGGGAATATTAATACTAAAGCCGAACACCTTCCAAGCTGTTATACGCTTATGAAGAACTGAAGCACAACTACGAAAGTGGCTCTAAAACACCTGAACCCACGAAAGCTAAGAAA","Eukaryota","Chordata","Actinopteri","Carangiformes","Coryphaenidae","Coryphaena","Coryphaena hippurus"
"CACCGCGGTTATACGAGAGGCTCAAGTTGACAGACAACGGCGTAAAGAGTGGTTAAGGAGCCTTTTAAACTAAAGCCGAACCTCCTCAGAGCTGTTATACGTTCCCGAGGACATGAAGCTCCTCCACGAAAGTGGCTTTATTTACCCTGACTCCACGAAAGCTGTGAAA","Eukaryota","Chordata","Actinopteri","NA","Pomacentridae","Chromis","Chromis atrilobata"
"AGCCGCGGTTATACGAGAGGCTCAAGTTGACAGACAACGGCGTAAAGAGTGGTTAAGGAACTTATTAAACTAAAGCCGAACGCCCTCAGAACTGTTATACGTTTCCGAAGGTAAGAAGCCCCACCACGAAAGTGACTTTATTTTCCCCGACTCCACGAAAGCTGCGGAA","Eukaryota","Chordata","Actinopteri","NA","Pomacentridae","Abudefduf",NA
"CACCGCGGTTAGACGAATGACCCAAGTTGACAGAACACGGCGTAAAGGGTGGTTAGGGAATATTAATACTAAAACCGAACACCTTCCAAGCTGTTATACGCTTATGAAGAACTGAAGCACAACTACGAAAGTGGCTTTAAAACACCTGAACCCACGAAAGCTAAGAAA","Eukaryota","Chordata","Actinopteri","Carangiformes","Coryphaenidae","Coryphaena","Coryphaena hippurus"
"CACCGCGGCCATACGAGTGAGCCCAAGCGGACAGTCTGTCGGCGTAAAGCGTGGTTAGAGGTAGAGACCAACTAAAGCTAAACCCCATCAAAGCCGTAATACGCACCCGATGATGTGAGACCCAACCACGAAAGTAGCTTTAAATAAACCCGAACCCACGAGAGCCGAGGAA","Eukaryota","Chordata","Actinopteri","Myctophiformes","Myctophidae","Benthosema","Benthosema pterotum"
"AGCCGCGGTAATACGAGAGGCTCAAGTTGACAGACAACGGCGTAAAGAGTGGTTAAGGAACTTATTAAACTAAAGCCGAACGCCCTCAGAACTGTTATACGTTTCCGAAGGTAAGAAGCCCCACCACGAAAGTGACTTTATTTTCCCCGACTCCACGAAAGCTGCGGAA","Eukaryota","Chordata","Actinopteri","NA","Pomacentridae","Abudefduf","NA"
"CACCGCGGTTAGACGAATGACCCAAGTTGACAGAATACGGCGTAAAGGGTGGTTAGGGAATATTAATACTAAAGCCGAACACCTTCCAAGCTGTTATACGCTTATGAAGAACTGAAGCACGACTACGAAAGTGGCTTTAAAACACCTGAACCCACGAAAGCTAAGAAA","Eukaryota","Chordata","Actinopteri","Carangiformes","Coryphaenidae","Coryphaena","Coryphaena hippurus"
"AGCCGCGGTAATACGAGAGGCCCAAGTTGATAAGCATCGGCGTAAAGAGTGGTTATGGTTAAATAAATACTAAAGCTGAACACTTACAAAGCTGTTATACGCTCCCGAAAATAAGAAGAACAACTACGAAAGTGGCTTTATTACACCCGAACCCACGAAAGCCAAGGCA","Eukaryota","Chordata","Actinopteri","Perciformes","Serranidae","Paranthias","Cephalopholis colonus"
"TTGATAGTGTCGTCGGCAGCGTCAGATGTGTATAAGAGACAGGCCGGTAAAACTCGTGCCAGCGAAGAAACCGACCGCGCGCTTGAACTGCGAACACGGGATCGCCAGCGCAAACTGGGATTAGATACCCCACTATGCTGTCTCTTATACACATCTCCGAGCCCACGAGACGA","Eukaryota","Chordata","Actinopteri",NA,NA,NA,NA
"AGCCGCGGTTATACGAGAGGCCCAAGTTGATAAGCATCGGCGTAAAGAGTGGTTATGGTTAAATAAATACTAAAGCTGAACACTTACAAAGCTGTTATACGCTCCCGAAAATAAGAAGAACAACTACGAAAGTGGCTTTATTACACCCGAACCCACGAAAGCCAAGGCA","Eukaryota","Chordata","Actinopteri","Perciformes","Serranidae","Paranthias","Cephalopholis colonus"
"CACCGCGGTTAGACGAATGACCCAAGTTAACAGAATACGGCGTAAAGGGTGGTTAGGGAATATTAATACTAAAGCCGAACACCTTCCAAGCTGTTATACGCTTATGAAGAACTGAAGCACAACTACGAAAGTGGCTTTAAAACACCTGAACCCACGAAAGCTAAGAAA","Eukaryota","Chordata","Actinopteri","Carangiformes","Coryphaenidae","Coryphaena","Coryphaena hippurus"
"CACCGCGGTTAGACAAATGACCCAAGTTGACAGAATACGGCGTAAAGGGTGGTTAGGGAATATTAATACTAAAGCCGAACACCTTCCAAGCTGTTATACGCTTATGAAGAACTGAAGCACAACTACGAAAGTGGCTTTAAAACACCTGAACCCACGAAAGCTAAGAAA","Eukaryota","Chordata","Actinopteri","Carangiformes","Coryphaenidae","Coryphaena","Coryphaena hippurus"
"CACCGCGGTTAGACGAATGACCCAAGTTGACAGAATACGGCGTAAAGGGTGGTTAGGGAATATTAATACTAAAGCCGAACACCTTCCAAGCTGTTATACGCTTATGAAGAACTGAAGCACAACTAAGAAAGTGGCTTTAAAACACCTGAACCCACGAAAGCTAAGAAA","Eukaryota","Chordata","Actinopteri","Carangiformes","Coryphaenidae","Coryphaena","Coryphaena hippurus"
"CACCGCGGTTAGACGAGAGGCCTAAGTTGATAGTTACCGGCGTAAAGAGTGGTTAAGGAGACACTAAAACTAAAGCCGAACGTTTTCACTGCTGTTTAACGCATCCGAAAATAAGAAGCTCCACCACGAAAGTGGCTTTAACCCACCTGACCCCACGAAAACTGTGAAA","Eukaryota","Chordata","Actinopteri","Beloniformes","Belonidae",NA,NA
"AGCCGCGGTAATACGAGAGGCCCAAGCTGATAATTATCGGCGTAAAGAGTGGTTAAGATTAATTAAAGACTAAAGCCGAAAACCCCCATAGCTGTTATACGCACCCGGGGGAAAGAAGCCCAATTACGAAAGTGGCTTTACAACATCTGAACCCACGAAAGCTAGGGTA","Eukaryota","Chordata","Actinopteri","Lutjaniformes","Haemulidae","Haemulon","Haemulon flaviguttatum"
"AGCCGCGGTTATACGAGAGGCCCAAGTTGACAGGCTCCGGCGTAAAGCGTGGTTAAGGAACAATAAACACTAAAGCTGAACGCTTACTAGGCTGTTATACGCTCCCGAAAGTAAGAAGAACATCCACGAAGGTGGCTTTACCTTACCTGAACCCACGAAAGCTAAGGCA","Eukaryota","Chordata","Actinopteri","Perciformes","Serranidae",NA,NA
"AGCCGCGGTAATACGAGAGGCCCAAGTTGACAGGCTCCGGCGTAAAGCGTGGTTAAGGAACAATAAACACTAAAGCTGAACGCTTACTAGGCTGTTATACGCTCCCGAAAGTAAGAAGAACATCCACGAAGGTGGCTTTACCTTACCTGAACCCACGAAAGCTAAGGCA","Eukaryota","Chordata","Actinopteri","Perciformes","Serranidae",NA,NA
"CACCGCGGTTAGACGAATGACCCAAGTTGACAGAATACGGCGTAAAGGGTGGTTAGAGAATATTAATACTAAAGCCGAACACCTTCCAAGCTGTTATACGCTTATGAAGAACTGAAGCACAACTACGAAAGTGGCTTTAAAACACCTGAACCCACGAAAGCTAAGAAA","Eukaryota","Chordata","Actinopteri","Carangiformes","Coryphaenidae","Coryphaena","Coryphaena hippurus"
"CACCGCGGTTATACGAGAGGCTCAAGTTGATAAACCCCGGCGTAAAGAGTGGTTAAGGAAGATTAAAAACTAAAGCCGAATGCTTTCAAAGCTGTTATACGCTTCCGAGAGTAAGAAGATCAACTACGAAAGTGACTTTATAGCCCCTGACCCCACGAAAGCTATGGCA","Eukaryota","Chordata","Actinopteri","Centrarchiformes","Centrarchidae","Lepomis","NA"
"CACCGCGGTTAGACGAATGACACAAGTTGACAGAATACGGCGTAAAGGGTGGTTAGGGAATATTAATACTAAAGCCGAACACCTTCCAAGCTGTTATACGCTTATGAAGAACTGAAGCACAACTACGAAAGTGGCTTTAAAACACCTGAACCCACGAAAGCTAAGAAA","Eukaryota","Chordata","Actinopteri","Carangiformes","Coryphaenidae","Coryphaena","Coryphaena hippurus"
"CACCGCGGTCACACGATTAACCCAAGTCAATAGAAGCCGGCGTAAAGAGTGTTTTAGATCACCCCCTCCCCAATAAAGCTAAAACTCACCTGAGTTGTAAAAAACTCCAGTTTACACAAAATAGACTACGAAAGTGGCTTTAACATATCTGAACACACAATAGCTAAGACC","Eukaryota","Chordata","Mammalia","Primates","Hominidae","Homo","Homo sapiens"
"CACCGCGGTTAAACGTGTGACCCAAGTTGATAGGCCCTCGGCGTAAAGGGTGGTTAAATAACACTTACACTAAAGCTAAACCGCCTCCTTGCCGTTATACGTTTTGAGAACGGGAAACCCAGTTACGAAAGTAGCTTTATAAATATTGACACCACGAAACCTATGGCA","Eukaryota","Chordata","Actinopteri",NA,NA,NA,NA
"CACCGCGGTTAGACGAATGACCCAAGTTGACAGAATACGGCGTAAAGGGTGGTTAGGGAATATTAATACTAAAGCCGAACACCTTCCAAGCTGTTATACGCTTATGAAGAACTGAAGCACAACTACGAAAGTGGCTTTAAAGCACCCGAACCCACGAAAGCTAAGAAA","Eukaryota","Chordata","Actinopteri","Carangiformes","Coryphaenidae","Coryphaena","Coryphaena hippurus"
"CACCGCGGTTAGACGAATGACCCAAGTTGACAGAATACGGCGTAAAGGGTGGTTAGGGGATATTAATACTAAAGCCGAACACCTTCCAAGCTGTTATACGCTTATGAAGAACTGAAGCACAACTACGTAAGTGGCTTTAAAACACCTGAACCCACGAAAGCTAAGAAA","Eukaryota","Chordata","Actinopteri","Carangiformes","Coryphaenidae","Coryphaena","Coryphaena hippurus"
"CTCCAAGGTCATATGATTAACCCGATCTAACAGACCTACGGCGTAAAGTGTGTTATAGAGGCATTCCACGCTAAAGTTAAATGTTAACTAGGCAGTAAAAAGCTACAGTTAACATAAAAATATAGCACAAAAGTAACTGTAACACCTTCGACCACACGATAGCTAAGACC","Eukaryota","Chordata","Mammalia","Carnivora","Felidae","Felis","Felis catus"
"CACCGCGGTTATACGAGAGGCCCAAGTTGACAGACACCGGCGTAAAGCGTGGTTAAGGTAAACTAAAACTAAAGCCGAATACCTTCAGGGCAGTTATACGCATCCGAAGGCACGAAGTCCCACCACGAAAGTGGCTTTATGACCCCTGACCCCACGAAAGCTATGACA","Eukaryota","Chordata","Actinopteri","Scombriformes","Scombridae","Euthynnus","Euthynnus affinis"
"TACCGCGGTTATACGAGAGGCCCAAGTTGATAAGCATCGGCGTAAAGAGTGGTTATGGTTAAATAAATACTAAAGCTGAACACTTACAAAGCTGTTATACGCTCCCGAAAATAAGAATAACAACTACGAAAGTGGCTTTATTACACCCGAACCCACGAAAGCCAAGGCA","Eukaryota","Chordata","Actinopteri","Perciformes","Serranidae","Paranthias","Cephalopholis colonus"
"AGCCGCGGTTATACGAGAGACCCAAGTTGATAAGAACCGGCGTAAAGAGTGGTTATGAACAACCCCAAAACTAAAGCCAAATGCCCCCAAAGCTGTTATACGCACTCGGGAGCCAGAAACCCAACCACGAAAGTGGCTTTATATTGCCTGAACCCACGAAAGCTATGGTA","Eukaryota","Chordata","Actinopteri","Labriformes","Labridae","Bodianus","Bodianus diplotaenia"
"CACCGCGGCCATACGATTAACCCAAACTAATAGACCCACGGCGTAAAGCGTGTTACAGAGAAAAAAATATACTAAAGTTAAATTTTAACTAGGCCGTAGAAAGCTACAGTTAACATAAAAATACAGCACGAAAGTAACTTTAACACCTCCGACTACACGACAGCTAAGACC","Eukaryota","Chordata","Mammalia","Carnivora","Felidae","Felis",NA
"AGCCGCGGTAATACGAGAGGCCCAAGTTGATAGCCACCGGCGTAAAGAGTGGTTAAGAAATTTATAACAAATTAGAGCCGAACGCTTTCAAGGCTGTTATACGCACCCGAAAGTAAGAAGCACGACAACGAAAGTGACTCTATTAATTCCGAACCCACGAAAGCTAAGGTA","Eukaryota","Chordata","Actinopteri","Tetraodontiformes","Balistidae","Balistes","Balistes polylepis"
"CACCGCGGTCACACGATTAACCTAAGTCAATAGAAGCCGGCGTAAAGAGTGTTTTAGATCACCCCCTCCCCAATAAAGCTAAAACTCACCTGAGTTGTAAAAAACTCCAGCTGACACAAAATAGACTACGAAAGTGGCTTTAACATATCTGAACACACAATAGCTAAGACC","Eukaryota","Chordata","Mammalia","Primates","Hominidae","Homo","Homo sapiens"
"AGCCGCGGTTATACGAGAGGCCCAAGTTGACAAAAGCCGGCGTAAAGAGTGGTTAGTAGTATATATACTAAAGCCGAACACCTTCAAGGCTGTTATACGCACCCGAAGGCAGGAAGCCCTGCTACGAAAGTGGCTTTAAACCAGTATGAACCCACGAAAGCTAGGAAA","Eukaryota","Chordata","Actinopteri","Gobiiformes","Gobiidae","Bollmannia","Bollmannia boqueronensis"
"CACCGCGGTTATACGAGAGGCCCAAGCTGATAATTATCGGCGTAAAGAGTGGTTAAGATTAATTAAAGACTAAAGCCGAAAACCCCCATAGCTGTTATACGCACCCGGGGGAAAGAAGCCCAATTACGAAAGTGGCTTTACAACATCTGAACCCACGAAAGCTAGGACC","Eukaryota","Chordata","Actinopteri","Lutjaniformes","Haemulidae","Haemulon","Haemulon flaviguttatum"
"CACCGCGGTTATACGAAAGGCCCAAGTTGAAAGACATTCGGCGTAAAGGGTGACTAAGGACCTATCTCAAACTAGAGCTGAATTTCTTCAAAGCTGTTATACGATCATGAAAACTAGAAAATCGACCACGAAAGTGGCTCTAATCCCCCCCTGACACCACGAAAGCTATGACA","Eukaryota","Chordata","Actinopteri","Labriformes","Labridae","Scarus",NA
"AGCCGCGGTTATACGAGAGGCCCGAGTTGATAAGCACTCGGCGTAAAGGGTGGTTAAAATAACCTCACACTAAAGCCGAACACCCTCACGACTGTCGTACGTTTCCGAGGGTGGGAAGATCCACTACGAAAGTGGCTTTAATACTTTTGACCCCACGAAAGCTGCGGAA","Eukaryota","Chordata","Actinopteri","Blenniiformes","Labrisomidae","Malacoctenus","Malacoctenus triangulatus"
"ACAAGGCAAGAAACGTCATTCGCATCGAAGCCGACGGCAGGACAACTCTGCTGGCGGACCGCTTTGACGGCAAACGGTTCAATTCGCCAAACGATGTGGCCATCCGGTCGGATGGCACTTTGTGGTTTACAGATCCGCCATGGGGACTGACTGGATCGCATGAGATTCCGGGGCACTGGGTCTA","Eukaryota","Chordata",NA,NA,NA,NA,NA
"AGCCGCGGTTATACGAGAGACCCAAGTTGATAAGAACCGGCGTAAAGAGTGGTTATGAACAACCCCAAAACTAAAGCCAAATGCCCCCAAAGCTGTTATACGCACTCGGGAGCCAGAAACCCAACCACGAAAGTGGCTTTATATTGCCTGAACCCACGAAAGCTATGATA","Eukaryota","Chordata","Actinopteri","Labriformes","Labridae","Bodianus","Bodianus diplotaenia"
"CACCGCGGTTATACGAGAGGCTCAAGTTGACAGACAAAGGCGTAAAGAGTGGTTAAGGAACTTATTAAACTAAAGCCGAACGCCCTCAGAACTGTTATACGTTTCCGAAGGTAAGAAGCCCCACCACGAAAGTGACTTTATTTTCCCCGACTCCACGAAAGCTGCGGAA","Eukaryota","Chordata","Actinopteri","NA","Pomacentridae","Abudefduf","NA"
"AGCCGCGGTTATACGAGAGGCCCAAGTTGATAGACTCCGGCGTAAAGAGTGGTTAAGACACATCTACAAAACTAAAGCCGAACGCCCTCAGGGCTGTTATACGCTCCCGAAGGTAAGAAGTTCAATCACGAAAGTGGCTTTATACCAACTGAACCCACGAAAGCTATGACA","Eukaryota","Chordata","Actinopteri","Centrarchiformes","Kyphosidae","Kyphosus","Kyphosus analogus"
"AGCCGCGGTCATACGATTAACCCAAGCTAACAGGAGTACGGCGTAAAACGTGTTAAAGCACCATACCAAATAGGGTTAAATTCTAACTAAGCTGTAAAAAGCCATGATTAAAATAAAAATAAATGACGAAAGTGACCCTACAATAGCCGACGCACTATAGCTAAGACC","Eukaryota","Chordata","Mammalia","Artiodactyla","Bovidae","Bos","Bos taurus"
"CACCGCGGTTATACGAGAGGCCCAAGTTGACAGACGCCGGCGTAAAGCGTGGTTAAGGTAAACTAACACTAAAGCCGAACACCCTCAGGGCAGTTATACGCATCCGAAGGCACGAAGCCCCACCACGAAAGTGGCTTTATGACCCCCGACCCCACGAAAGCTATGACA","Eukaryota","Chordata","Actinopteri","Scombriformes","Scombridae","Katsuwonus","Katsuwonus pelamis"
"AGCCGCGGTAATACGAAAGGCCCAAGTTGAAAGACATTCGGCGTAAAGGGTGACTAAGGACCTATCTCAAACTAGAGCTGAATTTCTTCAAAGCTGTTATACGCTCATGAAAACTAGAAAATCGACCACGAAAGTGGCTCTAATCCCCCCCTGACACCACGAAAGCTATGACA","Eukaryota","Chordata","Actinopteri","Labriformes","Labridae","Scarus",NA
"CACCGCGGTTATACGAGAGGCCCAAGCTTATAATTATCGGCGTAAAGAGTGGTTAAGATTAATTAAAGACTAAAGCCGAAAACCCCCATAGCTGTTATACGCACCCGGGGGAAAGAAGCCCAATTACGAAAGTGGCTTTACAACATCTTAACCCACGAAAGCTAGTGTA","Eukaryota","Chordata","Actinopteri","Lutjaniformes","Haemulidae","Haemulon","Haemulon flaviguttatum"
"CACCGCGGTTAGACGAATGACCCAAGTTGACAGAATACGGCGTAAAGGGTGGTTAGGGAATATTAATACTAAAGCAGAACACCTTCCAAGTTGTTATACGCTTATGAAGAACTGAAGCACAACTACGAAAGTGGCTTTAAAACACCTGAACCAACGAAAGCTAAGAAA","Eukaryota","Chordata","Actinopteri","Carangiformes","Coryphaenidae","Coryphaena","Coryphaena hippurus"
"CACCGCGGTTATACGAGAGGCCCAAGTTGATAGCCACCGGCGTAAAGAGTGGTTAAGAAATTTATAACAAATTAGAGTAGAACGCTTTCAAGGCTGTTATACGCACCAGAAAGTAAGAAGCACGACAACGAAAGTGACTCTATTAATTCCGAACCCACGAAAGCTAAGGTA","Eukaryota","Chordata","Actinopteri","Tetraodontiformes","Balistidae","Balistes","Balistes polylepis"
"AGCCGCGGTAATACGAGAGGCCCAAGCTGATAGTTATCGGCGTAAAGAGTGGTTAAGATTAATTAAAGACTAAAGCCGAAAACCCCCATAGCTGTTATACGCACCCGGGGGAAAGAAGCCCAATTACGAAAGTGGCTTTACAACATCTGAACCCACGAAAGCTAGGGTA","Eukaryota","Chordata","Actinopteri","Lutjaniformes","Haemulidae","Haemulon","Haemulon flaviguttatum"
"AGATCTACACTCGGCAGCAATCGTCGGCAGCGTCAGATGTGTATAAGAGACAGGCCGGTAAAACTCGTGCCAGCATAGTGGGACAAACTGGGATTAGATACCCCACTATGCAAACTGGGATTAGATACCCCACTATGCTGTCTCTTATACACATCTCCGAGCCCACGAGACGAGAATGGTTATC","Eukaryota","Chordata","Actinopteri",NA,NA,NA,NA
"AGCCGCGGTTATACGAGAGGCTCAAGTTGACAGACAACGGCGTAAAGAGTGGTTAAGGAGCCTTTTAAACTAAAGCCGAACCTCCTCAGAGCTGTTATACGTTCCCGAGGATATGAAGCTCCTCCACGAAAGTGGCTTTATTTACCCTGACTCCACGAAAGCTGTGAAA","Eukaryota","Chordata","Actinopteri","NA","Pomacentridae","Chromis","Chromis atrilobata"
"TCTACACTTGTAGTGTATCGTCGGCAGCGTCAGATGTGTATAAGAGACAGGCCGGTAAAACTCGTGCCAGCATGGGCTCCCTCCTGGTAAACCGGCTTCCTCTCACAGTCCAAACTGGGATTAGATACCCCACTATGCTGTCTCTTATACACATCTCCGAGCCCACGAGACTCCGTTATGT","Eukaryota","Chordata","Actinopteri",NA,NA,NA,NA
"AGCCGCGGTTATACGAAGGGCCCAAGTTGATAGTTGCCGGCGTAAAGCGTGGTTAGGTTAAAATTTGAAACTAAAGCCGAACGTACGCAAAGCTGTTATACGCGTTTGAACAACGGAAGCCCAATTACGAAAGTAGCTTTATGTTAGCTGAACCCACGAAAGCTAGGGCA","Eukaryota","Chordata","Actinopteri","Perciformes","Serranidae","Pronotogrammus","Pronotogrammus multifasciatus"
"CACCGCGGTTATACGAGAGGTCCAAGTTGATAGAAACCGGCGTAAAGAGTGGTTAGGATGATTTCACTTTACTAAAGCCAAACACCTTCAGAACTGTTATACGTACCCGAAGGCATGAAGAACCACTACGAAAGTGGCTTTATAAACCCCGAACCCACGAAAGCCAGGGTA","Eukaryota","Chordata","Actinopteri","Holocentriformes","Holocentridae","Myripristis","Myripristis pralinia"
"AGCCGCGGTAATACGAGAGGCCCAAGTTGACAGACACGGCGTAAAGAGTGGTTAGGCAACCCCTCCCCCTTCTACACACTAAAGTCGAACGCCCTCAAGGCTGTTATACGCCCTACGAAGGCAAGAAGCCCGTCCACGAAAGTGACTTTATTCTACCTGACTCCACGAAAGCTGTGGTA","Eukaryota","Chordata","Actinopteri","NA","Pomacentridae","Stegastes","Stegastes rectifraenum"
"CACCGCGGTTATACGAGAGGCTCAAGTTGACAGACAACGGCGTAAAGAGTGGTTAAGGAGCCTTTTAAACTAAAGCCGAACCTCCTCAGAGCTGTTATACGTTCCCGAGGATATGAAGCTCCTCCACGAAAGTGGCTTTATTTACCCTGACTCCACGAAAGCGTGGGTAG","Eukaryota","Chordata","Actinopteri","NA","Pomacentridae","Chromis","Chromis atrilobata"
"AGCCGCGGTAATACGGAGGGTGCGAGCGTTAATCGGAATTACTGGGCGTAAAGCGTGGTTAGAGGTAAAGACCAACTAAAGCTAAACCCCATCAAAGCCGTAATACGCACCCGATGATGTGAGACCCAACCACGAAAGTAGCTTTAAATAAACCCGAACCCACGAGAGCCGAGGAA","Eukaryota","Chordata","Actinopteri","Myctophiformes","Myctophidae","Benthosema","Benthosema pterotum"
"AGCCGCGGTTATACGAGAGGCCCGAGCTGATAATTGCCGGCGTAAAGAGTGGTTAAGATCAAATAAAAACTAAAGCCAAAAGCCCTCACAGCTGTTATACGCACTCGAGGGTAGGAAGCCCAACTACGAAAGTGGCTTTACAACATCTGAACCCACGAAAGCTAGGGTA","Eukaryota","Chordata","Actinopteri","Lutjaniformes","Haemulidae","Anisotremus","Anisotremus davidsonii"
"AGCCGCGGTTATACGAGAGGCCCAAGTTGATAGCCAGCGGCGTAAAGAGTGGTTAAGGGAGCCCCTTACTAAAGTCGAACGCCTTCAGAGCTGTTATACGTTACCGAAAGCAAGAAGCCCTACTACGAAAGTGACTTTATATTACCTGACTCCACGAAAGCTGTGAAA","Eukaryota","Chordata","Actinopteri","Atheriniformes","Atherinopsidae","Atherinops","Atherinops affinis"
"CCCCACTTGGCTCCGCTCGTCGGCAGCGTCAGATGTGTATAAGAGACAGGCCGGTAAAACTCGTGCCAGGCAGGATGCCGCCGCCGTGACCCCTCGCTGTCGGAGTCCTGCAAACTGGGATTAGATACCCCACTATGCTGTCTCTTATACACATCTCCGAGCCCACGAGACATTGCGCGGT","Eukaryota","Chordata","Actinopteri",NA,NA,NA,NA
"CACCGCGGTTATACGAGAGGCCTAAGTTAACAGACACCGGCGTAAAGAGTGGTTAAGGAGAAATAAAAACTAAAGCCGAATAACCTCAAGACTGTTATACGTTCCCGAGGACAAGAAGCCCAACTACGAAAGTGGCTTTAATTTTCCCGACTCCACGAAAGCTGTGAAA","Eukaryota","Chordata","Actinopteri","Beloniformes","Hemiramphidae","Hemiramphus","NA"
"AGCCGCGGTAATACGAGAGGCCCAAGTTGATAGACTCCGGCGTAAAGAGTGGTTAAGACACATCTACAAAACTAAAGCCGAACGCCCTCAGGGCTGTTATACGCTCCCGAAGGTAAGAAGTTCAATCACGAAAGTGGCTTTATACCAACTGAACCCACGAAAGCTATGACA","Eukaryota","Chordata","Actinopteri","Centrarchiformes","Kyphosidae","Kyphosus","Kyphosus analogus"
"CACCGCGGTTATACGAGAGGCCCAAGTTGATAGCCAGCGGCGTAAAGAGTGGTTAAGGGAACCCCTTACTAAAGTCGAACGCCTTCAGAGCCGTTATACGTTACCGAAAGCAAGAAGCCCTACTACGAAAGTGACTTTATATTACCTGACTCCACGAAAGCTGTGAAG","Eukaryota","Chordata","Actinopteri","Atheriniformes","Atherinopsidae","Atherinops","Atherinops affinis"
"AGCCGCGGTTATACGAAAGGCCCAAGTTGAAAAACATTCGGCGTAAAGGGTGGCTAAGGGCCTATTTTAAACTAGAGCTGAATTTCTTCAAAGCTGTTATACGCTCATGAAAACTAGAAAATCAACCACGAAAGTGGCTCTAATCTCTCCTGACACCACGAAAGCTATGACA","Eukaryota","Chordata","Actinopteri","Labriformes","Labridae","Scarus","Scarus ghobban"
"AGCCGCGGTAATACGAGAGGCCCAAGTTGATAGCCAGCGGCGTAAAGAGTGGTTAAGGGAGCCCCTTACTAAAGTCGAACGCCTTCAGAGCTGTTATACGTTACCGAAAGCAAGAAGCCCTACTACGAAAGTGACTTTATATTACCTGACTCCACGAAAGCTGTGAAA","Eukaryota","Chordata","Actinopteri","Atheriniformes","Atherinopsidae","Atherinops","Atherinops affinis"
"AGCCGCGGTTAGACGAGAGACCCAAGTGGATGGCCCTCGGCGTAAAGAGTGGTTAAGATAACTTTAAACTAAGGCCAAACGACTTTTTAGCTGTTATACGCGCGAGAAGACATGAAGCCCAACTACGAAAGTGGCCTTAAGTTCCTGACCCCACGAAAGCTAGGACA","Eukaryota","Chordata","Actinopteri","Labriformes","Labridae","Thalassoma","Thalassoma lucasanum"
"AGCCGCGGTAATACGAGAGACCCAAGTTGATAAGAACCGGCGTAAAGAGTGGTTATGAACAACCCCAAAACTAAAGCCAAATGCCCCCAAAGCTGTTATACGCACTCGGGAGCCAGAAACCCAACCACGAAAGTGGCTTTATATTGCCTGAACCCACGAAAGCTATGATA","Eukaryota","Chordata","Actinopteri","Labriformes","Labridae","Bodianus","Bodianus diplotaenia"
"AGCCGCGGTAAGACGAATGACCCAAGTTGACAGAATACGGCGTAAAGGGTGGTTAGGGAATATTAATACTAAAGCCGAACACCTTCCAAGCTGTTATACGCTTATGAAGAACTGAAGCACAACTACGAAAGTGGCTTTAAAACACCTGAACCCACGAAAGCTAAGAAA","Eukaryota","Chordata","Actinopteri","Carangiformes","Coryphaenidae","Coryphaena","Coryphaena hippurus"
"ATCGTCGGCAGCGTCAGATGTGTATAAGAGACAGGCCGGTAAAACTCGTGCCAGCCATAGTGGGGATTAGATACCCCACTATGCAAACTGGGATTAGATACCCCACTATGCAAACTGGGATTAGATACCCCACTATGCTGTCTCTTATACACATCTCCGAGCCCA","Eukaryota","Chordata","Actinopteri",NA,NA,NA,NA
"AGCCGCGGTAATACGAGAGGTCCGAGCTGATAATTATCGGCGTAAAGAGTGGTTAAGATTAATTAAAGACTAAAGCCGAAAACCCCCATAGCTGTTATACGCACCCGGGGGAAAGAAGCCCAATTACGAAAGTGGCTTTACAACATCTGAACCCACGAAAGCTAGGGTA","Eukaryota","Chordata","Actinopteri","Lutjaniformes","Haemulidae","Haemulon","Haemulon flaviguttatum"
"AGCCGCGGTAATACGAGAGGCTCAAGTTGACAGACAACGGCGTAAAGAGTGGTTAAGGAGCCTTTTAAACTAAAGCCGAACCTCCTCAGAGCTGTTATACGTTCCCGAGGATATGAAGCTCCTCCACGAAAGTGGCTTTATTTACCCTGACTCCACGAAAGCTGTGAAA","Eukaryota","Chordata","Actinopteri","NA","Pomacentridae","Chromis","Chromis atrilobata"
"CACCGCGGTTATACGAAAGGCCCAAGTTGAAAGACATTCGGCGTAAAGGGTGACTAAGGACCTATCTCAAACTAGAGCTGAATTTCTTCAAAGCTGTTATACGCTCATGAAAACTAGAAAATCGACCACGAAAGTGGCTCTAATCCCCCCCCGACTCCACGAAAGCTGCGGAA","Eukaryota","Chordata","Actinopteri","Labriformes","Labridae","Scarus","Scarus guacamaia"
"TCTGTGTGGATCGTCGGCAGCGTCAGATGTGTATAAGAGACAGGCCGGTAAAACTCGTGCCAGCAAACTGGGATTAGATACCCCACTATGACTGGCACGATTTTACTGGCCAAACTGGGATTAGATACCCCACTATGCTGTCTCTTATACACATCTCCGAGCCCACGAGACTGG","Eukaryota","Chordata","Actinopteri",NA,NA,NA,NA
"AGCCGCGGTAAGACGAGAGGCCTAAGTTGATAGTTACCGGCGTAAAGAGTGGTTAAGGAGACCCTAAAACTAAAGCCGAACGTTTTCACTGCTGTTTAACGCATCCGAAAATAAGAAGCTCCACCACGAAAGTGGCTTTAACCCACCTGACCCCACGAAAACTGTGAAA","Eukaryota","Chordata","Actinopteri","Beloniformes","Belonidae",NA,NA
"CACCGCGGTTATACGAGAGGCCCAAGTTGATAGCCAGTGGCGTAAAGAGTGGTTAAGGGAACCCCTTACTAAAGTCGAACGCCTTCAGAGCTGTTATACGTTACCGAAAGCAAGAAGCCCTACTACGAAAGTGACTTTATATTACCTGACTCCACGAAAGCTGTGAAA","Eukaryota","Chordata","Actinopteri","Atheriniformes","Atherinopsidae","Atherinops","Atherinops affinis"
"AGCCGCGGTAATACGAAGGGCCCGAATTGACGCATTACGGCGTAAAGTGTGATTAGAGACAAAACTAAACTAGAACCAAATACCCCTTATGCTGTCATACGCTATGGGGGTCACGAAGCCCAACAACGAAAGTGGTTCTATTAACCTTGAACTCACGACAGCTAAGACA","Eukaryota","Chordata","Actinopteri","Anguilliformes","Muraenidae","Gymnothorax",NA
"CTACACTCTGTGTGGATCGTCGGCAGCGTCAGATGTGTATAAGAGACAGGCCGGTAAAACTCGTGCCAGCTCCTGATCATCTGGACCAACAGGTTTGCGGGTGACCAGCTCAAACTGGGATTAGATACCCCACTATGCTGTCTCTTATACACATCTCCGAGCCCACGAGACTGGAGTACT","Eukaryota","Chordata","Actinopteri",NA,NA,NA,NA
"GTGTGGATCGTCGGCAGCGTCAGATGTGTATAAGAGACAGGCCGGTAAAACTCGTGCCAGCCGTAAAACTCGTGCCAGCAGGTAAAACTGGGATTAGATACCCCGCTATGCAAACTGGGATTAGATACCCCACTATGCTGTCTCTTATACACATCTCCGAGCCCACGAGAC","Eukaryota","Chordata","Actinopteri",NA,NA,NA,NA
"CACCGCGGTTATACGAGAGGCTCAAGTTGACAGACAACGGCGTAAAGAGTGGTTAAGGAACTTATTAAACTAAAGCCGAACGCCCTCAGAACTGTTATACGTTTCCGAAGGTAAGAAGCCCCACCACGAAAGTGACTTTAACCCTACCCGAACCCACGACAGCTAGGACA","Eukaryota","Chordata","Actinopteri","NA","Pomacentridae","Abudefduf","NA"
"CACCGCGGCCATACGAGTGTTAGCCCAAGTGGACGGTCAACGGCGTAAAGGGTGGTTAGGGAATATTAATACTAAAGCCGAACACCTTCCAAGCTGTTATACGCTTATGAAGAACTGAAGCACAACTACGAAAGTGGCTTTAAAACACCTGAACCCACGAAAGCTAAGAAA","Eukaryota","Chordata","Actinopteri","Carangiformes","Coryphaenidae","Coryphaena","Coryphaena hippurus"
"CACCGCGGTTAGACGAATGACCCAAGTTGACAGAATACGGCGTAAAGGGTGGTTAGGGAATATTAATACTAAAGCCGAACACCTTCCAAGCTGTTATACGCTTATGAAGAACTGAAGCACAACTACGAAAGTGGCTTTAAAACACCTGAACCCACGAAAGCGTGGGTAG","Eukaryota","Chordata","Actinopteri","Carangiformes","Coryphaenidae","Coryphaena","Coryphaena hippurus"
"CACCGCGGTTATACGAGAGGCCCAAGTTGATAGACTCCGGCGTAAAGAGTGGTTAAGGAACTTATTAAACTAAAGCCGAACGTTTTCACTGCTGTTTAACGCATCCGAAAATAAGAAGCTCCACCACGAAAGTGGCTTTAACCCACCTGACCCCACGAAAACTGTGAAA","Eukaryota","Chordata","Actinopteri",NA,NA,NA,NA
"AGCCGCGGTAATACGGAGGGTGCAAGCGTTAATCGGAATTACTGGGCGTAAAGCGTGGTTAAGGTAAACTAAAACTAAAGCCGAATACCTTCAGGGCAGTTATACGCATCCGAAGGCACGAAGCCCCACCACGAAAGTGGCTTTATGACCCCTGACCCCACGAAAGCTATGACA","Eukaryota","Chordata","Actinopteri","Scombriformes","Scombridae","Euthynnus","Euthynnus affinis"
"ACCGCGACCATATGATTAACCCGAGCTGACAGAACTCAGCGTAAAGAGTGTTTAATTAAGGTCTACCCTCAATAAAGCTAAACTCCAATTGAGTTGTAAAAAACTACAGCTGAAATAAAATATACTACGAAAGTGGCTTTAATACCCTGAAGACACAATAGCTAAAACC","Eukaryota","Chordata","Mammalia","Primates","Hominidae","Homo","Homo sapiens"
"CACTGTGGCCATACAATGAACCCAAGCTATACAATTAACCCAAGCTAATAGAACTCAGCGTAAAGAGTGTTTAAGATCTGCCCTCAATAAAGCTAAACTCCATTTAAGTTGTAAAAAACTTAGGCTGAAATAAAACATACTACGAATGTGGCTTTAATATCCTGAAGACACGACAGCTAAGATC","Eukaryota","Chordata","Mammalia","Primates",NA,NA,NA
"AGCCGCGGTAAGACGGAGGATGCAAGTGTTATCCGGAATCACTGGGCGTAAAGCGTGGTTAAGGTAAACTAAAACTAAAGCCGAATACCTTCAGGGCAGTTATACGCATCCGAAGGCACGAAGCCCCACCACGAAAGTGGCTTTATGACCCCTGACCCCACGAAAGCTATGACA","Eukaryota","Chordata","Actinopteri","Scombriformes","Scombridae","Euthynnus","Euthynnus affinis"
"TACCGCGGTTATACGAGAGGCCCAAGTTGATAAGCATCGGCGTAAAGAGTGGTTATGGTTAAATAAATACTAAAGCTGAACACTTACAAAGCTGTTATACGCTCCCGAAAATAAGAAGCTCCACCACGAAAGTGGCTTTAAAACACCTGAACCCACGAAAGCTAAGAAA","Eukaryota","Chordata","Actinopteri","Perciformes","Serranidae","Paranthias","Cephalopholis colonus"
"AGCCGCGGTAATACGAGAGACCCAAGTTGTTAGACACCGGCGTAAAGAGTGGTTAGGTTTGAATCTTAAACTAAAGCCGAACATCTTCAAAGCTGTTATACGCACCCGAAGACAAGAAGTTCAATCACGAAAGTGGCTTTACCTCAACTGAACCCACGAAAGCTAGGACA","Eukaryota","Chordata","Actinopteri","Acanthuriformes","Acanthuridae","Prionurus",NA
"AGCCGCGGTAATACGAGAGACCCAAGTTGTTAGACACCGGCGTAAAGAGTGGTTAGGTTTGAATCTTAAACTAAAGCCGAACATCTTCAAAGCTGTTATACGCACCCGAAGACAAGAAGTTCAATCACGAAAGTGGCTTTACCTCAACTGAACCCACGAAAGCTAGGATA","Eukaryota","Chordata","Actinopteri","Acanthuriformes","Acanthuridae","Prionurus",NA
"AGCCGCGGTAAGACGGAGGATGCAAGTGTTATCCGGAATCACTGGGCGTAAAGCGTGGTTAGAGGTAAAGACCAACTAAAGCTAAACCCCATCAAAGCCGTAATACGCACCCGATGATGTGAGACCCAACCACGAAAGTAGCTTTAAATAAACCCGAACCCACGAGAGCCGAGGAA","Eukaryota","Chordata","Actinopteri","Myctophiformes","Myctophidae","Benthosema","Benthosema pterotum"
"CACCGCGGTTATACGAAAGGCCCAAGTTGAAAGACAACGGCGTAAAGAGTGGTTAAGGAGACCCTAAAACTAAAGCCGAACGCCCTCAGAACTGTTATACGTTTCCGAAGGTAAGAAGCCCCACCACGAAAGTGACTTTATTTTCCCCGACTCCACGAAAGCTGCGGAA","Eukaryota","Chordata","Actinopteri","NA","Pomacentridae","Abudefduf",NA
"AGCCGCGGTAAGACGGAGGATGCAAGTGTTATCCGGAATCACTGGGCGTAAAGCGTGGTTAGAGATAAAGACCAACTAAAGCTAAACCCCATCAAAGCCGTAATACGCACCCGATGATGTGAGACCCAACCACGAAAGTAGCTTTAAATAAACCCGAACCCACGAGAGCCGAGGAA","Eukaryota","Chordata","Actinopteri","Myctophiformes","Myctophidae","Benthosema","Benthosema pterotum"
"ATCGTCGGCAGCGTCAGATGTGTATAAGAGACAGGCCGGTAAAACTCGTGCCAGCTGCTTATCAAATTCGCGATCGCCATAGCGGTCATCAAACGCAATCGGATGGCCCGCAAACTGGGATTAGATACCCCACTATGCTGTCTCTTATACACATCTCCGAGCCCA","Eukaryota","Chordata","Actinopteri",NA,NA,NA,NA
"AGCCGCGGTAAGACGGAGGATGCAAGTGTTATCCGGAATCACTGGGCGTAAAGGGTGGTTAGGGATAACTATAAAATAAAGCCGAATATCTTCAACGCTGTTATACGCCCTCGAAGATTCGAAGCCCCATTACGAAAGTAGCTTTACCTTCCCCCGAACCCACGAAAGCCAGGGTA","Eukaryota","Chordata","Actinopteri","Syngnathiformes","Mullidae","Mulloidichthys","NA"
"ATTCGTCGGCAGCGTCAGATGTGTATAAGAGACAGGCCGGTAAAACTCGTGCCAGCCAAACTGGGATTAGATACCCCACTATGCAAACTGGGATTAGATACCCCACTATGCAAACTGGGATTAGATACCCCACTATGCTGTCTCTTATACACATCTCCGAGCCCAC","Eukaryota","Chordata","Actinopteri",NA,NA,NA,NA
"CACCATGATCATACGATTAACCCAAACTAATAAAATCTGGTGAAAAGCGTGTTTAAGGTAAACCTACAGTAAAGCTAAACTCCGTCTAAGCTGTAAAAAGCTTCAACTGAAGTAAAAATAAACTACAAAAGTGACTTTAACACCCTGAAAACACGATAGCTAAGACT","Eukaryota","Chordata","Mammalia",NA,NA,NA,NA
"CACCGCGGTTATACGAGAGGCTCAAGTTGACAGACAACGGCGTAAAGAGTGGTTAAGGAACTTATTAAACTAAAGCCGAACGCCCTCAGAACTGTTATACGTTTCCGAAGGTAAGAAGATCGACTACGAAAGTGACTTTACACTACTGAACCCACGAAAGCTAGGTCA","Eukaryota","Chordata","Actinopteri","NA","Pomacentridae","Abudefduf",NA
